batch_tag	card_index	slug	scope	field	before_value	after_value	changed	integrity_result
reread:batch10	1	china-human-rights-cases-supplement-2026	non-target	slug	china-human-rights-cases-supplement-2026	china-human-rights-cases-supplement-2026	NO	PASS_UNCHANGED
reread:batch10	1	china-human-rights-cases-supplement-2026	non-target	title_zh	中國人權案件補充檔案（2026）：人物與類別索引	中國人權案件補充檔案（2026）：人物與類別索引	NO	PASS_UNCHANGED
reread:batch10	1	china-human-rights-cases-supplement-2026	non-target	title_en	Supplementary Archives of Human Rights Cases in China (2026): Person and Category Index	Supplementary Archives of Human Rights Cases in China (2026): Person and Category Index	NO	PASS_UNCHANGED
reread:batch10	1	china-human-rights-cases-supplement-2026	non-target	title_ja	中国人権訴訟補足アーカイブ (2026): 人物およびカテゴリー索引	中国人権訴訟補足アーカイブ (2026): 人物およびカテゴリー索引	NO	PASS_UNCHANGED
reread:batch10	1	china-human-rights-cases-supplement-2026	non-target	title_ko	중국 인권 사례 보충 기록 보관소(2026): 인물 및 범주 지수	중국 인권 사례 보충 기록 보관소(2026): 인물 및 범주 지수	NO	PASS_UNCHANGED
reread:batch10	1	china-human-rights-cases-supplement-2026	non-target	title_es	Archivos complementarios de casos de derechos humanos en China (2026): índice de personas y categorías	Archivos complementarios de casos de derechos humanos en China (2026): índice de personas y categorías	NO	PASS_UNCHANGED
reread:batch10	1	china-human-rights-cases-supplement-2026	non-target	title_de	Ergänzende Archive zu Menschenrechtsfällen in China (2026): Personen- und Kategorienindex	Ergänzende Archive zu Menschenrechtsfällen in China (2026): Personen- und Kategorienindex	NO	PASS_UNCHANGED
reread:batch10	1	china-human-rights-cases-supplement-2026	non-target	title_fr	Archives supplémentaires des affaires relatives aux droits de l'homme en Chine (2026) : index des personnes et des catégories	Archives supplémentaires des affaires relatives aux droits de l'homme en Chine (2026) : index des personnes et des catégories	NO	PASS_UNCHANGED
reread:batch10	1	china-human-rights-cases-supplement-2026	non-target	title_no	Supplerende arkiv over menneskerettighetssaker i Kina (2026): person- og kategoriindeks	Supplerende arkiv over menneskerettighetssaker i Kina (2026): person- og kategoriindeks	NO	PASS_UNCHANGED
reread:batch10	1	china-human-rights-cases-supplement-2026	non-target	title_nl	Aanvullende archieven van mensenrechtenzaken in China (2026): persoons- en categorie-index	Aanvullende archieven van mensenrechtenzaken in China (2026): persoons- en categorie-index	NO	PASS_UNCHANGED
reread:batch10	1	china-human-rights-cases-supplement-2026	non-target	title_it	Archivi supplementari di casi relativi ai diritti umani in Cina (2026): indice delle persone e delle categorie	Archivi supplementari di casi relativi ai diritti umani in Cina (2026): indice delle persone e delle categorie	NO	PASS_UNCHANGED
reread:batch10	1	china-human-rights-cases-supplement-2026	non-target	excerpt_zh	本補充檔案按人物與案件類別整理截至2026年可公開查閱的材料；它不把律師、街頭抗議者、記錄者、宗教與少數群體或海外人士壓縮成同一種風險。	本補充檔案按人物與案件類別整理截至2026年可公開查閱的材料；它不把律師、街頭抗議者、記錄者、宗教與少數群體或海外人士壓縮成同一種風險。	NO	PASS_UNCHANGED
reread:batch10	1	china-human-rights-cases-supplement-2026	non-target	excerpt_en	This supplement organizes publicly available material through 2026 by person and case category; it does not collapse lawyers, street protesters, documentaries, religious and minority groups, or people from abroad into the same risk.	This supplement organizes publicly available material through 2026 by person and case category; it does not collapse lawyers, street protesters, documentaries, religious and minority groups, or people from abroad into the same risk.	NO	PASS_UNCHANGED
reread:batch10	1	china-human-rights-cases-supplement-2026	non-target	excerpt_ja	この補足では、2026 年までに公開された資料を人物および事件のカテゴリーごとに整理します。弁護士、街頭デモ参加者、ドキュメンタリー、宗教団体や少数派グループ、あるいは海外からの人々を同じ危険に陥らせることはありません。	この補足では、2026 年までに公開された資料を人物および事件のカテゴリーごとに整理します。弁護士、街頭デモ参加者、ドキュメンタリー、宗教団体や少数派グループ、あるいは海外からの人々を同じ危険に陥らせることはありません。	NO	PASS_UNCHANGED
reread:batch10	1	china-human-rights-cases-supplement-2026	non-target	excerpt_ko	이 보충 자료는 2026년까지 공개적으로 이용 가능한 자료를 개인 및 사례 범주별로 정리합니다. 변호사, 거리 시위자, 다큐멘터리, 종교 및 소수 집단, 해외 사람들을 동일한 위험에 빠뜨리지 않습니다.	이 보충 자료는 2026년까지 공개적으로 이용 가능한 자료를 개인 및 사례 범주별로 정리합니다. 변호사, 거리 시위자, 다큐멘터리, 종교 및 소수 집단, 해외 사람들을 동일한 위험에 빠뜨리지 않습니다.	NO	PASS_UNCHANGED
reread:batch10	1	china-human-rights-cases-supplement-2026	non-target	excerpt_es	Este suplemento organiza el material disponible públicamente hasta 2026 por persona y categoría de caso; no sume en el mismo riesgo a abogados, manifestantes callejeros, documentalistas, grupos religiosos y minoritarios, o personas del extranjero.	Este suplemento organiza el material disponible públicamente hasta 2026 por persona y categoría de caso; no sume en el mismo riesgo a abogados, manifestantes callejeros, documentalistas, grupos religiosos y minoritarios, o personas del extranjero.	NO	PASS_UNCHANGED
reread:batch10	1	china-human-rights-cases-supplement-2026	non-target	excerpt_de	Diese Ergänzung organisiert öffentlich zugängliches Material bis 2026 nach Personen- und Fallkategorie; Anwälte, Straßenprotestierende, Dokumentarfilmer, Religions- und Minderheitengruppen oder Menschen aus dem Ausland werden nicht dem gleichen Risiko ausgesetzt.	Diese Ergänzung organisiert öffentlich zugängliches Material bis 2026 nach Personen- und Fallkategorie; Anwälte, Straßenprotestierende, Dokumentarfilmer, Religions- und Minderheitengruppen oder Menschen aus dem Ausland werden nicht dem gleichen Risiko ausgesetzt.	NO	PASS_UNCHANGED
reread:batch10	1	china-human-rights-cases-supplement-2026	non-target	excerpt_fr	Ce supplément organise le matériel accessible au public jusqu’en 2026 par personne et catégorie de cas ; cela ne fait pas courir le même risque aux avocats, aux manifestants de rue, aux documentaires, aux groupes religieux et minoritaires ou aux personnes venues de l’étranger.	Ce supplément organise le matériel accessible au public jusqu’en 2026 par personne et catégorie de cas ; cela ne fait pas courir le même risque aux avocats, aux manifestants de rue, aux documentaires, aux groupes religieux et minoritaires ou aux personnes venues de l’étranger.	NO	PASS_UNCHANGED
reread:batch10	1	china-human-rights-cases-supplement-2026	non-target	excerpt_no	Dette tillegget organiserer offentlig tilgjengelig materiale gjennom 2026 etter person og sakskategori; den kollapser ikke advokater, gatedemonstranter, dokumentarer, religiøse og minoritetsgrupper eller folk fra utlandet i samme risiko.	Dette tillegget organiserer offentlig tilgjengelig materiale gjennom 2026 etter person og sakskategori; den kollapser ikke advokater, gatedemonstranter, dokumentarer, religiøse og minoritetsgrupper eller folk fra utlandet i samme risiko.	NO	PASS_UNCHANGED
reread:batch10	1	china-human-rights-cases-supplement-2026	non-target	excerpt_nl	In dit supplement wordt het openbaar beschikbare materiaal tot en met 2026 geordend per persoon en casuscategorie; het zorgt er niet voor dat advocaten, straatdemonstranten, documentaires, religieuze groepen en minderheidsgroepen, of mensen uit het buitenland in hetzelfde risico terechtkomen.	In dit supplement wordt het openbaar beschikbare materiaal tot en met 2026 geordend per persoon en casuscategorie; het zorgt er niet voor dat advocaten, straatdemonstranten, documentaires, religieuze groepen en minderheidsgroepen, of mensen uit het buitenland in hetzelfde risico terechtkomen.	NO	PASS_UNCHANGED
reread:batch10	1	china-human-rights-cases-supplement-2026	non-target	excerpt_it	Questo supplemento organizza il materiale disponibile al pubblico fino al 2026 per persona e categoria di caso; non fa precipitare nello stesso rischio avvocati, manifestanti di strada, documentaristi, gruppi religiosi e minoritari o persone provenienti dall’estero.	Questo supplemento organizza il materiale disponibile al pubblico fino al 2026 per persona e categoria di caso; non fa precipitare nello stesso rischio avvocati, manifestanti di strada, documentaristi, gruppi religiosi e minoritari o persone provenienti dall’estero.	NO	PASS_UNCHANGED
reread:batch10	1	china-human-rights-cases-supplement-2026	non-target	date	2026-07-02	2026-07-02	NO	PASS_UNCHANGED
reread:batch10	1	china-human-rights-cases-supplement-2026	non-target	url	posts/china-human-rights-cases-supplement-2026.html	posts/china-human-rights-cases-supplement-2026.html	NO	PASS_UNCHANGED
reread:batch10	2	2026-report	non-target	slug	2026-report	2026-report	NO	PASS_UNCHANGED
reread:batch10	2	2026-report	non-target	title_zh	2025–2026中國人權狀況更新：壓制常態化與跨境延伸	2025–2026中國人權狀況更新：壓制常態化與跨境延伸	NO	PASS_UNCHANGED
reread:batch10	2	2026-report	non-target	title_en	2025–2026 China Human Rights Update: Normalized Repression and Overseas Reach	2025–2026 China Human Rights Update: Normalized Repression and Overseas Reach	NO	PASS_UNCHANGED
reread:batch10	2	2026-report	non-target	title_ja	2025–2026年中国人権更新：常態化する抑圧と海外への拡大	2025–2026年中国人権更新：常態化する抑圧と海外への拡大	NO	PASS_UNCHANGED
reread:batch10	2	2026-report	non-target	title_ko	2025–2026 중국 인권 업데이트: 일상화된 탄압과 해외 확장	2025–2026 중국 인권 업데이트: 일상화된 탄압과 해외 확장	NO	PASS_UNCHANGED
reread:batch10	2	2026-report	non-target	title_es	Actualización 2025–2026 sobre derechos humanos en China	Actualización 2025–2026 sobre derechos humanos en China	NO	PASS_UNCHANGED
reread:batch10	2	2026-report	non-target	title_de	China-Menschenrechtsupdate 2025–2026	China-Menschenrechtsupdate 2025–2026	NO	PASS_UNCHANGED
reread:batch10	2	2026-report	non-target	title_fr	Mise à jour 2025–2026 sur les droits humains en Chine	Mise à jour 2025–2026 sur les droits humains en Chine	NO	PASS_UNCHANGED
reread:batch10	2	2026-report	non-target	title_no	Menneskerettighetsoppdatering om Kina 2025–2026	Menneskerettighetsoppdatering om Kina 2025–2026	NO	PASS_UNCHANGED
reread:batch10	2	2026-report	non-target	title_nl	Mensenrechtenupdate China 2025–2026	Mensenrechtenupdate China 2025–2026	NO	PASS_UNCHANGED
reread:batch10	2	2026-report	non-target	title_it	Aggiornamento 2025–2026 sui diritti umani in Cina	Aggiornamento 2025–2026 sui diritti umani in Cina	NO	PASS_UNCHANGED
reread:batch10	2	2026-report	non-target	excerpt_zh	2025年可見異議增至5,343宗，中國仍以警務、國安、網信與法院體系回應勞工、新聞、族群及香港訴求；刪帖、拘押與跨境家庭壓力使原始傷害延伸為缺乏獨立救濟的第二重風險。	2025年可見異議增至5,343宗，中國仍以警務、國安、網信與法院體系回應勞工、新聞、族群及香港訴求；刪帖、拘押與跨境家庭壓力使原始傷害延伸為缺乏獨立救濟的第二重風險。	NO	PASS_UNCHANGED
reread:batch10	2	2026-report	non-target	excerpt_en	Visible dissent rose to 5,343 events in 2025 as police, security, cyberspace, and court systems answered labor, media, ethnic, and Hong Kong claims; deletion, detention, and pressure on overseas families turned initial harms into a second risk without independent remedy.	Visible dissent rose to 5,343 events in 2025 as police, security, cyberspace, and court systems answered labor, media, ethnic, and Hong Kong claims; deletion, detention, and pressure on overseas families turned initial harms into a second risk without independent remedy.	NO	PASS_UNCHANGED
reread:batch10	2	2026-report	non-target	excerpt_ja	2025年の可視化された異議は5,343件に増え、警察・国安・ネット規制・裁判制度が労働、報道、民族、香港の訴えに対応した。削除、拘禁、海外家族への圧力は、独立した救済のない第二の被害を生んだ。	2025年の可視化された異議は5,343件に増え、警察・国安・ネット規制・裁判制度が労働、報道、民族、香港の訴えに対応した。削除、拘禁、海外家族への圧力は、独立した救済のない第二の被害を生んだ。	NO	PASS_UNCHANGED
reread:batch10	2	2026-report	non-target	excerpt_ko	2025년 가시적 이견은 5,343건으로 늘었고 경찰·국가안보·인터넷 규제·법원이 노동·언론·민족·홍콩의 요구에 대응했다. 삭제, 구금과 해외 가족 압력은 독립 구제 없는 제2의 피해를 만들었다.	2025년 가시적 이견은 5,343건으로 늘었고 경찰·국가안보·인터넷 규제·법원이 노동·언론·민족·홍콩의 요구에 대응했다. 삭제, 구금과 해외 가족 압력은 독립 구제 없는 제2의 피해를 만들었다.	NO	PASS_UNCHANGED
reread:batch10	2	2026-report	non-target	excerpt_es	El disenso visible subió a 5.343 hechos en 2025 mientras policía, seguridad, regulación digital y tribunales respondían a reclamos laborales, periodísticos, étnicos y de Hong Kong; borrado, detención y presión familiar transnacional añadieron un segundo daño sin recurso independiente.	El disenso visible subió a 5.343 hechos en 2025 mientras policía, seguridad, regulación digital y tribunales respondían a reclamos laborales, periodísticos, étnicos y de Hong Kong; borrado, detención y presión familiar transnacional añadieron un segundo daño sin recurso independiente.	NO	PASS_UNCHANGED
reread:batch10	2	2026-report	non-target	excerpt_de	2025 stieg sichtbarer Dissens auf 5.343 Ereignisse, während Polizei, Sicherheits-, Netz- und Justizsystem auf Arbeits-, Medien-, Minderheiten- und Hongkong-Forderungen reagierten; Löschung, Haft und Druck auf Auslandsfamilien schufen einen zweiten Schaden ohne unabhängige Abhilfe.	2025 stieg sichtbarer Dissens auf 5.343 Ereignisse, während Polizei, Sicherheits-, Netz- und Justizsystem auf Arbeits-, Medien-, Minderheiten- und Hongkong-Forderungen reagierten; Löschung, Haft und Druck auf Auslandsfamilien schufen einen zweiten Schaden ohne unabhängige Abhilfe.	NO	PASS_UNCHANGED
reread:batch10	2	2026-report	non-target	excerpt_fr	La dissidence visible a atteint 5 343 événements en 2025 tandis que police, sécurité, régulation numérique et tribunaux répondaient aux revendications sociales, médiatiques, ethniques et hongkongaises ; suppressions, détentions et pression familiale transnationale ont ajouté un second préjudice sans recours indépendant.	La dissidence visible a atteint 5 343 événements en 2025 tandis que police, sécurité, régulation numérique et tribunaux répondaient aux revendications sociales, médiatiques, ethniques et hongkongaises ; suppressions, détentions et pression familiale transnationale ont ajouté un second préjudice sans recours indépendant.	NO	PASS_UNCHANGED
reread:batch10	2	2026-report	non-target	excerpt_no	Synlig dissens steg til 5 343 hendelser i 2025 mens politi, sikkerhets-, nett- og domstolssystem svarte på krav om arbeid, medier, minoriteter og Hongkong; sletting, fengsling og press mot familier i utlandet skapte en ny skade uten uavhengig rettsmiddel.	Synlig dissens steg til 5 343 hendelser i 2025 mens politi, sikkerhets-, nett- og domstolssystem svarte på krav om arbeid, medier, minoriteter og Hongkong; sletting, fengsling og press mot familier i utlandet skapte en ny skade uten uavhengig rettsmiddel.	NO	PASS_UNCHANGED
reread:batch10	2	2026-report	non-target	excerpt_nl	Zichtbaar protest steeg in 2025 tot 5.343 gebeurtenissen terwijl politie, veiligheids-, internet- en rechtssystemen reageerden op arbeid, media, minderheden en Hongkong; verwijdering, detentie en druk op families in het buitenland veroorzaakten aanvullende schade zonder onafhankelijk rechtsmiddel.	Zichtbaar protest steeg in 2025 tot 5.343 gebeurtenissen terwijl politie, veiligheids-, internet- en rechtssystemen reageerden op arbeid, media, minderheden en Hongkong; verwijdering, detentie en druk op families in het buitenland veroorzaakten aanvullende schade zonder onafhankelijk rechtsmiddel.	NO	PASS_UNCHANGED
reread:batch10	2	2026-report	non-target	excerpt_it	Il dissenso visibile è salito a 5.343 eventi nel 2025, mentre polizia, sicurezza, regolazione digitale e tribunali rispondevano a rivendicazioni su lavoro, media, minoranze e Hong Kong; rimozioni, detenzione e pressioni sulle famiglie all’estero hanno aggiunto un secondo danno senza rimedio indipendente.	Il dissenso visibile è salito a 5.343 eventi nel 2025, mentre polizia, sicurezza, regolazione digitale e tribunali rispondevano a rivendicazioni su lavoro, media, minoranze e Hong Kong; rimozioni, detenzione e pressioni sulle famiglie all’estero hanno aggiunto un secondo danno senza rimedio indipendente.	NO	PASS_UNCHANGED
reread:batch10	2	2026-report	non-target	date	2026-07-14	2026-07-14	NO	PASS_UNCHANGED
reread:batch10	2	2026-report	non-target	url	posts/2026-report.html	posts/2026-report.html	NO	PASS_UNCHANGED
reread:batch10	3	china-dissent-monitor-2025	non-target	slug	china-dissent-monitor-2025	china-dissent-monitor-2025	NO	PASS_UNCHANGED
reread:batch10	3	china-dissent-monitor-2025	non-target	title_zh	2025中國社會抗議觀察：工人、業主與農村居民	2025中國社會抗議觀察：工人、業主與農村居民	NO	PASS_UNCHANGED
reread:batch10	3	china-dissent-monitor-2025	non-target	title_en	China Dissent in 2025: Workers, Homeowners, and Rural Residents	China Dissent in 2025: Workers, Homeowners, and Rural Residents	NO	PASS_UNCHANGED
reread:batch10	3	china-dissent-monitor-2025	non-target	title_ja	2025年中国の抗議：労働者、住宅所有者、農村住民	2025年中国の抗議：労働者、住宅所有者、農村住民	NO	PASS_UNCHANGED
reread:batch10	3	china-dissent-monitor-2025	non-target	title_ko	2025년 중국의 항의: 노동자, 주택 소유자, 농촌 주민	2025년 중국의 항의: 노동자, 주택 소유자, 농촌 주민	NO	PASS_UNCHANGED
reread:batch10	3	china-dissent-monitor-2025	non-target	title_es	Disenso en China en 2025: trabajadores, propietarios y residentes rurales	Disenso en China en 2025: trabajadores, propietarios y residentes rurales	NO	PASS_UNCHANGED
reread:batch10	3	china-dissent-monitor-2025	non-target	title_de	Widerspruch in China 2025: Arbeiter, Wohnungseigentümer und Landbewohner	Widerspruch in China 2025: Arbeiter, Wohnungseigentümer und Landbewohner	NO	PASS_UNCHANGED
reread:batch10	3	china-dissent-monitor-2025	non-target	title_fr	Dissidence en Chine en 2025 : travailleurs, propriétaires et ruraux	Dissidence en Chine en 2025 : travailleurs, propriétaires et ruraux	NO	PASS_UNCHANGED
reread:batch10	3	china-dissent-monitor-2025	non-target	title_no	Protester i Kina 2025: arbeidere, boligeiere og bygdefolk	Protester i Kina 2025: arbeidere, boligeiere og bygdefolk	NO	PASS_UNCHANGED
reread:batch10	3	china-dissent-monitor-2025	non-target	title_nl	Protest in China 2025: arbeiders, huiseigenaren en plattelandsbewoners	Protest in China 2025: arbeiders, huiseigenaren en plattelandsbewoners	NO	PASS_UNCHANGED
reread:batch10	3	china-dissent-monitor-2025	non-target	title_it	Dissenso in Cina nel 2025: lavoratori, proprietari e residenti rurali	Dissenso in Cina nel 2025: lavoratori, proprietari e residenti rurali	NO	PASS_UNCHANGED
reread:batch10	3	china-dissent-monitor-2025	non-target	excerpt_zh	監測記錄2025年5,343宗可見異議及2,970則抖音抗議帖文中約三分之二被刪；欠薪、住房與土地受害者面對地方警務和平臺控制，原始申訴因缺乏公開去向、調查與救濟而再受傷害。	監測記錄2025年5,343宗可見異議及2,970則抖音抗議帖文中約三分之二被刪；欠薪、住房與土地受害者面對地方警務和平臺控制，原始申訴因缺乏公開去向、調查與救濟而再受傷害。	NO	PASS_UNCHANGED
reread:batch10	3	china-dissent-monitor-2025	non-target	excerpt_en	The monitor logged 5,343 visible dissent events in 2025 and found about two thirds of a 2,970-post Douyin sample deleted; people harmed over wages, housing, and land then faced local policing and platform control without public outcomes, investigation, or remedy.	The monitor logged 5,343 visible dissent events in 2025 and found about two thirds of a 2,970-post Douyin sample deleted; people harmed over wages, housing, and land then faced local policing and platform control without public outcomes, investigation, or remedy.	NO	PASS_UNCHANGED
reread:batch10	3	china-dissent-monitor-2025	non-target	excerpt_ja	China Dissent Monitorは2025年に5,343件の可視化された異議を記録し、抖音2,970投稿の標本の約3分の2が削除されたと報告した。賃金、住宅、土地をめぐる被害者は地方警務とプラットフォーム統制に直面し、処分の行方、調査、救済は公開されていない。	China Dissent Monitorは2025年に5,343件の可視化された異議を記録し、抖音2,970投稿の標本の約3分の2が削除されたと報告した。賃金、住宅、土地をめぐる被害者は地方警務とプラットフォーム統制に直面し、処分の行方、調査、救済は公開されていない。	NO	PASS_UNCHANGED
reread:batch10	3	china-dissent-monitor-2025	non-target	excerpt_ko	China Dissent Monitor는 2025년 가시적 이견 5,343건을 기록했고 더우인 게시물 2,970개 표본 중 약 3분의 2가 삭제됐다고 밝혔다. 임금·주택·토지 피해자는 지방 경찰과 플랫폼 통제에 직면했지만 조치 결과, 조사와 구제는 공개되지 않았다.	China Dissent Monitor는 2025년 가시적 이견 5,343건을 기록했고 더우인 게시물 2,970개 표본 중 약 3분의 2가 삭제됐다고 밝혔다. 임금·주택·토지 피해자는 지방 경찰과 플랫폼 통제에 직면했지만 조치 결과, 조사와 구제는 공개되지 않았다.	NO	PASS_UNCHANGED
reread:batch10	3	china-dissent-monitor-2025	non-target	excerpt_es	El monitor registró 5.343 protestas visibles en 2025 y la eliminación de cerca de dos tercios de 2.970 publicaciones de Douyin; personas afectadas por salarios, vivienda y tierra afrontaron policía local y control de plataformas sin resultados, investigación ni reparación públicos.	El monitor registró 5.343 protestas visibles en 2025 y la eliminación de cerca de dos tercios de 2.970 publicaciones de Douyin; personas afectadas por salarios, vivienda y tierra afrontaron policía local y control de plataformas sin resultados, investigación ni reparación públicos.	NO	PASS_UNCHANGED
reread:batch10	3	china-dissent-monitor-2025	non-target	excerpt_de	Der Monitor erfasste 2025 5.343 sichtbare Protestereignisse und die Löschung von rund zwei Dritteln aus 2.970 Douyin-Beiträgen; Betroffene von Lohn-, Wohnungs- und Landkonflikten trafen auf lokale Polizei und Plattformkontrolle ohne öffentliche Ergebnisse, Untersuchung oder Abhilfe.	Der Monitor erfasste 2025 5.343 sichtbare Protestereignisse und die Löschung von rund zwei Dritteln aus 2.970 Douyin-Beiträgen; Betroffene von Lohn-, Wohnungs- und Landkonflikten trafen auf lokale Polizei und Plattformkontrolle ohne öffentliche Ergebnisse, Untersuchung oder Abhilfe.	NO	PASS_UNCHANGED
reread:batch10	3	china-dissent-monitor-2025	non-target	excerpt_fr	Le suivi a recensé 5 343 actes visibles de dissidence en 2025 et la suppression d’environ deux tiers de 2 970 publications Douyin ; les victimes de litiges salariaux, immobiliers et fonciers ont affronté police locale et contrôle numérique sans résultat, enquête ni réparation publics.	Le suivi a recensé 5 343 actes visibles de dissidence en 2025 et la suppression d’environ deux tiers de 2 970 publications Douyin ; les victimes de litiges salariaux, immobiliers et fonciers ont affronté police locale et contrôle numérique sans résultat, enquête ni réparation publics.	NO	PASS_UNCHANGED
reread:batch10	3	china-dissent-monitor-2025	non-target	excerpt_no	Monitoren registrerte 5 343 synlige protesthendelser i 2025 og sletting av rundt to tredeler av 2 970 Douyin-innlegg; mennesker rammet av lønns-, bolig- og jordtvister møtte lokalt politi og plattformkontroll uten offentlige resultater, etterforskning eller oppreisning.	Monitoren registrerte 5 343 synlige protesthendelser i 2025 og sletting av rundt to tredeler av 2 970 Douyin-innlegg; mennesker rammet av lønns-, bolig- og jordtvister møtte lokalt politi og plattformkontroll uten offentlige resultater, etterforskning eller oppreisning.	NO	PASS_UNCHANGED
reread:batch10	3	china-dissent-monitor-2025	non-target	excerpt_nl	De monitor registreerde in 2025 5.343 zichtbare protestgebeurtenissen en verwijdering van circa twee derde van 2.970 Douyin-berichten; slachtoffers van loon-, woning- en landconflicten kregen lokale politie en platformcontrole zonder openbare uitkomst, onderzoek of herstel.	De monitor registreerde in 2025 5.343 zichtbare protestgebeurtenissen en verwijdering van circa twee derde van 2.970 Douyin-berichten; slachtoffers van loon-, woning- en landconflicten kregen lokale politie en platformcontrole zonder openbare uitkomst, onderzoek of herstel.	NO	PASS_UNCHANGED
reread:batch10	3	china-dissent-monitor-2025	non-target	excerpt_it	Il monitor ha registrato 5.343 episodi visibili di dissenso nel 2025 e la rimozione di circa due terzi di 2.970 post Douyin; persone colpite da vertenze salariali, abitative e fondiarie hanno incontrato polizia locale e controllo delle piattaforme senza esiti, indagini o rimedi pubblici.	Il monitor ha registrato 5.343 episodi visibili di dissenso nel 2025 e la rimozione di circa due terzi di 2.970 post Douyin; persone colpite da vertenze salariali, abitative e fondiarie hanno incontrato polizia locale e controllo delle piattaforme senza esiti, indagini o rimedi pubblici.	NO	PASS_UNCHANGED
reread:batch10	3	china-dissent-monitor-2025	non-target	date	2026-07-14	2026-07-14	NO	PASS_UNCHANGED
reread:batch10	3	china-dissent-monitor-2025	non-target	url	posts/china-dissent-monitor-2025.html	posts/china-dissent-monitor-2025.html	NO	PASS_UNCHANGED
reread:batch10	4	press-freedom-2026	non-target	slug	press-freedom-2026	press-freedom-2026	NO	PASS_UNCHANGED
reread:batch10	4	press-freedom-2026	non-target	title_zh	新聞自由專題：中國與香港的記者、媒體與資訊封鎖	新聞自由專題：中國與香港的記者、媒體與資訊封鎖	NO	PASS_UNCHANGED
reread:batch10	4	press-freedom-2026	non-target	title_en	Press Freedom: Journalists, Media, and Information Control in China and Hong Kong	Press Freedom: Journalists, Media, and Information Control in China and Hong Kong	NO	PASS_UNCHANGED
reread:batch10	4	press-freedom-2026	non-target	title_ja	報道の自由：中国・香港の記者、メディア、情報統制	報道の自由：中国・香港の記者、メディア、情報統制	NO	PASS_UNCHANGED
reread:batch10	4	press-freedom-2026	non-target	title_ko	언론 자유: 중국과 홍콩의 기자, 미디어, 정보 통제	언론 자유: 중국과 홍콩의 기자, 미디어, 정보 통제	NO	PASS_UNCHANGED
reread:batch10	4	press-freedom-2026	non-target	title_es	Libertad de prensa en China y Hong Kong	Libertad de prensa en China y Hong Kong	NO	PASS_UNCHANGED
reread:batch10	4	press-freedom-2026	non-target	title_de	Pressefreiheit in China und Hongkong	Pressefreiheit in China und Hongkong	NO	PASS_UNCHANGED
reread:batch10	4	press-freedom-2026	non-target	title_fr	Liberté de la presse en Chine et à Hong Kong	Liberté de la presse en Chine et à Hong Kong	NO	PASS_UNCHANGED
reread:batch10	4	press-freedom-2026	non-target	title_no	Pressefrihet i Kina og Hongkong	Pressefrihet i Kina og Hongkong	NO	PASS_UNCHANGED
reread:batch10	4	press-freedom-2026	non-target	title_nl	Persvrijheid in China en Hongkong	Persvrijheid in China en Hongkong	NO	PASS_UNCHANGED
reread:batch10	4	press-freedom-2026	non-target	title_it	Libertà di stampa in Cina e Hong Kong	Libertà di stampa in Cina e Hong Kong	NO	PASS_UNCHANGED
reread:batch10	4	press-freedom-2026	non-target	excerpt_zh	整理RSF與CPJ對中國新聞自由、記者拘押與香港媒體環境的最新公開數據。	整理RSF與CPJ對中國新聞自由、記者拘押與香港媒體環境的最新公開數據。	NO	PASS_UNCHANGED
reread:batch10	4	press-freedom-2026	non-target	excerpt_en	A summary of RSF and CPJ data on press freedom, journalist imprisonment, and Hong Kong’s media environment.	A summary of RSF and CPJ data on press freedom, journalist imprisonment, and Hong Kong’s media environment.	NO	PASS_UNCHANGED
reread:batch10	4	press-freedom-2026	non-target	excerpt_ja	RSFとCPJの公開データに基づく報道の自由の要約。	RSFとCPJの公開データに基づく報道の自由の要約。	NO	PASS_UNCHANGED
reread:batch10	4	press-freedom-2026	non-target	excerpt_ko	RSF와 CPJ 자료에 기반한 언론 자유 요약.	RSF와 CPJ 자료에 기반한 언론 자유 요약.	NO	PASS_UNCHANGED
reread:batch10	4	press-freedom-2026	non-target	excerpt_es	Resumen basado en datos de RSF y CPJ.	Resumen basado en datos de RSF y CPJ.	NO	PASS_UNCHANGED
reread:batch10	4	press-freedom-2026	non-target	excerpt_de	Zusammenfassung auf Basis von RSF- und CPJ-Daten.	Zusammenfassung auf Basis von RSF- und CPJ-Daten.	NO	PASS_UNCHANGED
reread:batch10	4	press-freedom-2026	non-target	excerpt_fr	Synthèse basée sur les données de RSF et CPJ.	Synthèse basée sur les données de RSF et CPJ.	NO	PASS_UNCHANGED
reread:batch10	4	press-freedom-2026	non-target	excerpt_no	Sammendrag basert på RSF- og CPJ-data.	Sammendrag basert på RSF- og CPJ-data.	NO	PASS_UNCHANGED
reread:batch10	4	press-freedom-2026	non-target	excerpt_nl	Samenvatting op basis van RSF- en CPJ-data.	Samenvatting op basis van RSF- en CPJ-data.	NO	PASS_UNCHANGED
reread:batch10	4	press-freedom-2026	non-target	excerpt_it	Sintesi basata su dati RSF e CPJ.	Sintesi basata su dati RSF e CPJ.	NO	PASS_UNCHANGED
reread:batch10	4	press-freedom-2026	non-target	date	2026-07-02	2026-07-02	NO	PASS_UNCHANGED
reread:batch10	4	press-freedom-2026	non-target	url	posts/press-freedom-2026.html	posts/press-freedom-2026.html	NO	PASS_UNCHANGED
reread:batch10	5	hong-kong-update-2026	non-target	slug	hong-kong-update-2026	hong-kong-update-2026	NO	PASS_UNCHANGED
reread:batch10	5	hong-kong-update-2026	non-target	title_zh	香港2025–2026更新：國安體制、新聞審判與公民社會瓦解	香港2025–2026更新：國安體制、新聞審判與公民社會瓦解	NO	PASS_UNCHANGED
reread:batch10	5	hong-kong-update-2026	non-target	title_en	Hong Kong 2025–2026 Update: National Security, Media Trials, and the Collapse of Civil Society	Hong Kong 2025–2026 Update: National Security, Media Trials, and the Collapse of Civil Society	NO	PASS_UNCHANGED
reread:batch10	5	hong-kong-update-2026	non-target	title_ja	香港2025–2026：国家安全、メディア裁判、市民社会	香港2025–2026：国家安全、メディア裁判、市民社会	NO	PASS_UNCHANGED
reread:batch10	5	hong-kong-update-2026	non-target	title_ko	홍콩 2025–2026: 국가안보, 언론 재판, 시민사회	홍콩 2025–2026: 국가안보, 언론 재판, 시민사회	NO	PASS_UNCHANGED
reread:batch10	5	hong-kong-update-2026	non-target	title_es	Hong Kong 2025–2026: seguridad nacional, juicios a medios y sociedad civil	Hong Kong 2025–2026: seguridad nacional, juicios a medios y sociedad civil	NO	PASS_UNCHANGED
reread:batch10	5	hong-kong-update-2026	non-target	title_de	Hongkong 2025–2026: Nationale Sicherheit, Medienprozesse, Zivilgesellschaft	Hongkong 2025–2026: Nationale Sicherheit, Medienprozesse, Zivilgesellschaft	NO	PASS_UNCHANGED
reread:batch10	5	hong-kong-update-2026	non-target	title_fr	Hong Kong 2025–2026 : sécurité nationale, procès des médias et société civile	Hong Kong 2025–2026 : sécurité nationale, procès des médias et société civile	NO	PASS_UNCHANGED
reread:batch10	5	hong-kong-update-2026	non-target	title_no	Hongkong 2025–2026: nasjonal sikkerhet, mediesaker og sivilsamfunn	Hongkong 2025–2026: nasjonal sikkerhet, mediesaker og sivilsamfunn	NO	PASS_UNCHANGED
reread:batch10	5	hong-kong-update-2026	non-target	title_nl	Hongkong 2025–2026: nationale veiligheid, mediazaken en burgermaatschappij	Hongkong 2025–2026: nationale veiligheid, mediazaken en burgermaatschappij	NO	PASS_UNCHANGED
reread:batch10	5	hong-kong-update-2026	non-target	title_it	Hong Kong 2025–2026: sicurezza nazionale, processi ai media e società civile	Hong Kong 2025–2026: sicurezza nazionale, processi ai media e società civile	NO	PASS_UNCHANGED
reread:batch10	5	hong-kong-update-2026	non-target	excerpt_zh	補充香港國安法第六年、23條後續、政治審判、媒體與結社自由的最新公開資料。	補充香港國安法第六年、23條後續、政治審判、媒體與結社自由的最新公開資料。	NO	PASS_UNCHANGED
reread:batch10	5	hong-kong-update-2026	non-target	excerpt_en	A recent update on Hong Kong six years after the National Security Law, including Article 23, political trials, media freedom, and association rights.	A recent update on Hong Kong six years after the National Security Law, including Article 23, political trials, media freedom, and association rights.	NO	PASS_UNCHANGED
reread:batch10	5	hong-kong-update-2026	non-target	excerpt_ja	国家安全法施行から6年後の香港に関する更新。	国家安全法施行から6年後の香港に関する更新。	NO	PASS_UNCHANGED
reread:batch10	5	hong-kong-update-2026	non-target	excerpt_ko	국가보안법 시행 6년 후 홍콩에 관한 업데이트.	국가보안법 시행 6년 후 홍콩에 관한 업데이트.	NO	PASS_UNCHANGED
reread:batch10	5	hong-kong-update-2026	non-target	excerpt_es	Actualización sobre Hong Kong seis años después de la Ley de Seguridad Nacional.	Actualización sobre Hong Kong seis años después de la Ley de Seguridad Nacional.	NO	PASS_UNCHANGED
reread:batch10	5	hong-kong-update-2026	non-target	excerpt_de	Aktualisierung zu Hongkong sechs Jahre nach dem Sicherheitsgesetz.	Aktualisierung zu Hongkong sechs Jahre nach dem Sicherheitsgesetz.	NO	PASS_UNCHANGED
reread:batch10	5	hong-kong-update-2026	non-target	excerpt_fr	Mise à jour sur Hong Kong six ans après la loi de sécurité nationale.	Mise à jour sur Hong Kong six ans après la loi de sécurité nationale.	NO	PASS_UNCHANGED
reread:batch10	5	hong-kong-update-2026	non-target	excerpt_no	Oppdatering om Hongkong seks år etter sikkerhetsloven.	Oppdatering om Hongkong seks år etter sikkerhetsloven.	NO	PASS_UNCHANGED
reread:batch10	5	hong-kong-update-2026	non-target	excerpt_nl	Update over Hongkong zes jaar na de nationale veiligheidswet.	Update over Hongkong zes jaar na de nationale veiligheidswet.	NO	PASS_UNCHANGED
reread:batch10	5	hong-kong-update-2026	non-target	excerpt_it	Aggiornamento su Hong Kong sei anni dopo la legge sulla sicurezza nazionale.	Aggiornamento su Hong Kong sei anni dopo la legge sulla sicurezza nazionale.	NO	PASS_UNCHANGED
reread:batch10	5	hong-kong-update-2026	non-target	date	2026-07-02	2026-07-02	NO	PASS_UNCHANGED
reread:batch10	5	hong-kong-update-2026	non-target	url	posts/hong-kong-update-2026.html	posts/hong-kong-update-2026.html	NO	PASS_UNCHANGED
reread:batch10	6	transnational-repression-2026	non-target	slug	transnational-repression-2026	transnational-repression-2026	NO	PASS_UNCHANGED
reread:batch10	6	transnational-repression-2026	non-target	title_zh	跨境鎮壓2026：境外發聲、境內家屬與保護風險	跨境鎮壓2026：境外發聲、境內家屬與保護風險	NO	PASS_UNCHANGED
reread:batch10	6	transnational-repression-2026	non-target	title_en	Transnational Repression 2026: Speech Abroad, Family Pressure, and Protection Risk	Transnational Repression 2026: Speech Abroad, Family Pressure, and Protection Risk	NO	PASS_UNCHANGED
reread:batch10	6	transnational-repression-2026	non-target	title_ja	越境弾圧2026：海外での発言、家族への圧力と保護リスク	越境弾圧2026：海外での発言、家族への圧力と保護リスク	NO	PASS_UNCHANGED
reread:batch10	6	transnational-repression-2026	non-target	title_ko	초국적 탄압 2026: 해외 발언, 가족 압박과 보호 위험	초국적 탄압 2026: 해외 발언, 가족 압박과 보호 위험	NO	PASS_UNCHANGED
reread:batch10	6	transnational-repression-2026	non-target	title_es	Represión transnacional 2026: expresión exterior, familia y protección	Represión transnacional 2026: expresión exterior, familia y protección	NO	PASS_UNCHANGED
reread:batch10	6	transnational-repression-2026	non-target	title_de	Transnationale Repression 2026: Stimme im Ausland, Familiendruck und Schutzrisiko	Transnationale Repression 2026: Stimme im Ausland, Familiendruck und Schutzrisiko	NO	PASS_UNCHANGED
reread:batch10	6	transnational-repression-2026	non-target	title_fr	Répression transnationale 2026 : parole à l’étranger, famille et protection	Répression transnationale 2026 : parole à l’étranger, famille et protection	NO	PASS_UNCHANGED
reread:batch10	6	transnational-repression-2026	non-target	title_no	Transnasjonal undertrykkelse 2026: ytringer, familiepress og beskyttelse	Transnasjonal undertrykkelse 2026: ytringer, familiepress og beskyttelse	NO	PASS_UNCHANGED
reread:batch10	6	transnational-repression-2026	non-target	title_nl	Transnationale repressie 2026: spreken, familiedruk en bescherming	Transnationale repressie 2026: spreken, familiedruk en bescherming	NO	PASS_UNCHANGED
reread:batch10	6	transnational-repression-2026	non-target	title_it	Repressione transnazionale 2026: parola, famiglia e protezione	Repressione transnazionale 2026: parola, famiglia e protezione	NO	PASS_UNCHANGED
reread:batch10	6	transnational-repression-2026	non-target	excerpt_zh	記錄境外發聲如何引發境內家屬壓力、數位與法律工具及遣返風險，並分析所在國保護與有效救濟的缺口。	記錄境外發聲如何引發境內家屬壓力、數位與法律工具及遣返風險，並分析所在國保護與有效救濟的缺口。	NO	PASS_UNCHANGED
reread:batch10	6	transnational-repression-2026	non-target	excerpt_en	Analyzes how speech abroad triggers family pressure, digital and legal tools, return risk, and gaps in host-state protection and remedy.	Analyzes how speech abroad triggers family pressure, digital and legal tools, return risk, and gaps in host-state protection and remedy.	NO	PASS_UNCHANGED
reread:batch10	6	transnational-repression-2026	non-target	excerpt_ja	海外での発言が国内家族への圧力、デジタル・法的手段、送還リスクを招く仕組みと、受入国の保護・実効的救済の空白を記録する。	海外での発言が国内家族への圧力、デジタル・法的手段、送還リスクを招く仕組みと、受入国の保護・実効的救済の空白を記録する。	NO	PASS_UNCHANGED
reread:batch10	6	transnational-repression-2026	non-target	excerpt_ko	해외 발언이 중국 내 가족 압박, 디지털·법적 수단과 송환 위험으로 이어지는 방식, 그리고 수용국 보호와 효과적 구제의 공백을 기록한다.	해외 발언이 중국 내 가족 압박, 디지털·법적 수단과 송환 위험으로 이어지는 방식, 그리고 수용국 보호와 효과적 구제의 공백을 기록한다.	NO	PASS_UNCHANGED
reread:batch10	6	transnational-repression-2026	non-target	excerpt_es	Documenta cómo la expresión exterior provoca presión sobre familiares, herramientas digitales y jurídicas y riesgo de retorno, así como brechas de protección y recurso efectivo en el país de acogida.	Documenta cómo la expresión exterior provoca presión sobre familiares, herramientas digitales y jurídicas y riesgo de retorno, así como brechas de protección y recurso efectivo en el país de acogida.	NO	PASS_UNCHANGED
reread:batch10	6	transnational-repression-2026	non-target	excerpt_de	Dokumentiert, wie Äußerungen im Ausland Familiendruck, digitale und rechtliche Mittel sowie Rückkehrrisiken auslösen, und zeigt Lücken bei Schutz und wirksamem Rechtsschutz im Aufnahmestaat.	Dokumentiert, wie Äußerungen im Ausland Familiendruck, digitale und rechtliche Mittel sowie Rückkehrrisiken auslösen, und zeigt Lücken bei Schutz und wirksamem Rechtsschutz im Aufnahmestaat.	NO	PASS_UNCHANGED
reread:batch10	6	transnational-repression-2026	non-target	excerpt_fr	Documente comment la parole à l’étranger entraîne pression sur les proches, outils numériques et juridiques et risque de retour, ainsi que les lacunes de protection et de recours effectif dans le pays d’accueil.	Documente comment la parole à l’étranger entraîne pression sur les proches, outils numériques et juridiques et risque de retour, ainsi que les lacunes de protection et de recours effectif dans le pays d’accueil.	NO	PASS_UNCHANGED
reread:batch10	6	transnational-repression-2026	non-target	excerpt_no	Dokumenterer hvordan ytringer i utlandet utløser press på familie, digitale og juridiske virkemidler og returrisiko, samt hull i vertslandets vern og effektive rettsmidler.	Dokumenterer hvordan ytringer i utlandet utløser press på familie, digitale og juridiske virkemidler og returrisiko, samt hull i vertslandets vern og effektive rettsmidler.	NO	PASS_UNCHANGED
reread:batch10	6	transnational-repression-2026	non-target	excerpt_nl	Documenteert hoe uitingen in het buitenland druk op familie, digitale en juridische middelen en terugkeerrisico veroorzaken, en welke hiaten er zijn in bescherming en doeltreffende rechtsmiddelen in gastlanden.	Documenteert hoe uitingen in het buitenland druk op familie, digitale en juridische middelen en terugkeerrisico veroorzaken, en welke hiaten er zijn in bescherming en doeltreffende rechtsmiddelen in gastlanden.	NO	PASS_UNCHANGED
reread:batch10	6	transnational-repression-2026	non-target	excerpt_it	Documenta come la parola all’estero comporti pressioni sui familiari, strumenti digitali e giuridici e rischio di ritorno, nonché lacune nella protezione e nei rimedi effettivi dei paesi ospitanti.	Documenta come la parola all’estero comporti pressioni sui familiari, strumenti digitali e giuridici e rischio di ritorno, nonché lacune nella protezione e nei rimedi effettivi dei paesi ospitanti.	NO	PASS_UNCHANGED
reread:batch10	6	transnational-repression-2026	non-target	date	2026-07-09	2026-07-09	NO	PASS_UNCHANGED
reread:batch10	6	transnational-repression-2026	non-target	url	posts/transnational-repression-2026.html	posts/transnational-repression-2026.html	NO	PASS_UNCHANGED
reread:batch10	7	xinjiang-tibet-forced-labour-2026	non-target	slug	xinjiang-tibet-forced-labour-2026	xinjiang-tibet-forced-labour-2026	NO	PASS_UNCHANGED
reread:batch10	7	xinjiang-tibet-forced-labour-2026	non-target	title_zh	新疆與西藏2026更新：強迫勞動、寄宿學校與文化同化	新疆與西藏2026更新：強迫勞動、寄宿學校與文化同化	NO	PASS_UNCHANGED
reread:batch10	7	xinjiang-tibet-forced-labour-2026	non-target	title_en	Xinjiang and Tibet 2026 Update: Forced Labour, Boarding Schools, and Assimilation	Xinjiang and Tibet 2026 Update: Forced Labour, Boarding Schools, and Assimilation	NO	PASS_UNCHANGED
reread:batch10	7	xinjiang-tibet-forced-labour-2026	non-target	title_ja	新疆・チベット2026：強制労働、寄宿学校、同化	新疆・チベット2026：強制労働、寄宿学校、同化	NO	PASS_UNCHANGED
reread:batch10	7	xinjiang-tibet-forced-labour-2026	non-target	title_ko	신장·티베트 2026: 강제노동, 기숙학교, 동화	신장·티베트 2026: 강제노동, 기숙학교, 동화	NO	PASS_UNCHANGED
reread:batch10	7	xinjiang-tibet-forced-labour-2026	non-target	title_es	Xinjiang y Tíbet 2026: trabajo forzoso, internados y asimilación	Xinjiang y Tíbet 2026: trabajo forzoso, internados y asimilación	NO	PASS_UNCHANGED
reread:batch10	7	xinjiang-tibet-forced-labour-2026	non-target	title_de	Xinjiang und Tibet 2026: Zwangsarbeit, Internate und Assimilation	Xinjiang und Tibet 2026: Zwangsarbeit, Internate und Assimilation	NO	PASS_UNCHANGED
reread:batch10	7	xinjiang-tibet-forced-labour-2026	non-target	title_fr	Xinjiang et Tibet 2026 : travail forcé, internats et assimilation	Xinjiang et Tibet 2026 : travail forcé, internats et assimilation	NO	PASS_UNCHANGED
reread:batch10	7	xinjiang-tibet-forced-labour-2026	non-target	title_no	Xinjiang og Tibet 2026: tvangsarbeid, internatskoler og assimilering	Xinjiang og Tibet 2026: tvangsarbeid, internatskoler og assimilering	NO	PASS_UNCHANGED
reread:batch10	7	xinjiang-tibet-forced-labour-2026	non-target	title_nl	Xinjiang en Tibet 2026: dwangarbeid, kostscholen en assimilatie	Xinjiang en Tibet 2026: dwangarbeid, kostscholen en assimilatie	NO	PASS_UNCHANGED
reread:batch10	7	xinjiang-tibet-forced-labour-2026	non-target	title_it	Xinjiang e Tibet 2026: lavoro forzato, collegi e assimilazione	Xinjiang e Tibet 2026: lavoro forzato, collegi e assimilazione	NO	PASS_UNCHANGED
reread:batch10	7	xinjiang-tibet-forced-labour-2026	non-target	excerpt_zh	整理聯合國專家、HRW、Amnesty與Freedom House關於新疆、西藏與少數民族權利的最新公開資料。	整理聯合國專家、HRW、Amnesty與Freedom House關於新疆、西藏與少數民族權利的最新公開資料。	NO	PASS_UNCHANGED
reread:batch10	7	xinjiang-tibet-forced-labour-2026	non-target	excerpt_en	A sourced update on Xinjiang, Tibet, and minority rights based on UN experts, HRW, Amnesty, and Freedom House.	A sourced update on Xinjiang, Tibet, and minority rights based on UN experts, HRW, Amnesty, and Freedom House.	NO	PASS_UNCHANGED
reread:batch10	7	xinjiang-tibet-forced-labour-2026	non-target	excerpt_ja	国連専門家、人権団体に基づく新疆・チベット更新。	国連専門家、人権団体に基づく新疆・チベット更新。	NO	PASS_UNCHANGED
reread:batch10	7	xinjiang-tibet-forced-labour-2026	non-target	excerpt_ko	유엔 전문가와 인권단체에 기반한 신장·티베트 업데이트.	유엔 전문가와 인권단체에 기반한 신장·티베트 업데이트.	NO	PASS_UNCHANGED
reread:batch10	7	xinjiang-tibet-forced-labour-2026	non-target	excerpt_es	Actualización basada en expertos de la ONU y organizaciones de derechos humanos.	Actualización basada en expertos de la ONU y organizaciones de derechos humanos.	NO	PASS_UNCHANGED
reread:batch10	7	xinjiang-tibet-forced-labour-2026	non-target	excerpt_de	Update auf Basis von UN-Experten und Menschenrechtsorganisationen.	Update auf Basis von UN-Experten und Menschenrechtsorganisationen.	NO	PASS_UNCHANGED
reread:batch10	7	xinjiang-tibet-forced-labour-2026	non-target	excerpt_fr	Mise à jour fondée sur les experts de l’ONU et des ONG.	Mise à jour fondée sur les experts de l’ONU et des ONG.	NO	PASS_UNCHANGED
reread:batch10	7	xinjiang-tibet-forced-labour-2026	non-target	excerpt_no	Oppdatering basert på FN-eksperter og menneskerettighetsorganisasjoner.	Oppdatering basert på FN-eksperter og menneskerettighetsorganisasjoner.	NO	PASS_UNCHANGED
reread:batch10	7	xinjiang-tibet-forced-labour-2026	non-target	excerpt_nl	Update op basis van VN-experts en mensenrechtenorganisaties.	Update op basis van VN-experts en mensenrechtenorganisaties.	NO	PASS_UNCHANGED
reread:batch10	7	xinjiang-tibet-forced-labour-2026	non-target	excerpt_it	Aggiornamento basato su esperti ONU e ONG.	Aggiornamento basato su esperti ONU e ONG.	NO	PASS_UNCHANGED
reread:batch10	7	xinjiang-tibet-forced-labour-2026	non-target	date	2026-07-02	2026-07-02	NO	PASS_UNCHANGED
reread:batch10	7	xinjiang-tibet-forced-labour-2026	non-target	url	posts/xinjiang-tibet-forced-labour-2026.html	posts/xinjiang-tibet-forced-labour-2026.html	NO	PASS_UNCHANGED
reread:batch10	8	liu-xia	non-target	slug	liu-xia	liu-xia	NO	PASS_UNCHANGED
reread:batch10	8	liu-xia	non-target	title_zh	劉霞：未經指控的軟禁與透過家庭施壓	劉霞：未經指控的軟禁與透過家庭施壓	NO	PASS_UNCHANGED
reread:batch10	8	liu-xia	non-target	title_en	Liu Xia: House arrest without charge and pressure through family	Liu Xia: House arrest without charge and pressure through family	NO	PASS_UNCHANGED
reread:batch10	8	liu-xia	non-target	title_ja	劉霞：起訴なき自宅軟禁と家族を通じた圧力	劉霞：起訴なき自宅軟禁と家族を通じた圧力	NO	PASS_UNCHANGED
reread:batch10	8	liu-xia	non-target	title_ko	류샤: 기소 없는 가택연금과 가족을 통한 압박	류샤: 기소 없는 가택연금과 가족을 통한 압박	NO	PASS_UNCHANGED
reread:batch10	8	liu-xia	non-target	title_es	Liu Xia: arresto domiciliario sin cargos y presión a través de la familia	Liu Xia: arresto domiciliario sin cargos y presión a través de la familia	NO	PASS_UNCHANGED
reread:batch10	8	liu-xia	non-target	title_de	Liu Xia: Hausarrest ohne Anklage und Druck über die Familie	Liu Xia: Hausarrest ohne Anklage und Druck über die Familie	NO	PASS_UNCHANGED
reread:batch10	8	liu-xia	non-target	title_fr	Liu Xia : assignation à résidence sans inculpation et pression par la famille	Liu Xia : assignation à résidence sans inculpation et pression par la famille	NO	PASS_UNCHANGED
reread:batch10	8	liu-xia	non-target	title_no	Liu Xia: Husarrest uten siktelse og press gjennom familien	Liu Xia: Husarrest uten siktelse og press gjennom familien	NO	PASS_UNCHANGED
reread:batch10	8	liu-xia	non-target	title_nl	Liu Xia: Huisarrest zonder aanklacht en druk via familie	Liu Xia: Huisarrest zonder aanklacht en druk via familie	NO	PASS_UNCHANGED
reread:batch10	8	liu-xia	non-target	title_it	Liu Xia: arresti domiciliari senza accusa e pressioni attraverso la famiglia	Liu Xia: arresti domiciliari senza accusa e pressioni attraverso la famiglia	NO	PASS_UNCHANGED
reread:batch10	8	liu-xia	non-target	excerpt_zh	女性詩人與藝術家劉霞在劉曉波獲諾貝爾和平獎後遭到無指控的事實軟禁；對她弟弟劉暉的起訴顯示當局也把劉霞自己的家庭關係用作施壓工具。	女性詩人與藝術家劉霞在劉曉波獲諾貝爾和平獎後遭到無指控的事實軟禁；對她弟弟劉暉的起訴顯示當局也把劉霞自己的家庭關係用作施壓工具。	NO	PASS_UNCHANGED
reread:batch10	8	liu-xia	non-target	excerpt_en	Chinese woman poet and artist Liu Xia was held in de facto house arrest after Liu Xiaobo received the Nobel Peace Prize. The prosecution of her brother Liu Hui shows how the authorities also used her own family ties as leverage.	Chinese woman poet and artist Liu Xia was held in de facto house arrest after Liu Xiaobo received the Nobel Peace Prize. The prosecution of her brother Liu Hui shows how the authorities also used her own family ties as leverage.	NO	PASS_UNCHANGED
reread:batch10	8	liu-xia	non-target	excerpt_ja	中国の女性詩人・芸術家である劉霞は、劉暁波のノーベル平和賞受賞後、事実上の自宅軟禁下に置かれた。劉霞の弟・劉暉に対する訴追は、当局が彼女自身の家族関係も圧力の手段にしたことを示す。	中国の女性詩人・芸術家である劉霞は、劉暁波のノーベル平和賞受賞後、事実上の自宅軟禁下に置かれた。劉霞の弟・劉暉に対する訴追は、当局が彼女自身の家族関係も圧力の手段にしたことを示す。	NO	PASS_UNCHANGED
reread:batch10	8	liu-xia	non-target	excerpt_ko	중국 여성 시인이자 예술가인 류샤는 류샤오보가 노벨평화상을 받은 뒤 사실상 가택연금 상태에 놓였다. 류샤의 남동생 류후이에 대한 기소는 당국이 그녀 자신의 가족관계까지 압박 수단으로 삼았음을 보여 준다.	중국 여성 시인이자 예술가인 류샤는 류샤오보가 노벨평화상을 받은 뒤 사실상 가택연금 상태에 놓였다. 류샤의 남동생 류후이에 대한 기소는 당국이 그녀 자신의 가족관계까지 압박 수단으로 삼았음을 보여 준다.	NO	PASS_UNCHANGED
reread:batch10	8	liu-xia	non-target	excerpt_es	La poeta y artista china Liu Xia quedó bajo arresto domiciliario de facto después de que Liu Xiaobo recibiera el Premio Nobel de la Paz. El procesamiento de Liu Hui, hermano de Liu Xia, muestra que las autoridades también utilizaron sus vínculos familiares como medio de presión.	La poeta y artista china Liu Xia quedó bajo arresto domiciliario de facto después de que Liu Xiaobo recibiera el Premio Nobel de la Paz. El procesamiento de Liu Hui, hermano de Liu Xia, muestra que las autoridades también utilizaron sus vínculos familiares como medio de presión.	NO	PASS_UNCHANGED
reread:batch10	8	liu-xia	non-target	excerpt_de	Die chinesische Dichterin und Künstlerin Liu Xia stand nach der Verleihung des Friedensnobelpreises an Liu Xiaobo faktisch unter Hausarrest. Das Verfahren gegen ihren Bruder Liu Hui zeigt, wie die Behörden auch Liu Xias eigene Familienbeziehungen als Druckmittel nutzten.	Die chinesische Dichterin und Künstlerin Liu Xia stand nach der Verleihung des Friedensnobelpreises an Liu Xiaobo faktisch unter Hausarrest. Das Verfahren gegen ihren Bruder Liu Hui zeigt, wie die Behörden auch Liu Xias eigene Familienbeziehungen als Druckmittel nutzten.	NO	PASS_UNCHANGED
reread:batch10	8	liu-xia	non-target	excerpt_fr	La poète et artiste chinoise Liu Xia a été placée de fait en résidence surveillée après l’attribution du prix Nobel de la paix à Liu Xiaobo. Les poursuites contre Liu Hui, frère de Liu Xia, montrent que les autorités ont aussi utilisé ses liens familiaux comme moyen de pression.	La poète et artiste chinoise Liu Xia a été placée de fait en résidence surveillée après l’attribution du prix Nobel de la paix à Liu Xiaobo. Les poursuites contre Liu Hui, frère de Liu Xia, montrent que les autorités ont aussi utilisé ses liens familiaux comme moyen de pression.	NO	PASS_UNCHANGED
reread:batch10	8	liu-xia	non-target	excerpt_no	Den kvinnelige kinesiske poeten og kunstneren Liu Xia ble satt i de facto husarrest etter at Liu Xiaobo fikk Nobels fredspris. Straffesaken mot hennes bror Liu Hui viser hvordan myndighetene også brukte Liu Xias egne familiebånd som pressmiddel.	Den kvinnelige kinesiske poeten og kunstneren Liu Xia ble satt i de facto husarrest etter at Liu Xiaobo fikk Nobels fredspris. Straffesaken mot hennes bror Liu Hui viser hvordan myndighetene også brukte Liu Xias egne familiebånd som pressmiddel.	NO	PASS_UNCHANGED
reread:batch10	8	liu-xia	non-target	excerpt_nl	De vrouwelijke Chinese dichter en kunstenaar Liu Xia werd feitelijk onder huisarrest geplaatst nadat Liu Xiaobo de Nobelprijs voor de Vrede had gekregen. De vervolging van haar broer Liu Hui laat zien hoe de autoriteiten ook Liu Xia’s eigen familiebanden als drukmiddel gebruikten.	De vrouwelijke Chinese dichter en kunstenaar Liu Xia werd feitelijk onder huisarrest geplaatst nadat Liu Xiaobo de Nobelprijs voor de Vrede had gekregen. De vervolging van haar broer Liu Hui laat zien hoe de autoriteiten ook Liu Xia’s eigen familiebanden als drukmiddel gebruikten.	NO	PASS_UNCHANGED
reread:batch10	8	liu-xia	non-target	excerpt_it	La poetessa e artista cinese Liu Xia fu posta di fatto agli arresti domiciliari dopo l’assegnazione del Premio Nobel per la pace a Liu Xiaobo. Il procedimento contro Liu Hui, fratello di Liu Xia, mostra come le autorità abbiano usato anche i suoi legami familiari come strumento di pressione.	La poetessa e artista cinese Liu Xia fu posta di fatto agli arresti domiciliari dopo l’assegnazione del Premio Nobel per la pace a Liu Xiaobo. Il procedimento contro Liu Hui, fratello di Liu Xia, mostra come le autorità abbiano usato anche i suoi legami familiari come strumento di pressione.	NO	PASS_UNCHANGED
reread:batch10	8	liu-xia	non-target	date	2010-10-08	2010-10-08	NO	PASS_UNCHANGED
reread:batch10	8	liu-xia	non-target	url	posts/liu-xia.html	posts/liu-xia.html	NO	PASS_UNCHANGED
reread:batch10	9	ai-weiwei	non-target	slug	ai-weiwei	ai-weiwei	NO	PASS_UNCHANGED
reread:batch10	9	ai-weiwei	non-target	title_zh	艾未未：拘押、稅務與跨境藝術表達	艾未未：拘押、稅務與跨境藝術表達	NO	PASS_UNCHANGED
reread:batch10	9	ai-weiwei	non-target	title_en	Ai Weiwei: Detention, Taxation and Cross-Border Artistic Expression	Ai Weiwei: Detention, Taxation and Cross-Border Artistic Expression	NO	PASS_UNCHANGED
reread:batch10	9	ai-weiwei	non-target	title_ja	アイ・ウェイウェイ：拘禁、課税、国境を越える芸術表現	アイ・ウェイウェイ：拘禁、課税、国境を越える芸術表現	NO	PASS_UNCHANGED
reread:batch10	9	ai-weiwei	non-target	title_ko	아이웨이웨이: 구금, 과세와 국경을 넘는 예술 표현	아이웨이웨이: 구금, 과세와 국경을 넘는 예술 표현	NO	PASS_UNCHANGED
reread:batch10	9	ai-weiwei	non-target	title_es	Ai Weiwei: detención, fiscalidad y expresión artística transfronteriza	Ai Weiwei: detención, fiscalidad y expresión artística transfronteriza	NO	PASS_UNCHANGED
reread:batch10	9	ai-weiwei	non-target	title_de	Ai Weiwei: Haft, Steuerverfahren und grenzüberschreitende Kunst	Ai Weiwei: Haft, Steuerverfahren und grenzüberschreitende Kunst	NO	PASS_UNCHANGED
reread:batch10	9	ai-weiwei	non-target	title_fr	Ai Weiwei : détention, fiscalité et expression artistique transfrontalière	Ai Weiwei : détention, fiscalité et expression artistique transfrontalière	NO	PASS_UNCHANGED
reread:batch10	9	ai-weiwei	non-target	title_no	Ai Weiwei: Frihetsberøvelse, skattlegging og grenseoverskridende kunstnerisk uttrykk	Ai Weiwei: Frihetsberøvelse, skattlegging og grenseoverskridende kunstnerisk uttrykk	NO	PASS_UNCHANGED
reread:batch10	9	ai-weiwei	non-target	title_nl	Ai Weiwei: detentie, belastingprocedure en grensoverschrijdende kunst	Ai Weiwei: detentie, belastingprocedure en grensoverschrijdende kunst	NO	PASS_UNCHANGED
reread:batch10	9	ai-weiwei	non-target	title_it	Ai Weiwei: detenzione, fisco ed espressione artistica transfrontaliera	Ai Weiwei: detenzione, fisco ed espressione artistica transfrontaliera	NO	PASS_UNCHANGED
reread:batch10	9	ai-weiwei	non-target	excerpt_zh	艾未未2011年被帶走並與外界隔絕81天，其後工作室相關公司遭稅務追繳，護照也被扣留。這些行政與安全措施同時限制了藝術創作、公共評論、旅行及合作網絡。	艾未未2011年被帶走並與外界隔絕81天，其後工作室相關公司遭稅務追繳，護照也被扣留。這些行政與安全措施同時限制了藝術創作、公共評論、旅行及合作網絡。	NO	PASS_UNCHANGED
reread:batch10	9	ai-weiwei	non-target	excerpt_en	Ai Weiwei was taken away and held incommunicado for 81 days in 2011. Tax demands against a studio-related company and the withholding of his passport then constrained his art, public commentary, travel and professional network.	Ai Weiwei was taken away and held incommunicado for 81 days in 2011. Tax demands against a studio-related company and the withholding of his passport then constrained his art, public commentary, travel and professional network.	NO	PASS_UNCHANGED
reread:batch10	9	ai-weiwei	non-target	excerpt_ja	アイ・ウェイウェイは2011年に連行され、81日間外部との連絡を断たれた。その後、スタジオ関係会社への税務追徴と旅券の留置が、芸術、公共的発言、移動、協力関係を制限した。	アイ・ウェイウェイは2011年に連行され、81日間外部との連絡を断たれた。その後、スタジオ関係会社への税務追徴と旅券の留置が、芸術、公共的発言、移動、協力関係を制限した。	NO	PASS_UNCHANGED
reread:batch10	9	ai-weiwei	non-target	excerpt_ko	아이웨이웨이는 2011년 연행돼 81일 동안 외부와 연락이 끊겼다. 이후 스튜디오 관련 회사에 대한 세금 추징과 여권 압류는 예술, 공적 논평, 이동과 전문 협력망을 함께 제약했다.	아이웨이웨이는 2011년 연행돼 81일 동안 외부와 연락이 끊겼다. 이후 스튜디오 관련 회사에 대한 세금 추징과 여권 압류는 예술, 공적 논평, 이동과 전문 협력망을 함께 제약했다.	NO	PASS_UNCHANGED
reread:batch10	9	ai-weiwei	non-target	excerpt_es	Ai Weiwei fue detenido y permaneció incomunicado 81 días en 2011. Después, las reclamaciones fiscales contra una empresa vinculada al estudio y la retención del pasaporte limitaron su arte, comentario público, viajes y red profesional.	Ai Weiwei fue detenido y permaneció incomunicado 81 días en 2011. Después, las reclamaciones fiscales contra una empresa vinculada al estudio y la retención del pasaporte limitaron su arte, comentario público, viajes y red profesional.	NO	PASS_UNCHANGED
reread:batch10	9	ai-weiwei	non-target	excerpt_de	Ai Weiwei wurde 2011 abgeführt und 81 Tage ohne Außenkontakt festgehalten. Steuerforderungen gegen ein ateliernahes Unternehmen und der einbehaltene Pass beschränkten anschließend Kunst, öffentliche Kritik, Reisen und berufliche Zusammenarbeit.	Ai Weiwei wurde 2011 abgeführt und 81 Tage ohne Außenkontakt festgehalten. Steuerforderungen gegen ein ateliernahes Unternehmen und der einbehaltene Pass beschränkten anschließend Kunst, öffentliche Kritik, Reisen und berufliche Zusammenarbeit.	NO	PASS_UNCHANGED
reread:batch10	9	ai-weiwei	non-target	excerpt_fr	Ai Weiwei a été emmené et détenu au secret pendant 81 jours en 2011. Les demandes fiscales visant une société liée à l’atelier et la rétention de son passeport ont ensuite restreint son art, ses prises de parole, ses déplacements et son réseau professionnel.	Ai Weiwei a été emmené et détenu au secret pendant 81 jours en 2011. Les demandes fiscales visant une société liée à l’atelier et la rétention de son passeport ont ensuite restreint son art, ses prises de parole, ses déplacements et son réseau professionnel.	NO	PASS_UNCHANGED
reread:batch10	9	ai-weiwei	non-target	excerpt_no	Ai Weiwei ble ført bort og holdt uten kontakt med omverdenen i 81 dager i 2011. Skattekrav mot et atelier-tilknyttet selskap og et tilbakeholdt pass begrenset deretter kunsten, den offentlige kritikken, reisene og samarbeidsnettverket hans.	Ai Weiwei ble ført bort og holdt uten kontakt med omverdenen i 81 dager i 2011. Skattekrav mot et atelier-tilknyttet selskap og et tilbakeholdt pass begrenset deretter kunsten, den offentlige kritikken, reisene og samarbeidsnettverket hans.	NO	PASS_UNCHANGED
reread:batch10	9	ai-weiwei	non-target	excerpt_nl	Ai Weiwei werd in 2011 weggevoerd en 81 dagen zonder buitencontact vastgehouden. Belastingclaims tegen een ateliergebonden bedrijf en het ingehouden paspoort beperkten daarna zijn kunst, publieke commentaar, reizen en professionele netwerk.	Ai Weiwei werd in 2011 weggevoerd en 81 dagen zonder buitencontact vastgehouden. Belastingclaims tegen een ateliergebonden bedrijf en het ingehouden paspoort beperkten daarna zijn kunst, publieke commentaar, reizen en professionele netwerk.	NO	PASS_UNCHANGED
reread:batch10	9	ai-weiwei	non-target	excerpt_it	Ai Weiwei fu portato via e tenuto 81 giorni senza contatti con l’esterno nel 2011. Le richieste fiscali contro una società legata allo studio e il passaporto trattenuto limitarono poi arte, commento pubblico, viaggi e rete professionale.	Ai Weiwei fu portato via e tenuto 81 giorni senza contatti con l’esterno nel 2011. Le richieste fiscali contro una società legata allo studio e il passaporto trattenuto limitarono poi arte, commento pubblico, viaggi e rete professionale.	NO	PASS_UNCHANGED
reread:batch10	9	ai-weiwei	non-target	date	2011-04-03	2011-04-03	NO	PASS_UNCHANGED
reread:batch10	9	ai-weiwei	non-target	url	posts/ai-weiwei.html	posts/ai-weiwei.html	NO	PASS_UNCHANGED
reread:batch10	10	wang-quanzhang	non-target	slug	wang-quanzhang	wang-quanzhang	NO	PASS_UNCHANGED
reread:batch10	10	wang-quanzhang	non-target	title_zh	王全璋：709失聯、審判與李文足一家承受的壓力	王全璋：709失聯、審判與李文足一家承受的壓力	NO	PASS_UNCHANGED
reread:batch10	10	wang-quanzhang	non-target	title_en	Wang Quanzhang: Enforced Disappearance During 709, Trial, and Pressure on Li Wenzu’s Family	Wang Quanzhang: Enforced Disappearance During 709, Trial, and Pressure on Li Wenzu’s Family	NO	PASS_UNCHANGED
reread:batch10	10	wang-quanzhang	non-target	title_ja	王全璋：709期の強制失踪、裁判、李文足家族への圧力	王全璋：709期の強制失踪、裁判、李文足家族への圧力	NO	PASS_UNCHANGED
reread:batch10	10	wang-quanzhang	non-target	title_ko	왕취안장: 709 기간 강제실종, 재판과 리원쭈 가족에 대한 압박	왕취안장: 709 기간 강제실종, 재판과 리원쭈 가족에 대한 압박	NO	PASS_UNCHANGED
reread:batch10	10	wang-quanzhang	non-target	title_es	Wang Quanzhang: desaparición forzada durante el 709, juicio y presión sobre la familia de Li Wenzu	Wang Quanzhang: desaparición forzada durante el 709, juicio y presión sobre la familia de Li Wenzu	NO	PASS_UNCHANGED
reread:batch10	10	wang-quanzhang	non-target	title_de	Wang Quanzhang: Verschwindenlassen während 709, Prozess und Druck auf Li Wenzus Familie	Wang Quanzhang: Verschwindenlassen während 709, Prozess und Druck auf Li Wenzus Familie	NO	PASS_UNCHANGED
reread:batch10	10	wang-quanzhang	non-target	title_fr	Wang Quanzhang : disparition forcée durant le 709, procès et pression sur la famille de Li Wenzu	Wang Quanzhang : disparition forcée durant le 709, procès et pression sur la famille de Li Wenzu	NO	PASS_UNCHANGED
reread:batch10	10	wang-quanzhang	non-target	title_no	Wang Quanzhang: tvungen forsvinning under 709, rettssak og press mot Li Wenzus familie	Wang Quanzhang: tvungen forsvinning under 709, rettssak og press mot Li Wenzus familie	NO	PASS_UNCHANGED
reread:batch10	10	wang-quanzhang	non-target	title_nl	Wang Quanzhang: gedwongen verdwijning tijdens 709, proces en druk op de familie van Li Wenzu	Wang Quanzhang: gedwongen verdwijning tijdens 709, proces en druk op de familie van Li Wenzu	NO	PASS_UNCHANGED
reread:batch10	10	wang-quanzhang	non-target	title_it	Wang Quanzhang: sparizione forzata durante il 709, processo e pressione sulla famiglia di Li Wenzu	Wang Quanzhang: sparizione forzata durante il 709, processo e pressione sulla famiglia di Li Wenzu	NO	PASS_UNCHANGED
reread:batch10	10	wang-quanzhang	non-target	excerpt_zh	王全璋在2015年709大抓捕中被帶走後長期與外界失聯，構成強迫失蹤疑慮，隨後被置於指定居所監視居住並於2019年判刑；刑滿後，他與妻子李文足及子女仍承受居住、教育、行動與監控壓力。	王全璋在2015年709大抓捕中被帶走後長期與外界失聯，構成強迫失蹤疑慮，隨後被置於指定居所監視居住並於2019年判刑；刑滿後，他與妻子李文足及子女仍承受居住、教育、行動與監控壓力。	NO	PASS_UNCHANGED
reread:batch10	10	wang-quanzhang	non-target	excerpt_en	Wang Quanzhang was taken away during the 709 Crackdown in 2015 and held in prolonged incommunicado detention, raising enforced-disappearance concerns. He was then placed under residential surveillance at a designated location (RSDL) and sentenced in 2019; after his sentence, he, his wife Li Wenzu, and their children continued to face pressure over housing, education, movement, and surveillance.	Wang Quanzhang was taken away during the 709 Crackdown in 2015 and held in prolonged incommunicado detention, raising enforced-disappearance concerns. He was then placed under residential surveillance at a designated location (RSDL) and sentenced in 2019; after his sentence, he, his wife Li Wenzu, and their children continued to face pressure over housing, education, movement, and surveillance.	NO	PASS_UNCHANGED
reread:batch10	10	wang-quanzhang	non-target	excerpt_ja	王全璋は2015年の709弾圧で連行され、長期間外部との連絡を断たれて強制失踪の懸念が生じた。その後、指定居所監視居住に置かれ、2019年に判決を受けた。刑期後も、本人、妻の李文足、子どもたちは住居、教育、移動、監視をめぐる圧力を受け続けた。	王全璋は2015年の709弾圧で連行され、長期間外部との連絡を断たれて強制失踪の懸念が生じた。その後、指定居所監視居住に置かれ、2019年に判決を受けた。刑期後も、本人、妻の李文足、子どもたちは住居、教育、移動、監視をめぐる圧力を受け続けた。	NO	PASS_UNCHANGED
reread:batch10	10	wang-quanzhang	non-target	excerpt_ko	왕취안장(Wang Quanzhang)은 2015년 709 탄압 때 연행된 뒤 장기간 외부와 연락이 끊겨 강제실종 우려가 제기됐다. 이후 지정 거소 주거감시에 놓였고 2019년 형을 선고받았다. 형기 뒤에도 그와 아내 리원쭈(Li Wenzu), 자녀들은 주거·교육·이동·감시 압박을 계속 받았다.	왕취안장(Wang Quanzhang)은 2015년 709 탄압 때 연행된 뒤 장기간 외부와 연락이 끊겨 강제실종 우려가 제기됐다. 이후 지정 거소 주거감시에 놓였고 2019년 형을 선고받았다. 형기 뒤에도 그와 아내 리원쭈(Li Wenzu), 자녀들은 주거·교육·이동·감시 압박을 계속 받았다.	NO	PASS_UNCHANGED
reread:batch10	10	wang-quanzhang	non-target	excerpt_es	Wang Quanzhang fue llevado durante la represión del 709 en 2015 y permaneció incomunicado durante un período prolongado, lo que suscitó preocupación por una desaparición forzada. Después fue sometido a vigilancia residencial en un lugar designado (RSDL) y condenado en 2019; tras cumplir la pena, él, su esposa Li Wenzu y sus hijos siguieron soportando presiones sobre vivienda, educación, desplazamiento y vigilancia.	Wang Quanzhang fue llevado durante la represión del 709 en 2015 y permaneció incomunicado durante un período prolongado, lo que suscitó preocupación por una desaparición forzada. Después fue sometido a vigilancia residencial en un lugar designado (RSDL) y condenado en 2019; tras cumplir la pena, él, su esposa Li Wenzu y sus hijos siguieron soportando presiones sobre vivienda, educación, desplazamiento y vigilancia.	NO	PASS_UNCHANGED
reread:batch10	10	wang-quanzhang	non-target	excerpt_de	Wang Quanzhang wurde während der 709-Razzia 2015 abgeführt und lange ohne Kontakt zur Außenwelt festgehalten, was den Verdacht des Verschwindenlassens begründete. Danach wurde er an einem festgelegten Ort unter Wohnüberwachung gestellt und 2019 verurteilt; auch nach der Haft waren er, seine Frau Li Wenzu und ihre Kinder weiter Druck bei Wohnung, Bildung, Bewegungsfreiheit und Überwachung ausgesetzt.	Wang Quanzhang wurde während der 709-Razzia 2015 abgeführt und lange ohne Kontakt zur Außenwelt festgehalten, was den Verdacht des Verschwindenlassens begründete. Danach wurde er an einem festgelegten Ort unter Wohnüberwachung gestellt und 2019 verurteilt; auch nach der Haft waren er, seine Frau Li Wenzu und ihre Kinder weiter Druck bei Wohnung, Bildung, Bewegungsfreiheit und Überwachung ausgesetzt.	NO	PASS_UNCHANGED
reread:batch10	10	wang-quanzhang	non-target	excerpt_fr	Wang Quanzhang a été emmené pendant la répression du 709 en 2015 et maintenu longtemps sans contact avec l’extérieur, suscitant des inquiétudes de disparition forcée. Il a ensuite été placé sous surveillance résidentielle dans un lieu désigné (RSDL) et condamné en 2019 ; après sa peine, lui, son épouse Li Wenzu et leurs enfants ont continué à subir des pressions touchant le logement, l’éducation, les déplacements et la surveillance.	Wang Quanzhang a été emmené pendant la répression du 709 en 2015 et maintenu longtemps sans contact avec l’extérieur, suscitant des inquiétudes de disparition forcée. Il a ensuite été placé sous surveillance résidentielle dans un lieu désigné (RSDL) et condamné en 2019 ; après sa peine, lui, son épouse Li Wenzu et leurs enfants ont continué à subir des pressions touchant le logement, l’éducation, les déplacements et la surveillance.	NO	PASS_UNCHANGED
reread:batch10	10	wang-quanzhang	non-target	excerpt_no	Wang Quanzhang ble ført bort under 709-aksjonen i 2015 og holdt uten kontakt med omverdenen over lang tid, noe som reiste bekymring for tvungen forsvinning. Deretter ble han satt under boligovervåking på et utpekt sted (RSDL) og dømt i 2019; etter soning møtte han, kona Li Wenzu og barna fortsatt press knyttet til bolig, utdanning, bevegelse og overvåking.	Wang Quanzhang ble ført bort under 709-aksjonen i 2015 og holdt uten kontakt med omverdenen over lang tid, noe som reiste bekymring for tvungen forsvinning. Deretter ble han satt under boligovervåking på et utpekt sted (RSDL) og dømt i 2019; etter soning møtte han, kona Li Wenzu og barna fortsatt press knyttet til bolig, utdanning, bevegelse og overvåking.	NO	PASS_UNCHANGED
reread:batch10	10	wang-quanzhang	non-target	excerpt_nl	Wang Quanzhang werd tijdens de 709-repressie in 2015 weggevoerd en langdurig zonder contact met de buitenwereld vastgehouden, wat zorgen over gedwongen verdwijning opriep. Daarna werd hij onder residentieel toezicht op een aangewezen locatie (RSDL) geplaatst en in 2019 veroordeeld; na zijn straf bleven hij, zijn vrouw Li Wenzu en hun kinderen onder druk staan rond huisvesting, onderwijs, bewegingsvrijheid en toezicht.	Wang Quanzhang werd tijdens de 709-repressie in 2015 weggevoerd en langdurig zonder contact met de buitenwereld vastgehouden, wat zorgen over gedwongen verdwijning opriep. Daarna werd hij onder residentieel toezicht op een aangewezen locatie (RSDL) geplaatst en in 2019 veroordeeld; na zijn straf bleven hij, zijn vrouw Li Wenzu en hun kinderen onder druk staan rond huisvesting, onderwijs, bewegingsvrijheid en toezicht.	NO	PASS_UNCHANGED
reread:batch10	10	wang-quanzhang	non-target	excerpt_it	Wang Quanzhang fu portato via durante la repressione del 709 nel 2015 e rimase a lungo senza contatti con l’esterno, suscitando timori di sparizione forzata. Fu poi sottoposto a sorveglianza residenziale in un luogo designato (RSDL) e condannato nel 2019; dopo la pena, lui, la moglie Li Wenzu e i figli continuarono a subire pressioni su alloggio, istruzione, movimento e sorveglianza.	Wang Quanzhang fu portato via durante la repressione del 709 nel 2015 e rimase a lungo senza contatti con l’esterno, suscitando timori di sparizione forzata. Fu poi sottoposto a sorveglianza residenziale in un luogo designato (RSDL) e condannato nel 2019; dopo la pena, lui, la moglie Li Wenzu e i figli continuarono a subire pressioni su alloggio, istruzione, movimento e sorveglianza.	NO	PASS_UNCHANGED
reread:batch10	10	wang-quanzhang	non-target	date	2019-01-28	2019-01-28	NO	PASS_UNCHANGED
reread:batch10	10	wang-quanzhang	non-target	url	posts/wang-quanzhang.html	posts/wang-quanzhang.html	NO	PASS_UNCHANGED
reread:batch10	11	wang-bingzhang	non-target	slug	wang-bingzhang	wang-bingzhang	NO	PASS_UNCHANGED
reread:batch10	11	wang-bingzhang	non-target	title_zh	王炳章：海外民主活動、越南失聯與無期徒刑	王炳章：海外民主活動、越南失聯與無期徒刑	NO	PASS_UNCHANGED
reread:batch10	11	wang-bingzhang	non-target	title_en	Wang Bingzhang: Overseas Democracy Activism, Disappearance in Vietnam, and Life Imprisonment	Wang Bingzhang: Overseas Democracy Activism, Disappearance in Vietnam, and Life Imprisonment	NO	PASS_UNCHANGED
reread:batch10	11	wang-bingzhang	non-target	title_ja	王炳章：海外民主活動、ベトナムでの失踪、無期懲役	王炳章：海外民主活動、ベトナムでの失踪、無期懲役	NO	PASS_UNCHANGED
reread:batch10	11	wang-bingzhang	non-target	title_ko	왕빙장: 해외 민주화 활동, 베트남 실종과 무기징역	왕빙장: 해외 민주화 활동, 베트남 실종과 무기징역	NO	PASS_UNCHANGED
reread:batch10	11	wang-bingzhang	non-target	title_es	Wang Bingzhang: activismo democrático en el extranjero, desaparición en Vietnam y cadena perpetua	Wang Bingzhang: activismo democrático en el extranjero, desaparición en Vietnam y cadena perpetua	NO	PASS_UNCHANGED
reread:batch10	11	wang-bingzhang	non-target	title_de	Wang Bingzhang: Demokratiearbeit im Ausland, Verschwinden in Vietnam und lebenslange Haft	Wang Bingzhang: Demokratiearbeit im Ausland, Verschwinden in Vietnam und lebenslange Haft	NO	PASS_UNCHANGED
reread:batch10	11	wang-bingzhang	non-target	title_fr	Wang Bingzhang : militantisme démocratique à l’étranger, disparition au Vietnam et réclusion à perpétuité	Wang Bingzhang : militantisme démocratique à l’étranger, disparition au Vietnam et réclusion à perpétuité	NO	PASS_UNCHANGED
reread:batch10	11	wang-bingzhang	non-target	title_no	Wang Bingzhang: demokratiarbeid i utlandet, forsvinning i Vietnam og livsvarig fengsel	Wang Bingzhang: demokratiarbeid i utlandet, forsvinning i Vietnam og livsvarig fengsel	NO	PASS_UNCHANGED
reread:batch10	11	wang-bingzhang	non-target	title_nl	Wang Bingzhang: democratisch activisme in het buitenland, verdwijning in Vietnam en levenslang	Wang Bingzhang: democratisch activisme in het buitenland, verdwijning in Vietnam en levenslang	NO	PASS_UNCHANGED
reread:batch10	11	wang-bingzhang	non-target	title_it	Wang Bingzhang: attivismo democratico all’estero, scomparsa in Vietnam ed ergastolo	Wang Bingzhang: attivismo democratico all’estero, scomparsa in Vietnam ed ergastolo	NO	PASS_UNCHANGED
reread:batch10	11	wang-bingzhang	non-target	excerpt_zh	王炳章2002年在越南失聯後被帶回中國，2003年在深圳被判無期徒刑。跨境轉移程序、審判證據、羈押健康、醫療與探視資料長期缺乏透明公開。	王炳章2002年在越南失聯後被帶回中國，2003年在深圳被判無期徒刑。跨境轉移程序、審判證據、羈押健康、醫療與探視資料長期缺乏透明公開。	NO	PASS_UNCHANGED
reread:batch10	11	wang-bingzhang	non-target	excerpt_en	Wang Bingzhang disappeared in Vietnam in 2002 and was taken to China, where a Shenzhen court sentenced him to life imprisonment in 2003. The cross-border transfer, trial evidence, health care, medical decisions, and family visits remain inadequately disclosed.	Wang Bingzhang disappeared in Vietnam in 2002 and was taken to China, where a Shenzhen court sentenced him to life imprisonment in 2003. The cross-border transfer, trial evidence, health care, medical decisions, and family visits remain inadequately disclosed.	NO	PASS_UNCHANGED
reread:batch10	11	wang-bingzhang	non-target	excerpt_ja	王炳章は2002年にベトナムで消息を絶ち、中国へ移送され、2003年に深圳の裁判所で無期懲役を言い渡された。越境移送の手続、裁判証拠、拘禁中の健康・医療・面会記録は十分に公開されていない。	王炳章は2002年にベトナムで消息を絶ち、中国へ移送され、2003年に深圳の裁判所で無期懲役を言い渡された。越境移送の手続、裁判証拠、拘禁中の健康・医療・面会記録は十分に公開されていない。	NO	PASS_UNCHANGED
reread:batch10	11	wang-bingzhang	non-target	excerpt_ko	왕빙장은 2002년 베트남에서 연락이 끊긴 뒤 중국으로 이송돼 2003년 선전 법원에서 무기징역을 선고받았다. 초국경 이송 절차, 재판 증거, 구금 중 건강·의료 결정과 가족 면회 정보는 충분히 공개되지 않았다.	왕빙장은 2002년 베트남에서 연락이 끊긴 뒤 중국으로 이송돼 2003년 선전 법원에서 무기징역을 선고받았다. 초국경 이송 절차, 재판 증거, 구금 중 건강·의료 결정과 가족 면회 정보는 충분히 공개되지 않았다.	NO	PASS_UNCHANGED
reread:batch10	11	wang-bingzhang	non-target	excerpt_es	Wang Bingzhang desapareció en Vietnam en 2002 y fue llevado a China, donde un tribunal de Shenzhen lo condenó a cadena perpetua en 2003. Siguen sin publicarse de forma suficiente el traslado transfronterizo, las pruebas del juicio, la salud, las decisiones médicas y las visitas familiares.	Wang Bingzhang desapareció en Vietnam en 2002 y fue llevado a China, donde un tribunal de Shenzhen lo condenó a cadena perpetua en 2003. Siguen sin publicarse de forma suficiente el traslado transfronterizo, las pruebas del juicio, la salud, las decisiones médicas y las visitas familiares.	NO	PASS_UNCHANGED
reread:batch10	11	wang-bingzhang	non-target	excerpt_de	Wang Bingzhang verschwand 2002 in Vietnam und wurde nach China gebracht, wo ihn ein Gericht in Shenzhen 2003 zu lebenslanger Haft verurteilte. Grenzüberschreitende Überstellung, Prozessbeweise, Gesundheit, medizinische Entscheidungen und Familienbesuche sind unzureichend offengelegt.	Wang Bingzhang verschwand 2002 in Vietnam und wurde nach China gebracht, wo ihn ein Gericht in Shenzhen 2003 zu lebenslanger Haft verurteilte. Grenzüberschreitende Überstellung, Prozessbeweise, Gesundheit, medizinische Entscheidungen und Familienbesuche sind unzureichend offengelegt.	NO	PASS_UNCHANGED
reread:batch10	11	wang-bingzhang	non-target	excerpt_fr	Wang Bingzhang a disparu au Vietnam en 2002 puis a été emmené en Chine, où un tribunal de Shenzhen l’a condamné à perpétuité en 2003. Transfert transfrontalier, preuves du procès, santé, décisions médicales et visites familiales restent insuffisamment publiés.	Wang Bingzhang a disparu au Vietnam en 2002 puis a été emmené en Chine, où un tribunal de Shenzhen l’a condamné à perpétuité en 2003. Transfert transfrontalier, preuves du procès, santé, décisions médicales et visites familiales restent insuffisamment publiés.	NO	PASS_UNCHANGED
reread:batch10	11	wang-bingzhang	non-target	excerpt_no	Wang Bingzhang forsvant i Vietnam i 2002 og ble ført til Kina, der en domstol i Shenzhen dømte ham til livsvarig fengsel i 2003. Overføringen over grensen, bevisene i saken, helse, medisinske avgjørelser og familiebesøk er utilstrekkelig opplyst.	Wang Bingzhang forsvant i Vietnam i 2002 og ble ført til Kina, der en domstol i Shenzhen dømte ham til livsvarig fengsel i 2003. Overføringen over grensen, bevisene i saken, helse, medisinske avgjørelser og familiebesøk er utilstrekkelig opplyst.	NO	PASS_UNCHANGED
reread:batch10	11	wang-bingzhang	non-target	excerpt_nl	Wang Bingzhang verdween in 2002 in Vietnam en werd naar China gebracht, waar een rechtbank in Shenzhen hem in 2003 levenslang oplegde. De grensoverschrijdende overbrenging, procesbewijzen, gezondheid, medische beslissingen en familiebezoeken zijn onvoldoende openbaar gemaakt.	Wang Bingzhang verdween in 2002 in Vietnam en werd naar China gebracht, waar een rechtbank in Shenzhen hem in 2003 levenslang oplegde. De grensoverschrijdende overbrenging, procesbewijzen, gezondheid, medische beslissingen en familiebezoeken zijn onvoldoende openbaar gemaakt.	NO	PASS_UNCHANGED
reread:batch10	11	wang-bingzhang	non-target	excerpt_it	Wang Bingzhang scomparve in Vietnam nel 2002 e fu portato in Cina, dove un tribunale di Shenzhen lo condannò all’ergastolo nel 2003. Trasferimento transfrontaliero, prove processuali, salute, decisioni mediche e visite familiari restano insufficientemente pubblicati.	Wang Bingzhang scomparve in Vietnam nel 2002 e fu portato in Cina, dove un tribunale di Shenzhen lo condannò all’ergastolo nel 2003. Trasferimento transfrontaliero, prove processuali, salute, decisioni mediche e visite familiari restano insufficientemente pubblicati.	NO	PASS_UNCHANGED
reread:batch10	11	wang-bingzhang	non-target	date	2003-02-10	2003-02-10	NO	PASS_UNCHANGED
reread:batch10	11	wang-bingzhang	non-target	url	posts/wang-bingzhang.html	posts/wang-bingzhang.html	NO	PASS_UNCHANGED
reread:batch10	12	chen-guangcheng	non-target	slug	chen-guangcheng	chen-guangcheng	NO	PASS_UNCHANGED
reread:batch10	12	chen-guangcheng	non-target	title_zh	陳光誠：生育政策調查、軟禁與逃離	陳光誠：生育政策調查、軟禁與逃離	NO	PASS_UNCHANGED
reread:batch10	12	chen-guangcheng	non-target	title_en	Chen Guangcheng: Family Planning Policy Investigation, House Arrest and Escape	Chen Guangcheng: Family Planning Policy Investigation, House Arrest and Escape	NO	PASS_UNCHANGED
reread:batch10	12	chen-guangcheng	non-target	title_ja	陳光誠：家族計画政策の調査、自宅軟禁と脱出	陳光誠：家族計画政策の調査、自宅軟禁と脱出	NO	PASS_UNCHANGED
reread:batch10	12	chen-guangcheng	non-target	title_ko	천광청(Chen Guangcheng): 가족계획 인권침해 조사, 가택연금과 탈출	천광청(Chen Guangcheng): 가족계획 인권침해 조사, 가택연금과 탈출	NO	PASS_UNCHANGED
reread:batch10	12	chen-guangcheng	non-target	title_es	Chen Guangcheng: investigación de políticas de planificación familiar, arresto domiciliario y fuga	Chen Guangcheng: investigación de políticas de planificación familiar, arresto domiciliario y fuga	NO	PASS_UNCHANGED
reread:batch10	12	chen-guangcheng	non-target	title_de	Chen Guangcheng: Untersuchung der Familienplanungspolitik, Hausarrest und Flucht	Chen Guangcheng: Untersuchung der Familienplanungspolitik, Hausarrest und Flucht	NO	PASS_UNCHANGED
reread:batch10	12	chen-guangcheng	non-target	title_fr	Chen Guangcheng : Enquête sur la politique de planification familiale, assignation à résidence et évasion	Chen Guangcheng : Enquête sur la politique de planification familiale, assignation à résidence et évasion	NO	PASS_UNCHANGED
reread:batch10	12	chen-guangcheng	non-target	title_no	Chen Guangcheng: Etterforskning av familieplanlegging, husarrest og rømning	Chen Guangcheng: Etterforskning av familieplanlegging, husarrest og rømning	NO	PASS_UNCHANGED
reread:batch10	12	chen-guangcheng	non-target	title_nl	Chen Guangcheng: onderzoek naar gezinsplanningsbeleid, huisarrest en ontsnapping	Chen Guangcheng: onderzoek naar gezinsplanningsbeleid, huisarrest en ontsnapping	NO	PASS_UNCHANGED
reread:batch10	12	chen-guangcheng	non-target	title_it	Chen Guangcheng: indagine sulla politica di pianificazione familiare, arresti domiciliari e fuga	Chen Guangcheng: indagine sulla politica di pianificazione familiare, arresti domiciliari e fuga	NO	PASS_UNCHANGED
reread:batch10	12	chen-guangcheng	non-target	excerpt_zh	盲人法律倡議者陳光誠調查臨沂強制墮胎、強制絕育等計劃生育侵權；法院其後以故意毀壞財物、聚眾擾亂交通秩序判刑，刑滿後地方人員仍長期軟禁並向家屬和協助者施壓。	盲人法律倡議者陳光誠調查臨沂強制墮胎、強制絕育等計劃生育侵權；法院其後以故意毀壞財物、聚眾擾亂交通秩序判刑，刑滿後地方人員仍長期軟禁並向家屬和協助者施壓。	NO	PASS_UNCHANGED
reread:batch10	12	chen-guangcheng	non-target	excerpt_en	Blind legal advocate Chen Guangcheng documented allegations of forced abortion, forced sterilization, and other family-planning abuses in Linyi. A court later convicted him of intentional property damage and gathering a crowd to disrupt traffic; after prison, local personnel kept him under prolonged de facto house arrest and pressured his family and supporters.	Blind legal advocate Chen Guangcheng documented allegations of forced abortion, forced sterilization, and other family-planning abuses in Linyi. A court later convicted him of intentional property damage and gathering a crowd to disrupt traffic; after prison, local personnel kept him under prolonged de facto house arrest and pressured his family and supporters.	NO	PASS_UNCHANGED
reread:batch10	12	chen-guangcheng	non-target	excerpt_ja	盲人の法律活動家・陳光誠は、臨沂の強制中絶、強制不妊手術など家族計画をめぐる人権侵害を記録した。裁判所は後に器物損壊と群衆を集めて交通秩序を乱した罪で陳本人に有罪判決を下し、出所後も地元当局関係者は事実上の自宅軟禁を続け、家族や支援者に圧力を加えた。	盲人の法律活動家・陳光誠は、臨沂の強制中絶、強制不妊手術など家族計画をめぐる人権侵害を記録した。裁判所は後に器物損壊と群衆を集めて交通秩序を乱した罪で陳本人に有罪判決を下し、出所後も地元当局関係者は事実上の自宅軟禁を続け、家族や支援者に圧力を加えた。	NO	PASS_UNCHANGED
reread:batch10	12	chen-guangcheng	non-target	excerpt_ko	시각장애인 법률 활동가 천광청은 린이의 강제 낙태·강제 불임수술 등 가족계획 인권침해 의혹을 기록했다. 법원은 이후 재물손괴와 군중을 모아 교통질서를 방해한 혐의로 천광청 본인에게 유죄를 선고했고, 출소 뒤에도 지방 당국 관계자들은 사실상 가택연금을 이어 가며 가족과 지원자들을 압박했다.	시각장애인 법률 활동가 천광청은 린이의 강제 낙태·강제 불임수술 등 가족계획 인권침해 의혹을 기록했다. 법원은 이후 재물손괴와 군중을 모아 교통질서를 방해한 혐의로 천광청 본인에게 유죄를 선고했고, 출소 뒤에도 지방 당국 관계자들은 사실상 가택연금을 이어 가며 가족과 지원자들을 압박했다.	NO	PASS_UNCHANGED
reread:batch10	12	chen-guangcheng	non-target	excerpt_es	El activista jurídico ciego Chen Guangcheng documentó denuncias de abortos y esterilizaciones forzadas y otros abusos de planificación familiar en Linyi. Un tribunal lo condenó después por daños intencionales a la propiedad y por reunir a una multitud para alterar el tráfico; tras cumplir prisión, personal local lo mantuvo bajo arresto domiciliario de facto y presionó a su familia y colaboradores.	El activista jurídico ciego Chen Guangcheng documentó denuncias de abortos y esterilizaciones forzadas y otros abusos de planificación familiar en Linyi. Un tribunal lo condenó después por daños intencionales a la propiedad y por reunir a una multitud para alterar el tráfico; tras cumplir prisión, personal local lo mantuvo bajo arresto domiciliario de facto y presionó a su familia y colaboradores.	NO	PASS_UNCHANGED
reread:batch10	12	chen-guangcheng	non-target	excerpt_de	Der blinde Rechtsaktivist Chen Guangcheng dokumentierte Vorwürfe erzwungener Abtreibungen und Sterilisationen sowie weitere Übergriffe bei der Familienplanung in Linyi. Ein Gericht verurteilte ihn später wegen vorsätzlicher Sachbeschädigung und der Versammlung einer Menschenmenge zur Störung des Verkehrs; nach der Haft hielten lokale Kräfte ihn faktisch unter Hausarrest und setzten Angehörige und Unterstützer unter Druck.	Der blinde Rechtsaktivist Chen Guangcheng dokumentierte Vorwürfe erzwungener Abtreibungen und Sterilisationen sowie weitere Übergriffe bei der Familienplanung in Linyi. Ein Gericht verurteilte ihn später wegen vorsätzlicher Sachbeschädigung und der Versammlung einer Menschenmenge zur Störung des Verkehrs; nach der Haft hielten lokale Kräfte ihn faktisch unter Hausarrest und setzten Angehörige und Unterstützer unter Druck.	NO	PASS_UNCHANGED
reread:batch10	12	chen-guangcheng	non-target	excerpt_fr	Le défenseur juridique aveugle Chen Guangcheng a documenté des allégations d'avortements et de stérilisations forcés ainsi que d'autres abus de la planification familiale à Linyi. Un tribunal l'a ensuite condamné pour dégradation volontaire de biens et rassemblement perturbant la circulation ; après sa peine, des agents locaux l'ont maintenu en résidence surveillée de fait et ont fait pression sur sa famille et ses soutiens.	Le défenseur juridique aveugle Chen Guangcheng a documenté des allégations d'avortements et de stérilisations forcés ainsi que d'autres abus de la planification familiale à Linyi. Un tribunal l'a ensuite condamné pour dégradation volontaire de biens et rassemblement perturbant la circulation ; après sa peine, des agents locaux l'ont maintenu en résidence surveillée de fait et ont fait pression sur sa famille et ses soutiens.	NO	PASS_UNCHANGED
reread:batch10	12	chen-guangcheng	non-target	excerpt_no	Den blinde rettighetsforkjemperen Chen Guangcheng dokumenterte anklager om tvangsaborter, tvangssterilisering og andre overgrep i familieplanleggingen i Linyi. En domstol dømte senere Chen selv for forsettlig skadeverk og for å ha samlet en folkemengde som forstyrret trafikken; etter soning holdt lokale aktører ham i de facto husarrest og presset familien og støttespillerne.	Den blinde rettighetsforkjemperen Chen Guangcheng dokumenterte anklager om tvangsaborter, tvangssterilisering og andre overgrep i familieplanleggingen i Linyi. En domstol dømte senere Chen selv for forsettlig skadeverk og for å ha samlet en folkemengde som forstyrret trafikken; etter soning holdt lokale aktører ham i de facto husarrest og presset familien og støttespillerne.	NO	PASS_UNCHANGED
reread:batch10	12	chen-guangcheng	non-target	excerpt_nl	De blinde rechtsactivist Chen Guangcheng documenteerde beschuldigingen van gedwongen abortussen en sterilisaties en andere misstanden bij de gezinsplanning in Linyi. Een rechtbank veroordeelde hem later wegens opzettelijke vernieling en het bijeenbrengen van een menigte die het verkeer verstoorde; na zijn gevangenisstraf hielden lokale functionarissen hem feitelijk onder huisarrest en zetten zij familie en medestanders onder druk.	De blinde rechtsactivist Chen Guangcheng documenteerde beschuldigingen van gedwongen abortussen en sterilisaties en andere misstanden bij de gezinsplanning in Linyi. Een rechtbank veroordeelde hem later wegens opzettelijke vernieling en het bijeenbrengen van een menigte die het verkeer verstoorde; na zijn gevangenisstraf hielden lokale functionarissen hem feitelijk onder huisarrest en zetten zij familie en medestanders onder druk.	NO	PASS_UNCHANGED
reread:batch10	12	chen-guangcheng	non-target	excerpt_it	L'attivista legale non vedente Chen Guangcheng documentò accuse di aborti e sterilizzazioni forzati e altri abusi della pianificazione familiare a Linyi. Un tribunale lo condannò poi per danneggiamento intenzionale e per aver radunato una folla che ostacolò il traffico; dopo il carcere, personale locale lo tenne di fatto agli arresti domiciliari e fece pressione su familiari e sostenitori.	L'attivista legale non vedente Chen Guangcheng documentò accuse di aborti e sterilizzazioni forzati e altri abusi della pianificazione familiare a Linyi. Un tribunale lo condannò poi per danneggiamento intenzionale e per aver radunato una folla che ostacolò il traffico; dopo il carcere, personale locale lo tenne di fatto agli arresti domiciliari e fece pressione su familiari e sostenitori.	NO	PASS_UNCHANGED
reread:batch10	12	chen-guangcheng	non-target	date	2012-04-22	2012-04-22	NO	PASS_UNCHANGED
reread:batch10	12	chen-guangcheng	non-target	url	posts/chen-guangcheng.html	posts/chen-guangcheng.html	NO	PASS_UNCHANGED
reread:batch10	13	causeway-bay-books	non-target	slug	causeway-bay-books	causeway-bay-books	NO	PASS_UNCHANGED
reread:batch10	13	causeway-bay-books	non-target	title_zh	銅鑼灣書店：跨境失聯與出版自由	銅鑼灣書店：跨境失聯與出版自由	NO	PASS_UNCHANGED
reread:batch10	13	causeway-bay-books	non-target	title_en	Causeway Bay Books: Cross-Border Disappearances and Publishing Freedom	Causeway Bay Books: Cross-Border Disappearances and Publishing Freedom	NO	PASS_UNCHANGED
reread:batch10	13	causeway-bay-books	non-target	title_ja	銅鑼湾書店：越境失踪と出版の自由	銅鑼湾書店：越境失踪と出版の自由	NO	PASS_UNCHANGED
reread:batch10	13	causeway-bay-books	non-target	title_ko	코즈웨이베이 서점: 국경을 넘는 실종과 출판의 자유	코즈웨이베이 서점: 국경을 넘는 실종과 출판의 자유	NO	PASS_UNCHANGED
reread:batch10	13	causeway-bay-books	non-target	title_es	Librería Causeway Bay: desapariciones transfronterizas y libertad editorial	Librería Causeway Bay: desapariciones transfronterizas y libertad editorial	NO	PASS_UNCHANGED
reread:batch10	13	causeway-bay-books	non-target	title_de	Causeway Bay Books: Grenzüberschreitendes Verschwindenlassen und Publikationsfreiheit	Causeway Bay Books: Grenzüberschreitendes Verschwindenlassen und Publikationsfreiheit	NO	PASS_UNCHANGED
reread:batch10	13	causeway-bay-books	non-target	title_fr	Causeway Bay Books : disparitions transfrontalières et liberté de publication	Causeway Bay Books : disparitions transfrontalières et liberté de publication	NO	PASS_UNCHANGED
reread:batch10	13	causeway-bay-books	non-target	title_no	Causeway Bay Books: grenseoverskridende forsvinninger og publiseringsfrihet	Causeway Bay Books: grenseoverskridende forsvinninger og publiseringsfrihet	NO	PASS_UNCHANGED
reread:batch10	13	causeway-bay-books	non-target	title_nl	Causeway Bay Books: grensoverschrijdende verdwijningen en publicatievrijheid	Causeway Bay Books: grensoverschrijdende verdwijningen en publicatievrijheid	NO	PASS_UNCHANGED
reread:batch10	13	causeway-bay-books	non-target	title_it	Libreria Causeway Bay: sparizioni transfrontaliere e libertà editoriale	Libreria Causeway Bay: sparizioni transfrontaliere e libertà editoriale	NO	PASS_UNCHANGED
reread:batch10	13	causeway-bay-books	non-target	excerpt_zh	2015年五名與銅鑼灣書店有關的人員相繼失聯，事件把跨境帶走、受控公開露面和香港出版自由置於同一條事實鏈。	2015年五名與銅鑼灣書店有關的人員相繼失聯，事件把跨境帶走、受控公開露面和香港出版自由置於同一條事實鏈。	NO	PASS_UNCHANGED
reread:batch10	13	causeway-bay-books	non-target	excerpt_en	In 2015, five booksellers connected with Causeway Bay Books disappeared or were taken across borders. Their controlled television appearances, Lam Wing-kee's later public account, and Gui Minhai's subsequent sentence exposed threats to publishing, book sales, and Hong Kong's legal protections.	In 2015, five booksellers connected with Causeway Bay Books disappeared or were taken across borders. Their controlled television appearances, Lam Wing-kee's later public account, and Gui Minhai's subsequent sentence exposed threats to publishing, book sales, and Hong Kong's legal protections.	NO	PASS_UNCHANGED
reread:batch10	13	causeway-bay-books	non-target	excerpt_ja	2015年、銅鑼湾書店の関係者5人が相次いで失踪した。越境して連れ去られたとの疑い、国営テレビでの統制された出演、そして出版の自由への危険が争点となった。	2015年、銅鑼湾書店の関係者5人が相次いで失踪した。越境して連れ去られたとの疑い、国営テレビでの統制された出演、そして出版の自由への危険が争点となった。	NO	PASS_UNCHANGED
reread:batch10	13	causeway-bay-books	non-target	excerpt_ko	2015년 코즈웨이베이 서점과 관련된 다섯 명의 서점 관계자가 잇따라 실종되거나 국경을 넘어 연행됐다. 통제된 텔레비전 출연, 람윙키의 공개 증언, 구이민하이의 후속 판결은 출판과 서적 판매의 자유 및 홍콩의 법적 보호가 받은 위협을 드러냈다.	2015년 코즈웨이베이 서점과 관련된 다섯 명의 서점 관계자가 잇따라 실종되거나 국경을 넘어 연행됐다. 통제된 텔레비전 출연, 람윙키의 공개 증언, 구이민하이의 후속 판결은 출판과 서적 판매의 자유 및 홍콩의 법적 보호가 받은 위협을 드러냈다.	NO	PASS_UNCHANGED
reread:batch10	13	causeway-bay-books	non-target	excerpt_es	En 2015, cinco libreros vinculados a Causeway Bay Books desaparecieron o fueron trasladados por la fuerza a través de fronteras. Sus apariciones televisivas controladas, el testimonio público posterior de Lam Wing-kee y la condena ulterior de Gui Minhai mostraron los riesgos para la edición, la venta de libros y las garantías jurídicas de Hong Kong.	En 2015, cinco libreros vinculados a Causeway Bay Books desaparecieron o fueron trasladados por la fuerza a través de fronteras. Sus apariciones televisivas controladas, el testimonio público posterior de Lam Wing-kee y la condena ulterior de Gui Minhai mostraron los riesgos para la edición, la venta de libros y las garantías jurídicas de Hong Kong.	NO	PASS_UNCHANGED
reread:batch10	13	causeway-bay-books	non-target	excerpt_de	2015 verschwanden fünf mit Causeway Bay Books verbundene Buchhändler oder wurden grenzüberschreitend verschleppt. Kontrollierte Fernsehauftritte, Lam Wing-kees spätere öffentliche Schilderung und die spätere Verurteilung Gui Minhais machten die Gefahren für Publikation, Buchverkauf und Hongkongs rechtliche Garantien sichtbar.	2015 verschwanden fünf mit Causeway Bay Books verbundene Buchhändler oder wurden grenzüberschreitend verschleppt. Kontrollierte Fernsehauftritte, Lam Wing-kees spätere öffentliche Schilderung und die spätere Verurteilung Gui Minhais machten die Gefahren für Publikation, Buchverkauf und Hongkongs rechtliche Garantien sichtbar.	NO	PASS_UNCHANGED
reread:batch10	13	causeway-bay-books	non-target	excerpt_fr	En 2015, cinq libraires liés à Causeway Bay Books ont disparu ou ont été emmenés de force au-delà des frontières. Leurs apparitions télévisées contrôlées, le témoignage public ultérieur de Lam Wing-kee et la condamnation postérieure de Gui Minhai ont révélé les menaces pesant sur l'édition, la vente de livres et les garanties juridiques de Hong Kong.	En 2015, cinq libraires liés à Causeway Bay Books ont disparu ou ont été emmenés de force au-delà des frontières. Leurs apparitions télévisées contrôlées, le témoignage public ultérieur de Lam Wing-kee et la condamnation postérieure de Gui Minhai ont révélé les menaces pesant sur l'édition, la vente de livres et les garanties juridiques de Hong Kong.	NO	PASS_UNCHANGED
reread:batch10	13	causeway-bay-books	non-target	excerpt_no	I 2015 forsvant fem bokhandlere med tilknytning til Causeway Bay Books eller ble ført bort over grenser. Kontrollerte TV-opptredener, Lam Wing-kees senere offentlige forklaring og den påfølgende dommen mot Gui Minhai viste truslene mot publisering, boksalg og Hongkongs rettslige garantier.	I 2015 forsvant fem bokhandlere med tilknytning til Causeway Bay Books eller ble ført bort over grenser. Kontrollerte TV-opptredener, Lam Wing-kees senere offentlige forklaring og den påfølgende dommen mot Gui Minhai viste truslene mot publisering, boksalg og Hongkongs rettslige garantier.	NO	PASS_UNCHANGED
reread:batch10	13	causeway-bay-books	non-target	excerpt_nl	In 2015 verdwenen vijf boekverkopers die met Causeway Bay Books verbonden waren of werden zij over de grens weggevoerd. Gecontroleerde televisieoptredens, Lam Wing-kees latere openbare verklaring en de daaropvolgende veroordeling van Gui Minhai maakten de bedreiging voor uitgeefvrijheid, boekverkoop en Hongkongs rechtswaarborgen zichtbaar.	In 2015 verdwenen vijf boekverkopers die met Causeway Bay Books verbonden waren of werden zij over de grens weggevoerd. Gecontroleerde televisieoptredens, Lam Wing-kees latere openbare verklaring en de daaropvolgende veroordeling van Gui Minhai maakten de bedreiging voor uitgeefvrijheid, boekverkoop en Hongkongs rechtswaarborgen zichtbaar.	NO	PASS_UNCHANGED
reread:batch10	13	causeway-bay-books	non-target	excerpt_it	Nel 2015 cinque librai legati a Causeway Bay Books scomparvero o furono portati con la forza oltre confine. Le apparizioni televisive controllate, la successiva testimonianza pubblica di Lam Wing-kee e la successiva condanna di Gui Minhai mostrarono le minacce alla libertà editoriale, alla vendita di libri e alle garanzie giuridiche di Hong Kong.	Nel 2015 cinque librai legati a Causeway Bay Books scomparvero o furono portati con la forza oltre confine. Le apparizioni televisive controllate, la successiva testimonianza pubblica di Lam Wing-kee e la successiva condanna di Gui Minhai mostrarono le minacce alla libertà editoriale, alla vendita di libri e alle garanzie giuridiche di Hong Kong.	NO	PASS_UNCHANGED
reread:batch10	13	causeway-bay-books	non-target	date	2015-10-14	2015-10-14	NO	PASS_UNCHANGED
reread:batch10	13	causeway-bay-books	non-target	url	posts/causeway-bay-books.html	posts/causeway-bay-books.html	NO	PASS_UNCHANGED
reread:batch10	14	jiang-tianyong	non-target	slug	jiang-tianyong	jiang-tianyong	NO	PASS_UNCHANGED
reread:batch10	14	jiang-tianyong	non-target	title_zh	江天勇：失聯、秘密羈押與刑滿後限制	江天勇：失聯、秘密羈押與刑滿後限制	NO	PASS_UNCHANGED
reread:batch10	14	jiang-tianyong	non-target	title_en	Jiang Tianyong: Lost Contact, Secret Detention and Post-Prison Restrictions	Jiang Tianyong: Lost Contact, Secret Detention and Post-Prison Restrictions	NO	PASS_UNCHANGED
reread:batch10	14	jiang-tianyong	non-target	title_ja	蒋天勇氏：連絡不能、極秘拘禁、刑務所後の制限	蒋天勇氏：連絡不能、極秘拘禁、刑務所後の制限	NO	PASS_UNCHANGED
reread:batch10	14	jiang-tianyong	non-target	title_ko	Jiang Tianyong: 연락 두절, 비밀 구금 및 구금 후 제한	Jiang Tianyong: 연락 두절, 비밀 구금 및 구금 후 제한	NO	PASS_UNCHANGED
reread:batch10	14	jiang-tianyong	non-target	title_es	Jiang Tianyong: pérdida de contacto, detención secreta y restricciones posteriores a la prisión	Jiang Tianyong: pérdida de contacto, detención secreta y restricciones posteriores a la prisión	NO	PASS_UNCHANGED
reread:batch10	14	jiang-tianyong	non-target	title_de	Jiang Tianyong: Kontaktverlust, geheime Inhaftierung und Einschränkungen nach dem Gefängnisaufenthalt	Jiang Tianyong: Kontaktverlust, geheime Inhaftierung und Einschränkungen nach dem Gefängnisaufenthalt	NO	PASS_UNCHANGED
reread:batch10	14	jiang-tianyong	non-target	title_fr	Jiang Tianyong : perte de contact, détention secrète et restrictions post-carcérales	Jiang Tianyong : perte de contact, détention secrète et restrictions post-carcérales	NO	PASS_UNCHANGED
reread:batch10	14	jiang-tianyong	non-target	title_no	Jiang Tianyong: Tapt kontakt, hemmelig internering og restriksjoner etter fengsel	Jiang Tianyong: Tapt kontakt, hemmelig internering og restriksjoner etter fengsel	NO	PASS_UNCHANGED
reread:batch10	14	jiang-tianyong	non-target	title_nl	Jiang Tianyong: verloren contact, geheime detentie en beperkingen na de gevangenis	Jiang Tianyong: verloren contact, geheime detentie en beperkingen na de gevangenis	NO	PASS_UNCHANGED
reread:batch10	14	jiang-tianyong	non-target	title_it	Jiang Tianyong: contatti perduti, detenzione segreta e restrizioni post-prigione	Jiang Tianyong: contatti perduti, detenzione segreta e restrizioni post-prigione	NO	PASS_UNCHANGED
reread:batch10	14	jiang-tianyong	non-target	excerpt_zh	人權律師江天勇2016年失聯後被以煽動顛覆國家政權罪判刑；其案件涵蓋指定居所監視居住、電視認罪、健康與家庭壓力。	人權律師江天勇2016年失聯後被以煽動顛覆國家政權罪判刑；其案件涵蓋指定居所監視居住、電視認罪、健康與家庭壓力。	NO	PASS_UNCHANGED
reread:batch10	14	jiang-tianyong	non-target	excerpt_en	Human rights lawyer Jiang Tianyong was sentenced for inciting subversion of state power after losing contact in 2016; his cases covered residential surveillance in a designated residence, televised confessions, health and family pressure.	Human rights lawyer Jiang Tianyong was sentenced for inciting subversion of state power after losing contact in 2016; his cases covered residential surveillance in a designated residence, televised confessions, health and family pressure.	NO	PASS_UNCHANGED
reread:batch10	14	jiang-tianyong	non-target	excerpt_ja	人権弁護士の江天勇氏は、2016年に連絡が取れなくなった後、国家権力転覆を扇動した罪で有罪判決を受けた。彼の事件は、指定された住居での住居監視、テレビ放映された自白、健康状態、家族の圧力などをカバーしていた。	人権弁護士の江天勇氏は、2016年に連絡が取れなくなった後、国家権力転覆を扇動した罪で有罪判決を受けた。彼の事件は、指定された住居での住居監視、テレビ放映された自白、健康状態、家族の圧力などをカバーしていた。	NO	PASS_UNCHANGED
reread:batch10	14	jiang-tianyong	non-target	excerpt_ko	인권 변호사 장텐용(Jiang Tianyong)은 2016년 연락이 두절된 뒤 국가 권력 전복을 선동한 혐의로 형을 선고받았다. 그의 사건은 지정된 거주지에서의 주거 감시, 텔레비전 고백, 건강 및 가족 압력을 다루었습니다.	인권 변호사 장텐용(Jiang Tianyong)은 2016년 연락이 두절된 뒤 국가 권력 전복을 선동한 혐의로 형을 선고받았다. 그의 사건은 지정된 거주지에서의 주거 감시, 텔레비전 고백, 건강 및 가족 압력을 다루었습니다.	NO	PASS_UNCHANGED
reread:batch10	14	jiang-tianyong	non-target	excerpt_es	El abogado de derechos humanos Jiang Tianyong fue sentenciado por incitar a la subversión del poder estatal después de perder contacto en 2016; sus casos abarcaron vigilancia domiciliaria en una residencia designada, confesiones televisadas, salud y presión familiar.	El abogado de derechos humanos Jiang Tianyong fue sentenciado por incitar a la subversión del poder estatal después de perder contacto en 2016; sus casos abarcaron vigilancia domiciliaria en una residencia designada, confesiones televisadas, salud y presión familiar.	NO	PASS_UNCHANGED
reread:batch10	14	jiang-tianyong	non-target	excerpt_de	Menschenrechtsanwalt Jiang Tianyong wurde wegen Anstiftung zur Subversion der Staatsmacht verurteilt, nachdem er 2016 den Kontakt verloren hatte; Seine Fälle betrafen die Überwachung von Wohnräumen in einem bestimmten Wohnort, im Fernsehen übertragene Geständnisse, Gesundheitsprobleme und familiären Druck.	Menschenrechtsanwalt Jiang Tianyong wurde wegen Anstiftung zur Subversion der Staatsmacht verurteilt, nachdem er 2016 den Kontakt verloren hatte; Seine Fälle betrafen die Überwachung von Wohnräumen in einem bestimmten Wohnort, im Fernsehen übertragene Geständnisse, Gesundheitsprobleme und familiären Druck.	NO	PASS_UNCHANGED
reread:batch10	14	jiang-tianyong	non-target	excerpt_fr	L'avocat des droits humains Jiang Tianyong a été condamné pour incitation à la subversion du pouvoir de l'État après avoir perdu contact en 2016 ; ses cas couvraient la surveillance résidentielle dans une résidence désignée, les aveux télévisés, la santé et les pressions familiales.	L'avocat des droits humains Jiang Tianyong a été condamné pour incitation à la subversion du pouvoir de l'État après avoir perdu contact en 2016 ; ses cas couvraient la surveillance résidentielle dans une résidence désignée, les aveux télévisés, la santé et les pressions familiales.	NO	PASS_UNCHANGED
reread:batch10	14	jiang-tianyong	non-target	excerpt_no	Menneskerettighetsadvokat Jiang Tianyong ble dømt for å ha oppfordret til undergraving av statsmakt etter å ha mistet kontakten i 2016; sakene hans dekket overvåking av boliger i en bestemt bolig, tilståelser på TV, helse og familiepress.	Menneskerettighetsadvokat Jiang Tianyong ble dømt for å ha oppfordret til undergraving av statsmakt etter å ha mistet kontakten i 2016; sakene hans dekket overvåking av boliger i en bestemt bolig, tilståelser på TV, helse og familiepress.	NO	PASS_UNCHANGED
reread:batch10	14	jiang-tianyong	non-target	excerpt_nl	Mensenrechtenadvocaat Jiang Tianyong werd veroordeeld wegens het aanzetten tot ondermijning van de staatsmacht nadat hij in 2016 het contact had verloren; zijn zaken hadden betrekking op woningtoezicht in een aangewezen woning, bekentenissen op televisie, gezondheids- en gezinsdruk.	Mensenrechtenadvocaat Jiang Tianyong werd veroordeeld wegens het aanzetten tot ondermijning van de staatsmacht nadat hij in 2016 het contact had verloren; zijn zaken hadden betrekking op woningtoezicht in een aangewezen woning, bekentenissen op televisie, gezondheids- en gezinsdruk.	NO	PASS_UNCHANGED
reread:batch10	14	jiang-tianyong	non-target	excerpt_it	L’avvocato per i diritti umani Jiang Tianyong è stato condannato per incitamento alla sovversione del potere statale dopo aver perso i contatti nel 2016; i suoi casi riguardavano la sorveglianza residenziale in una residenza designata, confessioni televisive, pressioni sanitarie e familiari.	L’avvocato per i diritti umani Jiang Tianyong è stato condannato per incitamento alla sovversione del potere statale dopo aver perso i contatti nel 2016; i suoi casi riguardavano la sorveglianza residenziale in una residenza designata, confessioni televisive, pressioni sanitarie e familiari.	NO	PASS_UNCHANGED
reread:batch10	14	jiang-tianyong	non-target	date	2017-11-21	2017-11-21	NO	PASS_UNCHANGED
reread:batch10	14	jiang-tianyong	non-target	url	posts/jiang-tianyong.html	posts/jiang-tianyong.html	NO	PASS_UNCHANGED
reread:batch10	15	hk-47	non-target	slug	hk-47	hk-47	NO	PASS_UNCHANGED
reread:batch10	15	hk-47	non-target	title_zh	香港47人案：初選、國安起訴與長期羈押	香港47人案：初選、國安起訴與長期羈押	NO	PASS_UNCHANGED
reread:batch10	15	hk-47	non-target	title_en	The case of the Hong Kong 47: primaries, national security prosecutions and long-term detention	The case of the Hong Kong 47: primaries, national security prosecutions and long-term detention	NO	PASS_UNCHANGED
reread:batch10	15	hk-47	non-target	title_ja	香港47の事件：予備選、国家安全保障上の訴追、長期拘留	香港47の事件：予備選、国家安全保障上の訴追、長期拘留	NO	PASS_UNCHANGED
reread:batch10	15	hk-47	non-target	title_ko	홍콩 47 사건: 경선, 국가안보 기소, 장기 구금	홍콩 47 사건: 경선, 국가안보 기소, 장기 구금	NO	PASS_UNCHANGED
reread:batch10	15	hk-47	non-target	title_es	El caso de los 47 de Hong Kong: primarias, procesamientos por seguridad nacional y detenciones de larga duración	El caso de los 47 de Hong Kong: primarias, procesamientos por seguridad nacional y detenciones de larga duración	NO	PASS_UNCHANGED
reread:batch10	15	hk-47	non-target	title_de	Der Fall der Hong Kong 47: Vorwahlen, Strafverfolgungen im Rahmen der nationalen Sicherheit und Langzeithaft	Der Fall der Hong Kong 47: Vorwahlen, Strafverfolgungen im Rahmen der nationalen Sicherheit und Langzeithaft	NO	PASS_UNCHANGED
reread:batch10	15	hk-47	non-target	title_fr	Le cas des 47 de Hong Kong : primaires, poursuites pour atteinte à la sécurité nationale et détention de longue durée	Le cas des 47 de Hong Kong : primaires, poursuites pour atteinte à la sécurité nationale et détention de longue durée	NO	PASS_UNCHANGED
reread:batch10	15	hk-47	non-target	title_no	Saken om Hong Kong 47: primærvalg, nasjonal sikkerhetsforfølgelse og langvarig internering	Saken om Hong Kong 47: primærvalg, nasjonal sikkerhetsforfølgelse og langvarig internering	NO	PASS_UNCHANGED
reread:batch10	15	hk-47	non-target	title_nl	De zaak van de Hong Kong 47: voorverkiezingen, vervolgingen op het gebied van de nationale veiligheid en langdurige detentie	De zaak van de Hong Kong 47: voorverkiezingen, vervolgingen op het gebied van de nationale veiligheid en langdurige detentie	NO	PASS_UNCHANGED
reread:batch10	15	hk-47	non-target	title_it	Il caso dei 47 di Hong Kong: primarie, procedimenti giudiziari per sicurezza nazionale e detenzione a lungo termine	Il caso dei 47 di Hong Kong: primarie, procedimenti giudiziari per sicurezza nazionale e detenzione a lungo termine	NO	PASS_UNCHANGED
reread:batch10	15	hk-47	non-target	excerpt_zh	香港47人案以2020年民主派初選的參與者、候選人與組織者為主體；香港國安警察其後大規模拘捕，47人被以《港區國安法》下「串謀顛覆國家政權」起訴。多名被告在審判前被羈押多年，案件經長期審理後於2024年定罪並判處四年二個月至十年不等刑期。	香港47人案以2020年民主派初選的參與者、候選人與組織者為主體；香港國安警察其後大規模拘捕，47人被以《港區國安法》下「串謀顛覆國家政權」起訴。多名被告在審判前被羈押多年，案件經長期審理後於2024年定罪並判處四年二個月至十年不等刑期。	NO	PASS_UNCHANGED
reread:batch10	15	hk-47	non-target	excerpt_en	The Hong Kong 47 case concerns candidates, organizers, and participants in the 2020 pro-democracy primary. National-security police carried out mass arrests, and 47 people were prosecuted for “conspiracy to subvert state power” under the National Security Law; many spent years in pretrial detention before the lengthy trial ended in convictions and prison terms ranging from four years and two months to ten years in 2024.	The Hong Kong 47 case concerns candidates, organizers, and participants in the 2020 pro-democracy primary. National-security police carried out mass arrests, and 47 people were prosecuted for “conspiracy to subvert state power” under the National Security Law; many spent years in pretrial detention before the lengthy trial ended in convictions and prison terms ranging from four years and two months to ten years in 2024.	NO	PASS_UNCHANGED
reread:batch10	15	hk-47	non-target	excerpt_ja	香港47人事件の主体は、2020年の民主派予備選に参加した候補者、運営者、関係者である。国家安全警察による一斉逮捕後、47人が国家安全維持法の「国家政権転覆共謀」で起訴され、多くが数年にわたり公判前勾留された。長期審理を経て2024年に有罪判決が下され、刑期は4年2か月から10年となった。	香港47人事件の主体は、2020年の民主派予備選に参加した候補者、運営者、関係者である。国家安全警察による一斉逮捕後、47人が国家安全維持法の「国家政権転覆共謀」で起訴され、多くが数年にわたり公判前勾留された。長期審理を経て2024年に有罪判決が下され、刑期は4年2か月から10年となった。	NO	PASS_UNCHANGED
reread:batch10	15	hk-47	non-target	excerpt_ko	홍콩 47인 사건은 2020년 민주파 예비선거의 후보·조직자·참여자를 대상으로 한다. 국가안보경찰의 대규모 체포 뒤 47명이 국가보안법상 ‘국가정권 전복 공모’ 혐의로 기소됐고, 다수는 재판 전에 수년간 구금됐다. 장기 재판 끝에 2024년 유죄판결과 징역 4년 2개월에서 10년의 형이 선고됐다.	홍콩 47인 사건은 2020년 민주파 예비선거의 후보·조직자·참여자를 대상으로 한다. 국가안보경찰의 대규모 체포 뒤 47명이 국가보안법상 ‘국가정권 전복 공모’ 혐의로 기소됐고, 다수는 재판 전에 수년간 구금됐다. 장기 재판 끝에 2024년 유죄판결과 징역 4년 2개월에서 10년의 형이 선고됐다.	NO	PASS_UNCHANGED
reread:batch10	15	hk-47	non-target	excerpt_es	El caso de los 47 de Hong Kong afecta a candidatos, organizadores y participantes de las primarias prodemocráticas de 2020. Tras las detenciones masivas de la policía de seguridad nacional, 47 personas fueron procesadas por «conspiración para subvertir el poder del Estado» en virtud de la Ley de Seguridad Nacional; muchas pasaron años en prisión preventiva antes de que el largo juicio concluyera en 2024 con condenas de entre cuatro años y dos meses y diez años de prisión.	El caso de los 47 de Hong Kong afecta a candidatos, organizadores y participantes de las primarias prodemocráticas de 2020. Tras las detenciones masivas de la policía de seguridad nacional, 47 personas fueron procesadas por «conspiración para subvertir el poder del Estado» en virtud de la Ley de Seguridad Nacional; muchas pasaron años en prisión preventiva antes de que el largo juicio concluyera en 2024 con condenas de entre cuatro años y dos meses y diez años de prisión.	NO	PASS_UNCHANGED
reread:batch10	15	hk-47	non-target	excerpt_de	Im Fall der Hongkonger 47 stehen Kandidaten, Organisatoren und Teilnehmende der demokratiefreundlichen Vorwahl von 2020 im Mittelpunkt. Nach Massenfestnahmen durch die nationale Sicherheitspolizei wurden 47 Personen nach dem Nationalen Sicherheitsgesetz wegen „Verschwörung zur Untergrabung der Staatsmacht“ angeklagt; viele blieben vor dem langwierigen Prozess jahrelang in Untersuchungshaft. 2024 endete das Verfahren mit Schuldsprüchen und Freiheitsstrafen von vier Jahren und zwei Monaten bis zu zehn Jahren.	Im Fall der Hongkonger 47 stehen Kandidaten, Organisatoren und Teilnehmende der demokratiefreundlichen Vorwahl von 2020 im Mittelpunkt. Nach Massenfestnahmen durch die nationale Sicherheitspolizei wurden 47 Personen nach dem Nationalen Sicherheitsgesetz wegen „Verschwörung zur Untergrabung der Staatsmacht“ angeklagt; viele blieben vor dem langwierigen Prozess jahrelang in Untersuchungshaft. 2024 endete das Verfahren mit Schuldsprüchen und Freiheitsstrafen von vier Jahren und zwei Monaten bis zu zehn Jahren.	NO	PASS_UNCHANGED
reread:batch10	15	hk-47	non-target	excerpt_fr	L’affaire des 47 de Hong Kong concerne les candidats, organisateurs et participants à la primaire prodémocratie de 2020. Après les arrestations massives menées par la police de sécurité nationale, 47 personnes ont été poursuivies pour « complot en vue de subvertir le pouvoir de l’État » au titre de la loi sur la sécurité nationale ; beaucoup ont passé des années en détention provisoire avant que le long procès n’aboutisse, en 2024, à des condamnations allant de quatre ans et deux mois à dix ans de prison.	L’affaire des 47 de Hong Kong concerne les candidats, organisateurs et participants à la primaire prodémocratie de 2020. Après les arrestations massives menées par la police de sécurité nationale, 47 personnes ont été poursuivies pour « complot en vue de subvertir le pouvoir de l’État » au titre de la loi sur la sécurité nationale ; beaucoup ont passé des années en détention provisoire avant que le long procès n’aboutisse, en 2024, à des condamnations allant de quatre ans et deux mois à dix ans de prison.	NO	PASS_UNCHANGED
reread:batch10	15	hk-47	non-target	excerpt_no	Saken mot Hongkong 47 gjelder kandidater, arrangører og deltakere i det prodemokratiske primærvalget i 2020. Etter massearrestasjoner utført av det nasjonale sikkerhetspolitiet ble 47 personer tiltalt for «sammensvergelse for å undergrave statsmakten» etter den nasjonale sikkerhetsloven; mange satt i varetekt i flere år før den langvarige rettssaken endte i 2024 med fengselsstraffer fra fire år og to måneder til ti år.	Saken mot Hongkong 47 gjelder kandidater, arrangører og deltakere i det prodemokratiske primærvalget i 2020. Etter massearrestasjoner utført av det nasjonale sikkerhetspolitiet ble 47 personer tiltalt for «sammensvergelse for å undergrave statsmakten» etter den nasjonale sikkerhetsloven; mange satt i varetekt i flere år før den langvarige rettssaken endte i 2024 med fengselsstraffer fra fire år og to måneder til ti år.	NO	PASS_UNCHANGED
reread:batch10	15	hk-47	non-target	excerpt_nl	De zaak van de Hongkong 47 draait om kandidaten, organisatoren en deelnemers aan de prodemocratische voorverkiezing van 2020. Na massa-arrestaties door de nationale veiligheidspolitie werden 47 mensen op grond van de Nationale Veiligheidswet vervolgd wegens ‘samenzwering om de staatsmacht te ondermijnen’; velen zaten vóór het langdurige proces jarenlang vast. In 2024 volgden veroordelingen en gevangenisstraffen van vier jaar en twee maanden tot tien jaar.	De zaak van de Hongkong 47 draait om kandidaten, organisatoren en deelnemers aan de prodemocratische voorverkiezing van 2020. Na massa-arrestaties door de nationale veiligheidspolitie werden 47 mensen op grond van de Nationale Veiligheidswet vervolgd wegens ‘samenzwering om de staatsmacht te ondermijnen’; velen zaten vóór het langdurige proces jarenlang vast. In 2024 volgden veroordelingen en gevangenisstraffen van vier jaar en twee maanden tot tien jaar.	NO	PASS_UNCHANGED
reread:batch10	15	hk-47	non-target	excerpt_it	Il caso dei 47 di Hong Kong riguarda candidati, organizzatori e partecipanti alle primarie prodemocrazia del 2020. Dopo gli arresti di massa della polizia per la sicurezza nazionale, 47 persone sono state perseguite ai sensi della Legge sulla sicurezza nazionale per «cospirazione volta a sovvertire il potere dello Stato»; molte sono rimaste per anni in custodia cautelare prima che il lungo processo si concludesse nel 2024 con condanne da quattro anni e due mesi a dieci anni di carcere.	Il caso dei 47 di Hong Kong riguarda candidati, organizzatori e partecipanti alle primarie prodemocrazia del 2020. Dopo gli arresti di massa della polizia per la sicurezza nazionale, 47 persone sono state perseguite ai sensi della Legge sulla sicurezza nazionale per «cospirazione volta a sovvertire il potere dello Stato»; molte sono rimaste per anni in custodia cautelare prima che il lungo processo si concludesse nel 2024 con condanne da quattro anni e due mesi a dieci anni di carcere.	NO	PASS_UNCHANGED
reread:batch10	15	hk-47	non-target	date	2024-11-19	2024-11-19	NO	PASS_UNCHANGED
reread:batch10	15	hk-47	non-target	url	posts/hk-47.html	posts/hk-47.html	NO	PASS_UNCHANGED
reread:batch10	16	hk-12	non-target	slug	hk-12	hk-12	NO	PASS_UNCHANGED
reread:batch10	16	hk-12	non-target	title_zh	十二港人：海上截獲與跨境程序缺口	十二港人：海上截獲與跨境程序缺口	NO	PASS_UNCHANGED
reread:batch10	16	hk-12	non-target	title_en	Twelve Hong Kongers: Maritime interceptions and cross-border procedural gaps	Twelve Hong Kongers: Maritime interceptions and cross-border procedural gaps	NO	PASS_UNCHANGED
reread:batch10	16	hk-12	non-target	title_ja	香港12人：中国海警による海上での拿捕と越境手続の欠落	香港12人：中国海警による海上での拿捕と越境手続の欠落	NO	PASS_UNCHANGED
reread:batch10	16	hk-12	non-target	title_ko	홍콩인 12명: 중국 해경의 해상 나포와 국경 간 절차 공백	홍콩인 12명: 중국 해경의 해상 나포와 국경 간 절차 공백	NO	PASS_UNCHANGED
reread:batch10	16	hk-12	non-target	title_es	Doce hongkoneses: interceptaciones marítimas y lagunas procesales transfronterizas	Doce hongkoneses: interceptaciones marítimas y lagunas procesales transfronterizas	NO	PASS_UNCHANGED
reread:batch10	16	hk-12	non-target	title_de	Zwölf Hongkonger: Aufbringung durch die Küstenwache und grenzüberschreitende Verfahrenslücken	Zwölf Hongkonger: Aufbringung durch die Küstenwache und grenzüberschreitende Verfahrenslücken	NO	PASS_UNCHANGED
reread:batch10	16	hk-12	non-target	title_fr	Douze Hongkongais : interceptions maritimes et lacunes procédurales transfrontalières	Douze Hongkongais : interceptions maritimes et lacunes procédurales transfrontalières	NO	PASS_UNCHANGED
reread:batch10	16	hk-12	non-target	title_no	Tolv hongkongere: avskjæring til sjøs og grenseoverskridende rettssikkerhetshull	Tolv hongkongere: avskjæring til sjøs og grenseoverskridende rettssikkerhetshull	NO	PASS_UNCHANGED
reread:batch10	16	hk-12	non-target	title_nl	Twaalf Hongkongers: maritieme onderscheppingen en grensoverschrijdende procedurele hiaten	Twaalf Hongkongers: maritieme onderscheppingen en grensoverschrijdende procedurele hiaten	NO	PASS_UNCHANGED
reread:batch10	16	hk-12	non-target	title_it	Dodici hongkonghesi: fermo in mare e lacune procedurali transfrontaliere	Dodici hongkonghesi: fermo in mare e lacune procedurali transfrontaliere	NO	PASS_UNCHANGED
reread:batch10	16	hk-12	non-target	excerpt_zh	12名香港人士2020年在海上被中國海警截獲並在深圳羈押，家屬自行聘請的律師被阻止接觸；其後的起訴、判刑及移交香港顯示跨境程序、通信、公開審判和法律救濟保障不足。	12名香港人士2020年在海上被中國海警截獲並在深圳羈押，家屬自行聘請的律師被阻止接觸；其後的起訴、判刑及移交香港顯示跨境程序、通信、公開審判和法律救濟保障不足。	NO	PASS_UNCHANGED
reread:batch10	16	hk-12	non-target	excerpt_en	Twelve Hong Kong people were stopped and taken into custody at sea by the China Coast Guard in 2020 and detained in Shenzhen, where lawyers chosen by their families were denied access. The later prosecutions, sentences, and transfers to Hong Kong exposed gaps in cross-border procedure, communication, public hearings, and effective legal remedies.	Twelve Hong Kong people were stopped and taken into custody at sea by the China Coast Guard in 2020 and detained in Shenzhen, where lawyers chosen by their families were denied access. The later prosecutions, sentences, and transfers to Hong Kong exposed gaps in cross-border procedure, communication, public hearings, and effective legal remedies.	NO	PASS_UNCHANGED
reread:batch10	16	hk-12	non-target	excerpt_ja	2020年、香港人12人は海上で中国海警に拿捕され、深圳で拘束された。家族が自ら依頼した弁護士との接触は阻まれ、その後の起訴、判決、香港への移送は、越境手続、通信、公開裁判、実効的な法的救済の不足を示した。	2020年、香港人12人は海上で中国海警に拿捕され、深圳で拘束された。家族が自ら依頼した弁護士との接触は阻まれ、その後の起訴、判決、香港への移送は、越境手続、通信、公開裁判、実効的な法的救済の不足を示した。	NO	PASS_UNCHANGED
reread:batch10	16	hk-12	non-target	excerpt_ko	2020년 홍콩인 12명은 바다에서 중국 해경에 의해 나포·구금된 뒤 선전에 수감됐고, 가족이 직접 선임한 변호사들의 접견은 차단됐다. 이후의 기소·선고와 홍콩 이송은 국경 간 절차, 통신, 공개재판과 실효적 법적 구제의 공백을 드러냈다.	2020년 홍콩인 12명은 바다에서 중국 해경에 의해 나포·구금된 뒤 선전에 수감됐고, 가족이 직접 선임한 변호사들의 접견은 차단됐다. 이후의 기소·선고와 홍콩 이송은 국경 간 절차, 통신, 공개재판과 실효적 법적 구제의 공백을 드러냈다.	NO	PASS_UNCHANGED
reread:batch10	16	hk-12	non-target	excerpt_es	Doce personas de Hong Kong fueron detenidas en el mar por la Guardia Costera china en 2020 y recluidas en Shenzhen, donde se impidió el acceso de los abogados elegidos por sus familias. Los posteriores procesos, condenas y traslados a Hong Kong revelaron carencias en el procedimiento transfronterizo, las comunicaciones, las vistas públicas y los recursos jurídicos efectivos.	Doce personas de Hong Kong fueron detenidas en el mar por la Guardia Costera china en 2020 y recluidas en Shenzhen, donde se impidió el acceso de los abogados elegidos por sus familias. Los posteriores procesos, condenas y traslados a Hong Kong revelaron carencias en el procedimiento transfronterizo, las comunicaciones, las vistas públicas y los recursos jurídicos efectivos.	NO	PASS_UNCHANGED
reread:batch10	16	hk-12	non-target	excerpt_de	Zwölf Menschen aus Hongkong wurden 2020 von der chinesischen Küstenwache auf See angehalten und in Gewahrsam genommen sowie in Shenzhen festgehalten; den von ihren Familien beauftragten Anwälten wurde der Zugang verweigert. Spätere Anklagen, Urteile und Überstellungen nach Hongkong zeigten Lücken bei grenzüberschreitenden Verfahren, Kommunikation, öffentlichen Verhandlungen und wirksamen Rechtsbehelfen.	Zwölf Menschen aus Hongkong wurden 2020 von der chinesischen Küstenwache auf See angehalten und in Gewahrsam genommen sowie in Shenzhen festgehalten; den von ihren Familien beauftragten Anwälten wurde der Zugang verweigert. Spätere Anklagen, Urteile und Überstellungen nach Hongkong zeigten Lücken bei grenzüberschreitenden Verfahren, Kommunikation, öffentlichen Verhandlungen und wirksamen Rechtsbehelfen.	NO	PASS_UNCHANGED
reread:batch10	16	hk-12	non-target	excerpt_fr	Douze Hongkongais ont été arrêtés en mer par les garde-côtes chinois en 2020 puis détenus à Shenzhen, où les avocats choisis par leurs familles n'ont pas pu les rencontrer. Les poursuites, condamnations et transferts ultérieurs vers Hong Kong ont révélé des lacunes concernant la procédure transfrontalière, les communications, la publicité des audiences et les recours juridiques effectifs.	Douze Hongkongais ont été arrêtés en mer par les garde-côtes chinois en 2020 puis détenus à Shenzhen, où les avocats choisis par leurs familles n'ont pas pu les rencontrer. Les poursuites, condamnations et transferts ultérieurs vers Hong Kong ont révélé des lacunes concernant la procédure transfrontalière, les communications, la publicité des audiences et les recours juridiques effectifs.	NO	PASS_UNCHANGED
reread:batch10	16	hk-12	non-target	excerpt_no	Tolv personer fra Hongkong ble stanset og tatt i varetekt til sjøs av den kinesiske kystvakten i 2020 og holdt i Shenzhen, der advokater valgt av familiene ble nektet kontakt. Senere tiltaler, dommer og overføringer til Hongkong viste mangler ved grenseoverskridende prosedyrer, kommunikasjon, åpne rettsmøter og effektive rettsmidler.	Tolv personer fra Hongkong ble stanset og tatt i varetekt til sjøs av den kinesiske kystvakten i 2020 og holdt i Shenzhen, der advokater valgt av familiene ble nektet kontakt. Senere tiltaler, dommer og overføringer til Hongkong viste mangler ved grenseoverskridende prosedyrer, kommunikasjon, åpne rettsmøter og effektive rettsmidler.	NO	PASS_UNCHANGED
reread:batch10	16	hk-12	non-target	excerpt_nl	Twaalf Hongkongers werden in 2020 op zee door de Chinese kustwacht tegengehouden en in hechtenis genomen en daarna in Shenzhen vastgehouden; advocaten die hun families zelf hadden gekozen, kregen geen toegang. Latere vervolgingen, vonnissen en overbrengingen naar Hongkong legden tekortkomingen bloot in grensoverschrijdende procedures, communicatie, openbare zittingen en doeltreffende rechtsmiddelen.	Twaalf Hongkongers werden in 2020 op zee door de Chinese kustwacht tegengehouden en in hechtenis genomen en daarna in Shenzhen vastgehouden; advocaten die hun families zelf hadden gekozen, kregen geen toegang. Latere vervolgingen, vonnissen en overbrengingen naar Hongkong legden tekortkomingen bloot in grensoverschrijdende procedures, communicatie, openbare zittingen en doeltreffende rechtsmiddelen.	NO	PASS_UNCHANGED
reread:batch10	16	hk-12	non-target	excerpt_it	Dodici persone di Hong Kong furono fermate e prese in custodia in mare dalla guardia costiera cinese nel 2020 e detenute a Shenzhen, dove fu impedito l'accesso agli avvocati scelti dalle famiglie. Le successive incriminazioni, condanne e consegne a Hong Kong mostrarono carenze nelle procedure transfrontaliere, nelle comunicazioni, nelle udienze pubbliche e nei rimedi giuridici effettivi.	Dodici persone di Hong Kong furono fermate e prese in custodia in mare dalla guardia costiera cinese nel 2020 e detenute a Shenzhen, dove fu impedito l'accesso agli avvocati scelti dalle famiglie. Le successive incriminazioni, condanne e consegne a Hong Kong mostrarono carenze nelle procedure transfrontaliere, nelle comunicazioni, nelle udienze pubbliche e nei rimedi giuridici effettivi.	NO	PASS_UNCHANGED
reread:batch10	16	hk-12	non-target	date	2020-12-30	2020-12-30	NO	PASS_UNCHANGED
reread:batch10	16	hk-12	non-target	url	posts/hk-12.html	posts/hk-12.html	NO	PASS_UNCHANGED
reread:batch10	17	feng-county-chained-woman	non-target	slug	feng-county-chained-woman	feng-county-chained-woman	NO	PASS_UNCHANGED
reread:batch10	17	feng-county-chained-woman	non-target	title_zh	豐縣鐵鏈女事件：拐賣、婚姻與資訊控制	豐縣鐵鏈女事件：拐賣、婚姻與資訊控制	NO	PASS_UNCHANGED
reread:batch10	17	feng-county-chained-woman	non-target	title_en	Feng County chained woman: trafficking, marriage and information control	Feng County chained woman: trafficking, marriage and information control	NO	PASS_UNCHANGED
reread:batch10	17	feng-county-chained-woman	non-target	title_ja	豊県の鎖につながれた女性：人身売買、婚姻と情報統制	豊県の鎖につながれた女性：人身売買、婚姻と情報統制	NO	PASS_UNCHANGED
reread:batch10	17	feng-county-chained-woman	non-target	title_ko	펑현 쇠사슬 여성 사건: 인신매매, 혼인과 정보 통제	펑현 쇠사슬 여성 사건: 인신매매, 혼인과 정보 통제	NO	PASS_UNCHANGED
reread:batch10	17	feng-county-chained-woman	non-target	title_es	La mujer encadenada de Feng: trata, matrimonio y control de la información	La mujer encadenada de Feng: trata, matrimonio y control de la información	NO	PASS_UNCHANGED
reread:batch10	17	feng-county-chained-woman	non-target	title_de	Die angekettete Frau aus Feng: Menschenhandel, Ehe und Informationskontrolle	Die angekettete Frau aus Feng: Menschenhandel, Ehe und Informationskontrolle	NO	PASS_UNCHANGED
reread:batch10	17	feng-county-chained-woman	non-target	title_fr	La femme enchaînée de Feng : traite, mariage et contrôle de l’information	La femme enchaînée de Feng : traite, mariage et contrôle de l’information	NO	PASS_UNCHANGED
reread:batch10	17	feng-county-chained-woman	non-target	title_no	Den lenkede kvinnen i Feng: menneskehandel, ekteskap og informasjonskontroll	Den lenkede kvinnen i Feng: menneskehandel, ekteskap og informasjonskontroll	NO	PASS_UNCHANGED
reread:batch10	17	feng-county-chained-woman	non-target	title_nl	De geketende vrouw uit Feng: mensenhandel, huwelijk en informatiecontrole	De geketende vrouw uit Feng: mensenhandel, huwelijk en informatiecontrole	NO	PASS_UNCHANGED
reread:batch10	17	feng-county-chained-woman	non-target	title_it	La donna incatenata di Feng: tratta, matrimonio e controllo dell’informazione	La donna incatenata di Feng: tratta, matrimonio e controllo dell’informazione	NO	PASS_UNCHANGED
reread:batch10	17	feng-county-chained-woman	non-target	excerpt_zh	2022年流傳的影片顯示一名女子在江蘇豐縣被鐵鏈束縛。多輪地方說明、後續省級調查與對調查者的壓力，使拐賣、婚姻登記和救濟成為核心問題。	2022年流傳的影片顯示一名女子在江蘇豐縣被鐵鏈束縛。多輪地方說明、後續省級調查與對調查者的壓力，使拐賣、婚姻登記和救濟成為核心問題。	NO	PASS_UNCHANGED
reread:batch10	17	feng-county-chained-woman	non-target	excerpt_en	A 2022 video showed a woman restrained by a chain in Feng County, Jiangsu. Local statements, the provincial inquiry and pressure on investigators put trafficking, marriage registration and access to legal and administrative remedies at the centre of the case.	A 2022 video showed a woman restrained by a chain in Feng County, Jiangsu. Local statements, the provincial inquiry and pressure on investigators put trafficking, marriage registration and access to legal and administrative remedies at the centre of the case.	NO	PASS_UNCHANGED
reread:batch10	17	feng-county-chained-woman	non-target	excerpt_ja	2022年に拡散した映像は、江蘇省豊県で一人の女性が鎖につながれている状況を示した。地方通達、省級調査、調査者への圧力により、人身売買、婚姻登録、法的・行政上の救済へのアクセスが争点となった。	2022年に拡散した映像は、江蘇省豊県で一人の女性が鎖につながれている状況を示した。地方通達、省級調査、調査者への圧力により、人身売買、婚姻登録、法的・行政上の救済へのアクセスが争点となった。	NO	PASS_UNCHANGED
reread:batch10	17	feng-county-chained-woman	non-target	excerpt_ko	2022년에 유포된 영상은 장쑤성 펑현에서 한 여성이 쇠사슬에 묶인 모습을 보여 주었다. 지방 통보, 성급 조사와 조사자에 대한 압력은 인신매매, 혼인 등록 및 법적·행정적 구제 접근을 사건의 핵심 쟁점으로 만들었다.	2022년에 유포된 영상은 장쑤성 펑현에서 한 여성이 쇠사슬에 묶인 모습을 보여 주었다. 지방 통보, 성급 조사와 조사자에 대한 압력은 인신매매, 혼인 등록 및 법적·행정적 구제 접근을 사건의 핵심 쟁점으로 만들었다.	NO	PASS_UNCHANGED
reread:batch10	17	feng-county-chained-woman	non-target	excerpt_es	Un vídeo difundido en 2022 mostró a una mujer sujeta con una cadena en el condado de Feng, Jiangsu. Los comunicados locales, la investigación provincial y la presión sobre quienes investigaban situaron en el centro del caso la trata, el registro matrimonial y el acceso a recursos jurídicos y administrativos.	Un vídeo difundido en 2022 mostró a una mujer sujeta con una cadena en el condado de Feng, Jiangsu. Los comunicados locales, la investigación provincial y la presión sobre quienes investigaban situaron en el centro del caso la trata, el registro matrimonial y el acceso a recursos jurídicos y administrativos.	NO	PASS_UNCHANGED
reread:batch10	17	feng-county-chained-woman	non-target	excerpt_de	Ein 2022 verbreitetes Video zeigte eine in Feng, Jiangsu, mit einer Kette gefesselte Frau. Lokale Mitteilungen, die Untersuchung auf Provinzebene und Druck auf Nachforschende rückten Menschenhandel, Eheschließungsregistrierung und den Zugang zu Rechts- und Verwaltungsrechtsbehelfen in den Mittelpunkt.	Ein 2022 verbreitetes Video zeigte eine in Feng, Jiangsu, mit einer Kette gefesselte Frau. Lokale Mitteilungen, die Untersuchung auf Provinzebene und Druck auf Nachforschende rückten Menschenhandel, Eheschließungsregistrierung und den Zugang zu Rechts- und Verwaltungsrechtsbehelfen in den Mittelpunkt.	NO	PASS_UNCHANGED
reread:batch10	17	feng-county-chained-woman	non-target	excerpt_fr	Une vidéo diffusée en 2022 montrait une femme entravée par une chaîne dans le district de Feng, au Jiangsu. Les communiqués locaux, l’enquête provinciale et la pression sur les enquêteurs ont placé au cœur de l’affaire la traite, l’enregistrement du mariage et l’accès à des recours juridiques et administratifs.	Une vidéo diffusée en 2022 montrait une femme entravée par une chaîne dans le district de Feng, au Jiangsu. Les communiqués locaux, l’enquête provinciale et la pression sur les enquêteurs ont placé au cœur de l’affaire la traite, l’enregistrement du mariage et l’accès à des recours juridiques et administratifs.	NO	PASS_UNCHANGED
reread:batch10	17	feng-county-chained-woman	non-target	excerpt_no	En video som sirkulerte i 2022 viste en kvinne lenket fast i Feng fylke i Jiangsu. Lokale uttalelser, provinsundersøkelsen og press mot dem som undersøkte saken gjorde menneskehandel, ekteskapsregistrering og tilgang til rettslige og administrative rettsmidler til kjernespørsmål.	En video som sirkulerte i 2022 viste en kvinne lenket fast i Feng fylke i Jiangsu. Lokale uttalelser, provinsundersøkelsen og press mot dem som undersøkte saken gjorde menneskehandel, ekteskapsregistrering og tilgang til rettslige og administrative rettsmidler til kjernespørsmål.	NO	PASS_UNCHANGED
reread:batch10	17	feng-county-chained-woman	non-target	excerpt_nl	Een video die in 2022 werd verspreid, toonde een vrouw die met een ketting was vastgebonden in Feng, Jiangsu. Lokale verklaringen, het provinciale onderzoek en druk op onderzoekers maakten mensenhandel, huwelijksregistratie en toegang tot juridische en administratieve rechtsmiddelen tot kernvragen.	Een video die in 2022 werd verspreid, toonde een vrouw die met een ketting was vastgebonden in Feng, Jiangsu. Lokale verklaringen, het provinciale onderzoek en druk op onderzoekers maakten mensenhandel, huwelijksregistratie en toegang tot juridische en administratieve rechtsmiddelen tot kernvragen.	NO	PASS_UNCHANGED
reread:batch10	17	feng-county-chained-woman	non-target	excerpt_it	Un video diffuso nel 2022 mostrava una donna legata con una catena nella contea di Feng, Jiangsu. I comunicati locali, l’indagine provinciale e le pressioni su chi indagava hanno posto al centro del caso la tratta, la registrazione del matrimonio e l’accesso a rimedi giuridici e amministrativi.	Un video diffuso nel 2022 mostrava una donna legata con una catena nella contea di Feng, Jiangsu. I comunicati locali, l’indagine provinciale e le pressioni su chi indagava hanno posto al centro del caso la tratta, la registrazione del matrimonio e l’accesso a rimedi giuridici e amministrativi.	NO	PASS_UNCHANGED
reread:batch10	17	feng-county-chained-woman	non-target	date	2022-01-27	2022-01-27	NO	PASS_UNCHANGED
reread:batch10	17	feng-county-chained-woman	non-target	url	posts/feng-county-chained-woman.html	posts/feng-county-chained-woman.html	NO	PASS_UNCHANGED
reread:batch10	18	xinjiang-camps	non-target	slug	xinjiang-camps	xinjiang-camps	NO	PASS_UNCHANGED
reread:batch10	18	xinjiang-camps	non-target	title_zh	新疆拘禁體系：任意拘禁、家庭分離與強迫同化	新疆拘禁體系：任意拘禁、家庭分離與強迫同化	NO	PASS_UNCHANGED
reread:batch10	18	xinjiang-camps	non-target	title_en	Xinjiang’s Internment System: Arbitrary Detention, Family Separation, and Forced Assimilation	Xinjiang’s Internment System: Arbitrary Detention, Family Separation, and Forced Assimilation	NO	PASS_UNCHANGED
reread:batch10	18	xinjiang-camps	non-target	title_ja	新疆の拘禁制度：恣意的拘禁、家族分離、強制的同化	新疆の拘禁制度：恣意的拘禁、家族分離、強制的同化	NO	PASS_UNCHANGED
reread:batch10	18	xinjiang-camps	non-target	title_ko	신장 구금 체계: 자의적 구금, 가족 분리와 강제 동화	신장 구금 체계: 자의적 구금, 가족 분리와 강제 동화	NO	PASS_UNCHANGED
reread:batch10	18	xinjiang-camps	non-target	title_es	El sistema de internamiento de Xinjiang: detención arbitraria, separación familiar y asimilación forzada	El sistema de internamiento de Xinjiang: detención arbitraria, separación familiar y asimilación forzada	NO	PASS_UNCHANGED
reread:batch10	18	xinjiang-camps	non-target	title_de	Xinjiangs Internierungssystem: willkürliche Haft, Familientrennung und erzwungene Assimilation	Xinjiangs Internierungssystem: willkürliche Haft, Familientrennung und erzwungene Assimilation	NO	PASS_UNCHANGED
reread:batch10	18	xinjiang-camps	non-target	title_fr	Le système d’internement du Xinjiang : détention arbitraire, séparation familiale et assimilation forcée	Le système d’internement du Xinjiang : détention arbitraire, séparation familiale et assimilation forcée	NO	PASS_UNCHANGED
reread:batch10	18	xinjiang-camps	non-target	title_no	Interneringssystemet i Xinjiang: vilkårlig fengsling, familiesplittelse og tvungen assimilering	Interneringssystemet i Xinjiang: vilkårlig fengsling, familiesplittelse og tvungen assimilering	NO	PASS_UNCHANGED
reread:batch10	18	xinjiang-camps	non-target	title_nl	Het interneringssysteem in Xinjiang: willekeurige detentie, familiescheiding en gedwongen assimilatie	Het interneringssysteem in Xinjiang: willekeurige detentie, familiescheiding en gedwongen assimilatie	NO	PASS_UNCHANGED
reread:batch10	18	xinjiang-camps	non-target	title_it	Il sistema di internamento nello Xinjiang: detenzione arbitraria, separazione familiare e assimilazione forzata	Il sistema di internamento nello Xinjiang: detenzione arbitraria, separazione familiare e assimilazione forzata	NO	PASS_UNCHANGED
reread:batch10	18	xinjiang-camps	non-target	excerpt_zh	中國政府稱相關設施為「職業技能教育培訓中心」；OHCHR、衛星影像、洩露文件、研究與家屬材料則分別記錄任意和歧視性拘禁、失蹤、勞動轉移、寄宿教育與家庭分離。	中國政府稱相關設施為「職業技能教育培訓中心」；OHCHR、衛星影像、洩露文件、研究與家屬材料則分別記錄任意和歧視性拘禁、失蹤、勞動轉移、寄宿教育與家庭分離。	NO	PASS_UNCHANGED
reread:batch10	18	xinjiang-camps	non-target	excerpt_en	The Chinese government calls the facilities “vocational education and training centres.” OHCHR, satellite imagery, leaked files, research, and family records separately document arbitrary and discriminatory detention, disappearance, labour transfers, boarding education, and family separation.	The Chinese government calls the facilities “vocational education and training centres.” OHCHR, satellite imagery, leaked files, research, and family records separately document arbitrary and discriminatory detention, disappearance, labour transfers, boarding education, and family separation.	NO	PASS_UNCHANGED
reread:batch10	18	xinjiang-camps	non-target	excerpt_ja	中国政府は施設を「職業技能教育訓練センター」と呼ぶ。OHCHR、衛星画像、流出文書、研究、家族資料は、恣意的・差別的拘禁、失踪、労働移転、寄宿教育、家族分離をそれぞれ記録している。	中国政府は施設を「職業技能教育訓練センター」と呼ぶ。OHCHR、衛星画像、流出文書、研究、家族資料は、恣意的・差別的拘禁、失踪、労働移転、寄宿教育、家族分離をそれぞれ記録している。	NO	PASS_UNCHANGED
reread:batch10	18	xinjiang-camps	non-target	excerpt_ko	중국 정부는 관련 시설을 ‘직업기술교육훈련센터’라고 부른다. OHCHR, 위성사진, 유출 문건, 연구와 가족 자료는 자의적·차별적 구금, 실종, 노동 이송, 기숙교육과 가족 분리를 각각 기록한다.	중국 정부는 관련 시설을 ‘직업기술교육훈련센터’라고 부른다. OHCHR, 위성사진, 유출 문건, 연구와 가족 자료는 자의적·차별적 구금, 실종, 노동 이송, 기숙교육과 가족 분리를 각각 기록한다.	NO	PASS_UNCHANGED
reread:batch10	18	xinjiang-camps	non-target	excerpt_es	El gobierno chino denomina las instalaciones “centros de educación y formación profesional”. ACNUDH, imágenes satelitales, documentos filtrados, estudios y materiales familiares documentan detención arbitraria y discriminatoria, desapariciones, traslados laborales, internados y separación familiar.	El gobierno chino denomina las instalaciones “centros de educación y formación profesional”. ACNUDH, imágenes satelitales, documentos filtrados, estudios y materiales familiares documentan detención arbitraria y discriminatoria, desapariciones, traslados laborales, internados y separación familiar.	NO	PASS_UNCHANGED
reread:batch10	18	xinjiang-camps	non-target	excerpt_de	Die chinesische Regierung bezeichnet die Einrichtungen als „Berufsbildungs- und Ausbildungszentren“. OHCHR, Satellitenbilder, geleakte Dokumente, Forschung und Familienmaterial dokumentieren willkürliche und diskriminierende Haft, Verschwinden, Arbeitstransfers, Internatserziehung und Familientrennung.	Die chinesische Regierung bezeichnet die Einrichtungen als „Berufsbildungs- und Ausbildungszentren“. OHCHR, Satellitenbilder, geleakte Dokumente, Forschung und Familienmaterial dokumentieren willkürliche und diskriminierende Haft, Verschwinden, Arbeitstransfers, Internatserziehung und Familientrennung.	NO	PASS_UNCHANGED
reread:batch10	18	xinjiang-camps	non-target	excerpt_fr	Le gouvernement chinois appelle ces installations « centres d’enseignement et de formation professionnels ». HCDH, images satellite, documents divulgués, recherches et témoignages familiaux documentent détention arbitraire et discriminatoire, disparitions, transferts de main-d’œuvre, internats et séparation familiale.	Le gouvernement chinois appelle ces installations « centres d’enseignement et de formation professionnels ». HCDH, images satellite, documents divulgués, recherches et témoignages familiaux documentent détention arbitraire et discriminatoire, disparitions, transferts de main-d’œuvre, internats et séparation familiale.	NO	PASS_UNCHANGED
reread:batch10	18	xinjiang-camps	non-target	excerpt_no	Kinesiske myndigheter omtaler anleggene som «sentre for yrkesutdanning og opplæring». OHCHR, satellittbilder, lekkede dokumenter, forskning og familiemateriale dokumenterer vilkårlig og diskriminerende internering, forsvinninger, arbeidsoverføring, internatskoler og familiesplittelse.	Kinesiske myndigheter omtaler anleggene som «sentre for yrkesutdanning og opplæring». OHCHR, satellittbilder, lekkede dokumenter, forskning og familiemateriale dokumenterer vilkårlig og diskriminerende internering, forsvinninger, arbeidsoverføring, internatskoler og familiesplittelse.	NO	PASS_UNCHANGED
reread:batch10	18	xinjiang-camps	non-target	excerpt_nl	De Chinese regering noemt de instellingen “centra voor beroepsonderwijs en -opleiding”. OHCHR, satellietbeelden, gelekte documenten, onderzoek en familiemateriaal documenteren willekeurige en discriminerende detentie, verdwijningen, arbeidsoverdracht, kostscholen en familiescheiding.	De Chinese regering noemt de instellingen “centra voor beroepsonderwijs en -opleiding”. OHCHR, satellietbeelden, gelekte documenten, onderzoek en familiemateriaal documenteren willekeurige en discriminerende detentie, verdwijningen, arbeidsoverdracht, kostscholen en familiescheiding.	NO	PASS_UNCHANGED
reread:batch10	18	xinjiang-camps	non-target	excerpt_it	Il governo cinese definisce le strutture “centri di istruzione e formazione professionale”. OHCHR, immagini satellitari, documenti trapelati, ricerche e materiali familiari documentano detenzione arbitraria e discriminatoria, scomparse, trasferimenti di lavoro, collegi e separazione familiare.	Il governo cinese definisce le strutture “centri di istruzione e formazione professionale”. OHCHR, immagini satellitari, documenti trapelati, ricerche e materiali familiari documentano detenzione arbitraria e discriminatoria, scomparse, trasferimenti di lavoro, collegi e separazione familiare.	NO	PASS_UNCHANGED
reread:batch10	18	xinjiang-camps	non-target	date	2017-04-01	2017-04-01	NO	PASS_UNCHANGED
reread:batch10	18	xinjiang-camps	non-target	url	posts/xinjiang-camps.html	posts/xinjiang-camps.html	NO	PASS_UNCHANGED
reread:batch10	19	liu-xiaobo	target	slug	liu-xiaobo	liu-xiaobo	NO	PASS_UNCHANGED
reread:batch10	19	liu-xiaobo	target	title_zh	劉曉波：六四、《零八憲章》、十一年刑期與羈押醫療責任	劉曉波：六四、《零八憲章》、十一年刑期與羈押醫療責任	NO	PASS_UNCHANGED
reread:batch10	19	liu-xiaobo	target	title_en	Liu Xiaobo: Tiananmen, Charter 08, an Eleven-Year Sentence, and Medical Responsibility in Custody	Liu Xiaobo: Tiananmen, Charter 08, an Eleven-Year Sentence, and Medical Responsibility in Custody	NO	PASS_UNCHANGED
reread:batch10	19	liu-xiaobo	target	title_ja	劉暁波：天安門事件、零八憲章、懲役11年と拘禁中の医療責任	劉暁波：天安門事件、零八憲章、懲役11年と拘禁中の医療責任	NO	PASS_UNCHANGED
reread:batch10	19	liu-xiaobo	target	title_ko	류샤오보: 톈안먼, 08헌장, 징역 11년과 구금 중 의료 책임	류샤오보: 톈안먼, 08헌장, 징역 11년과 구금 중 의료 책임	NO	PASS_UNCHANGED
reread:batch10	19	liu-xiaobo	target	title_es	Liu Xiaobo: Tiananmén, Carta 08, once años de prisión y responsabilidad médica bajo custodia	Liu Xiaobo: Tiananmén, Carta 08, once años de prisión y responsabilidad médica bajo custodia	NO	PASS_UNCHANGED
reread:batch10	19	liu-xiaobo	target	title_de	Liu Xiaobo: Tiananmen, Charta 08, elf Jahre Haft und medizinische Verantwortung in Gewahrsam	Liu Xiaobo: Tiananmen, Charta 08, elf Jahre Haft und medizinische Verantwortung in Gewahrsam	NO	PASS_UNCHANGED
reread:batch10	19	liu-xiaobo	target	title_fr	Liu Xiaobo : Tiananmen, Charte 08, onze ans de prison et responsabilité médicale en détention	Liu Xiaobo : Tiananmen, Charte 08, onze ans de prison et responsabilité médicale en détention	NO	PASS_UNCHANGED
reread:batch10	19	liu-xiaobo	target	title_no	Liu Xiaobo: Tiananmen, Charter 08, elleve års fengsel og medisinsk ansvar i varetekt	Liu Xiaobo: Tiananmen, Charter 08, elleve års fengsel og medisinsk ansvar under soning	YES	PASS_CHANGED_AUTHORIZED
reread:batch10	19	liu-xiaobo	target	title_nl	Liu Xiaobo: Tiananmen, Charter 08, elf jaar cel en medische verantwoordelijkheid in detentie	Liu Xiaobo: Tiananmen, Charter 08, elf jaar cel en medische verantwoordelijkheid in detentie	NO	PASS_UNCHANGED
reread:batch10	19	liu-xiaobo	target	title_it	Liu Xiaobo: Tiananmen, Carta 08, undici anni di carcere e responsabilità medica in custodia	Liu Xiaobo: Tiananmen, Carta 08, undici anni di carcere e responsabilità medica in custodia	NO	PASS_UNCHANGED
reread:batch10	19	liu-xiaobo	target	excerpt_zh	劉曉波因和平倡議《零八憲章》被以「煽動顛覆國家政權罪」判刑十一年，獲諾貝爾和平獎後仍在押；晚期肝癌期間境外治療請求被拒，最終死於羈押。	劉曉波因和平倡議《零八憲章》被以「煽動顛覆國家政權罪」判刑十一年，獲諾貝爾和平獎後仍在押；晚期肝癌期間境外治療請求被拒，最終死於羈押。	NO	PASS_UNCHANGED
reread:batch10	19	liu-xiaobo	target	excerpt_en	Liu Xiaobo received an eleven-year sentence for “inciting subversion of state power” over peaceful Charter 08 advocacy and remained imprisoned after receiving the Nobel Peace Prize. Diagnosed with terminal liver cancer, he was denied treatment abroad and died in custody.	Liu Xiaobo received an eleven-year sentence for “inciting subversion of state power” over peaceful Charter 08 advocacy and remained imprisoned after receiving the Nobel Peace Prize. Diagnosed with terminal liver cancer, he was denied treatment abroad and died in custody.	NO	PASS_UNCHANGED
reread:batch10	19	liu-xiaobo	target	excerpt_ja	劉暁波は平和的な「零八憲章」の提唱により「国家政権転覆扇動罪」で懲役11年とされ、ノーベル平和賞受賞後も拘禁された。末期肝臓がんで海外治療を求めたが拒まれ、拘禁中に死亡した。	劉暁波は平和的な「零八憲章」の提唱により「国家政権転覆扇動罪」で懲役11年とされ、ノーベル平和賞受賞後も拘禁された。末期肝臓がんで海外治療を求めたが拒まれ、拘禁中に死亡した。	NO	PASS_UNCHANGED
reread:batch10	19	liu-xiaobo	target	excerpt_ko	류샤오보는 평화적인 08헌장 활동으로 ‘국가정권 전복 선동죄’ 징역 11년을 선고받고 노벨평화상 수상 뒤에도 수감됐다. 말기 간암 진단 후 해외 치료 요청이 거부됐고 구금 중 사망했다.	류샤오보는 평화적인 08헌장 활동으로 ‘국가정권 전복 선동죄’ 징역 11년을 선고받고 노벨평화상 수상 뒤에도 수감됐다. 말기 간암 진단 후 해외 치료 요청이 거부됐고 구금 중 사망했다.	NO	PASS_UNCHANGED
reread:batch10	19	liu-xiaobo	target	excerpt_es	Liu Xiaobo fue condenado a once años por “incitar a la subversión del poder del Estado” debido a su defensa pacífica de Carta 08 y siguió preso tras recibir el Nobel de la Paz. Con cáncer hepático terminal, se rechazó su tratamiento en el extranjero y murió bajo custodia.	Liu Xiaobo fue condenado a once años por “incitar a la subversión del poder del Estado” debido a su defensa pacífica de Carta 08 y siguió preso tras recibir el Nobel de la Paz. Con cáncer hepático terminal, se rechazó su tratamiento en el extranjero y murió bajo custodia.	NO	PASS_UNCHANGED
reread:batch10	19	liu-xiaobo	target	excerpt_de	Für sein friedliches Eintreten für die Charta 08 erhielt Liu Xiaobo elf Jahre Haft wegen „Anstiftung zum Umsturz der Staatsgewalt“ und blieb auch nach dem Friedensnobelpreis in Haft. Bei Leberkrebs im Endstadium wurde eine Auslandsbehandlung abgelehnt; er starb in Gewahrsam.	Für sein friedliches Eintreten für die Charta 08 erhielt Liu Xiaobo elf Jahre Haft wegen „Anstiftung zum Umsturz der Staatsgewalt“ und blieb auch nach dem Friedensnobelpreis in Haft. Bei Leberkrebs im Endstadium wurde eine Auslandsbehandlung abgelehnt; er starb in Gewahrsam.	NO	PASS_UNCHANGED
reread:batch10	19	liu-xiaobo	target	excerpt_fr	Liu Xiaobo a été condamné à onze ans pour « incitation à la subversion du pouvoir de l’État » en raison de son plaidoyer pacifique pour la Charte 08 et est resté détenu après le prix Nobel de la paix. Atteint d’un cancer du foie terminal, il s’est vu refuser des soins à l’étranger et est mort en détention.	Liu Xiaobo a été condamné à onze ans pour « incitation à la subversion du pouvoir de l’État » en raison de son plaidoyer pacifique pour la Charte 08 et est resté détenu après le prix Nobel de la paix. Atteint d’un cancer du foie terminal, il s’est vu refuser des soins à l’étranger et est mort en détention.	NO	PASS_UNCHANGED
reread:batch10	19	liu-xiaobo	target	excerpt_no	Liu Xiaobo fikk elleve års fengsel for «oppfordring til undergraving av statsmakten» etter fredelig arbeid for Charter 08 og forble fengslet etter Nobels fredspris. Med terminal leverkreft fikk han avslag på behandling i utlandet og døde i varetekt.	Liu Xiaobo fikk elleve års fengsel for «oppfordring til undergraving av statsmakten» etter fredelig arbeid for Charter 08 og forble fengslet etter Nobels fredspris. Med terminal leverkreft fikk han avslag på behandling i utlandet og døde mens han fortsatt var frihetsberøvet av staten.	YES	PASS_CHANGED_AUTHORIZED
reread:batch10	19	liu-xiaobo	target	excerpt_nl	Liu Xiaobo kreeg elf jaar cel wegens “aanzetten tot ondermijning van de staatsmacht” voor zijn vreedzame inzet voor Charter 08 en bleef na de Nobelprijs voor de Vrede opgesloten. Met terminale leverkanker werd behandeling in het buitenland geweigerd; hij stierf in detentie.	Liu Xiaobo kreeg elf jaar cel wegens “aanzetten tot ondermijning van de staatsmacht” voor zijn vreedzame inzet voor Charter 08 en bleef na de Nobelprijs voor de Vrede opgesloten. Met terminale leverkanker werd behandeling in het buitenland geweigerd; hij stierf in detentie.	NO	PASS_UNCHANGED
reread:batch10	19	liu-xiaobo	target	excerpt_it	Liu Xiaobo fu condannato a undici anni per “incitamento alla sovversione del potere statale” a causa dell’impegno pacifico per Carta 08 e rimase detenuto dopo il Nobel per la pace. Malato di cancro epatico terminale, si vide negare le cure all’estero e morì in custodia.	Liu Xiaobo fu condannato a undici anni per “incitamento alla sovversione del potere statale” a causa dell’impegno pacifico per Carta 08 e rimase detenuto dopo il Nobel per la pace. Malato di cancro epatico terminale, si vide negare le cure all’estero e morì in custodia.	NO	PASS_UNCHANGED
reread:batch10	19	liu-xiaobo	target	date	2017-07-13	2017-07-13	NO	PASS_UNCHANGED
reread:batch10	19	liu-xiaobo	target	url	posts/liu-xiaobo.html	posts/liu-xiaobo.html	NO	PASS_UNCHANGED
reread:batch10	20	dalai-lama-exile	non-target	slug	dalai-lama-exile	dalai-lama-exile	NO	PASS_UNCHANGED
reread:batch10	20	dalai-lama-exile	non-target	title_zh	達賴喇嘛流亡：宗教領導、社群與跨境壓力	達賴喇嘛流亡：宗教領導、社群與跨境壓力	NO	PASS_UNCHANGED
reread:batch10	20	dalai-lama-exile	non-target	title_en	The Dalai Lama in Exile: Religious Leadership, Community and Cross-Border Pressure	The Dalai Lama in Exile: Religious Leadership, Community and Cross-Border Pressure	NO	PASS_UNCHANGED
reread:batch10	20	dalai-lama-exile	non-target	title_ja	亡命中のダライ・ラマ：宗教指導、共同体と越境圧力	亡命中のダライ・ラマ：宗教指導、共同体と越境圧力	NO	PASS_UNCHANGED
reread:batch10	20	dalai-lama-exile	non-target	title_ko	망명 달라이 라마: 종교 지도력, 공동체와 초국경 압력	망명 달라이 라마: 종교 지도력, 공동체와 초국경 압력	NO	PASS_UNCHANGED
reread:batch10	20	dalai-lama-exile	non-target	title_es	El Dalái Lama en el exilio: liderazgo religioso, comunidad y presión transfronteriza	El Dalái Lama en el exilio: liderazgo religioso, comunidad y presión transfronteriza	NO	PASS_UNCHANGED
reread:batch10	20	dalai-lama-exile	non-target	title_de	Der Dalai Lama im Exil: religiöse Führung, Gemeinschaft und grenzüberschreitender Druck	Der Dalai Lama im Exil: religiöse Führung, Gemeinschaft und grenzüberschreitender Druck	NO	PASS_UNCHANGED
reread:batch10	20	dalai-lama-exile	non-target	title_fr	Le Dalaï-Lama en exil : autorité religieuse, communauté et pression transfrontalière	Le Dalaï-Lama en exil : autorité religieuse, communauté et pression transfrontalière	NO	PASS_UNCHANGED
reread:batch10	20	dalai-lama-exile	non-target	title_no	Dalai Lama i eksil: religiøst lederskap, fellesskap og grenseoverskridende press	Dalai Lama i eksil: religiøst lederskap, fellesskap og grenseoverskridende press	NO	PASS_UNCHANGED
reread:batch10	20	dalai-lama-exile	non-target	title_nl	De Dalai Lama in ballingschap: religieus leiderschap, gemeenschap en grensoverschrijdende druk	De Dalai Lama in ballingschap: religieus leiderschap, gemeenschap en grensoverschrijdende druk	NO	PASS_UNCHANGED
reread:batch10	20	dalai-lama-exile	non-target	title_it	Il Dalai Lama in esilio: guida religiosa, comunità e pressione transfrontaliera	Il Dalai Lama in esilio: guida religiosa, comunità e pressione transfrontaliera	NO	PASS_UNCHANGED
reread:batch10	20	dalai-lama-exile	non-target	excerpt_zh	1959年3月17日達賴喇嘛離開拉薩，流亡行政隨後建立。根敦確吉尼瑪的下落、轉世認定控制、寄宿教育、語言與宗教政策及遷移壓力，持續重塑藏人家庭、社群與信仰傳承。	1959年3月17日達賴喇嘛離開拉薩，流亡行政隨後建立。根敦確吉尼瑪的下落、轉世認定控制、寄宿教育、語言與宗教政策及遷移壓力，持續重塑藏人家庭、社群與信仰傳承。	NO	PASS_UNCHANGED
reread:batch10	20	dalai-lama-exile	non-target	excerpt_en	The Dalai Lama left Lhasa on March 17, 1959, and an exile administration followed. Gedhun Choekyi Nyima’s whereabouts, state control of reincarnation, boarding education, language and religious policies, and relocation pressure continue to reshape Tibetan families, communities, and religious succession.	The Dalai Lama left Lhasa on March 17, 1959, and an exile administration followed. Gedhun Choekyi Nyima’s whereabouts, state control of reincarnation, boarding education, language and religious policies, and relocation pressure continue to reshape Tibetan families, communities, and religious succession.	NO	PASS_UNCHANGED
reread:batch10	20	dalai-lama-exile	non-target	excerpt_ja	ダライ・ラマは1959年3月17日にラサを離れ、のちに亡命行政が設立された。ゲンドゥン・チューキ・ニマの所在、転生認定への国家統制、寄宿教育、言語・宗教政策、移住圧力は、チベット人の家族、共同体、信仰継承を変え続けている。	ダライ・ラマは1959年3月17日にラサを離れ、のちに亡命行政が設立された。ゲンドゥン・チューキ・ニマの所在、転生認定への国家統制、寄宿教育、言語・宗教政策、移住圧力は、チベット人の家族、共同体、信仰継承を変え続けている。	NO	PASS_UNCHANGED
reread:batch10	20	dalai-lama-exile	non-target	excerpt_ko	달라이 라마는 1959년 3월 17일 라싸를 떠났고 이후 망명 행정부가 세워졌다. 겐둔 최키 니마의 행방, 환생 인정에 대한 국가 통제, 기숙형 교육, 언어·종교 정책과 이주 압력은 티베트인의 가족·공동체·신앙 계승을 계속 바꾸고 있다.	달라이 라마는 1959년 3월 17일 라싸를 떠났고 이후 망명 행정부가 세워졌다. 겐둔 최키 니마의 행방, 환생 인정에 대한 국가 통제, 기숙형 교육, 언어·종교 정책과 이주 압력은 티베트인의 가족·공동체·신앙 계승을 계속 바꾸고 있다.	NO	PASS_UNCHANGED
reread:batch10	20	dalai-lama-exile	non-target	excerpt_es	El Dalái Lama salió de Lhasa el 17 de marzo de 1959 y después se estableció una administración en el exilio. El paradero de Gedhun Choekyi Nyima, el control estatal de la reencarnación, la educación en internados y las políticas lingüísticas, religiosas y de reubicación siguen alterando a familias, comunidades y la sucesión religiosa tibetanas.	El Dalái Lama salió de Lhasa el 17 de marzo de 1959 y después se estableció una administración en el exilio. El paradero de Gedhun Choekyi Nyima, el control estatal de la reencarnación, la educación en internados y las políticas lingüísticas, religiosas y de reubicación siguen alterando a familias, comunidades y la sucesión religiosa tibetanas.	NO	PASS_UNCHANGED
reread:batch10	20	dalai-lama-exile	non-target	excerpt_de	Der Dalai Lama verließ Lhasa am 17. März 1959; danach entstand eine Exilverwaltung. Der Verbleib Gedhun Choekyi Nyimas, staatliche Kontrolle über Reinkarnationen, Internatserziehung sowie Sprach-, Religions- und Umsiedlungspolitik prägen tibetische Familien, Gemeinschaften und religiöse Nachfolge bis heute.	Der Dalai Lama verließ Lhasa am 17. März 1959; danach entstand eine Exilverwaltung. Der Verbleib Gedhun Choekyi Nyimas, staatliche Kontrolle über Reinkarnationen, Internatserziehung sowie Sprach-, Religions- und Umsiedlungspolitik prägen tibetische Familien, Gemeinschaften und religiöse Nachfolge bis heute.	NO	PASS_UNCHANGED
reread:batch10	20	dalai-lama-exile	non-target	excerpt_fr	Le Dalaï-Lama a quitté Lhassa le 17 mars 1959, puis une administration en exil a été établie. Le sort de Gedhun Choekyi Nyima, le contrôle étatique des réincarnations, l’éducation en internat et les politiques linguistiques, religieuses et de relogement continuent de transformer les familles, les communautés et la succession religieuse tibétaines.	Le Dalaï-Lama a quitté Lhassa le 17 mars 1959, puis une administration en exil a été établie. Le sort de Gedhun Choekyi Nyima, le contrôle étatique des réincarnations, l’éducation en internat et les politiques linguistiques, religieuses et de relogement continuent de transformer les familles, les communautés et la succession religieuse tibétaines.	NO	PASS_UNCHANGED
reread:batch10	20	dalai-lama-exile	non-target	excerpt_no	Dalai Lama forlot Lhasa 17. mars 1959, og en eksiladministrasjon ble senere opprettet. Gedhun Choekyi Nyimas oppholdssted, statlig kontroll med reinkarnasjon, internatskolegang og språk-, religions- og flyttepolitikk fortsetter å prege tibetanske familier, lokalsamfunn og religiøs arvefølge.	Dalai Lama forlot Lhasa 17. mars 1959, og en eksiladministrasjon ble senere opprettet. Gedhun Choekyi Nyimas oppholdssted, statlig kontroll med reinkarnasjon, internatskolegang og språk-, religions- og flyttepolitikk fortsetter å prege tibetanske familier, lokalsamfunn og religiøs arvefølge.	NO	PASS_UNCHANGED
reread:batch10	20	dalai-lama-exile	non-target	excerpt_nl	De Dalai Lama verliet Lhasa op 17 maart 1959; daarna ontstond een bestuur in ballingschap. De verblijfplaats van Gedhun Choekyi Nyima, staatscontrole op reïncarnatie, kostschoolonderwijs en taal-, religie- en hervestigingsbeleid blijven Tibetaanse gezinnen, gemeenschappen en religieuze opvolging ingrijpend beïnvloeden.	De Dalai Lama verliet Lhasa op 17 maart 1959; daarna ontstond een bestuur in ballingschap. De verblijfplaats van Gedhun Choekyi Nyima, staatscontrole op reïncarnatie, kostschoolonderwijs en taal-, religie- en hervestigingsbeleid blijven Tibetaanse gezinnen, gemeenschappen en religieuze opvolging ingrijpend beïnvloeden.	NO	PASS_UNCHANGED
reread:batch10	20	dalai-lama-exile	non-target	excerpt_it	Il Dalai Lama lasciò Lhasa il 17 marzo 1959 e in seguito fu istituita un’amministrazione in esilio. La sorte di Gedhun Choekyi Nyima, il controllo statale delle reincarnazioni, l’istruzione nei collegi e le politiche linguistiche, religiose e di ricollocazione continuano a incidere sulle famiglie, sulle comunità e sulla successione religiosa tibetane.	Il Dalai Lama lasciò Lhasa il 17 marzo 1959 e in seguito fu istituita un’amministrazione in esilio. La sorte di Gedhun Choekyi Nyima, il controllo statale delle reincarnazioni, l’istruzione nei collegi e le politiche linguistiche, religiose e di ricollocazione continuano a incidere sulle famiglie, sulle comunità e sulla successione religiosa tibetane.	NO	PASS_UNCHANGED
reread:batch10	20	dalai-lama-exile	non-target	date	1959-03-17	1959-03-17	NO	PASS_UNCHANGED
reread:batch10	20	dalai-lama-exile	non-target	url	posts/dalai-lama-exile.html	posts/dalai-lama-exile.html	NO	PASS_UNCHANGED
reread:batch10	21	hong-kong-nsl	non-target	slug	hong-kong-nsl	hong-kong-nsl	NO	PASS_UNCHANGED
reread:batch10	21	hong-kong-nsl	non-target	title_zh	香港國安法：刑事程序、海外懸賞與公民空間	香港國安法：刑事程序、海外懸賞與公民空間	NO	PASS_UNCHANGED
reread:batch10	21	hong-kong-nsl	non-target	title_en	Hong Kong’s National Security Law: Criminal Procedure, Overseas Bounties, and Civic Space	Hong Kong’s National Security Law: Criminal Procedure, Overseas Bounties, and Civic Space	NO	PASS_UNCHANGED
reread:batch10	21	hong-kong-nsl	non-target	title_ja	香港国家安全維持法：刑事手続、海外懸賞金と市民空間	香港国家安全維持法：刑事手続、海外懸賞金と市民空間	NO	PASS_UNCHANGED
reread:batch10	21	hong-kong-nsl	non-target	title_ko	홍콩 국가보안법: 형사절차, 해외 현상금과 시민 공간	홍콩 국가보안법: 형사절차, 해외 현상금과 시민 공간	NO	PASS_UNCHANGED
reread:batch10	21	hong-kong-nsl	non-target	title_es	Ley de Seguridad Nacional de Hong Kong: proceso penal, recompensas en el extranjero y espacio cívico	Ley de Seguridad Nacional de Hong Kong: proceso penal, recompensas en el extranjero y espacio cívico	NO	PASS_UNCHANGED
reread:batch10	21	hong-kong-nsl	non-target	title_de	Hongkongs nationales Sicherheitsgesetz: Strafverfahren, Auslands-Kopfgelder und zivilgesellschaftlicher Raum	Hongkongs nationales Sicherheitsgesetz: Strafverfahren, Auslands-Kopfgelder und zivilgesellschaftlicher Raum	NO	PASS_UNCHANGED
reread:batch10	21	hong-kong-nsl	non-target	title_fr	Loi sur la sécurité nationale à Hong Kong : procédure pénale, primes à l’étranger et espace civique	Loi sur la sécurité nationale à Hong Kong : procédure pénale, primes à l’étranger et espace civique	NO	PASS_UNCHANGED
reread:batch10	21	hong-kong-nsl	non-target	title_no	Hongkongs nasjonale sikkerhetslov: straffeprosess, dusører i utlandet og sivilt handlingsrom	Hongkongs nasjonale sikkerhetslov: straffeprosess, dusører i utlandet og sivilt handlingsrom	NO	PASS_UNCHANGED
reread:batch10	21	hong-kong-nsl	non-target	title_nl	Hongkongs nationale veiligheidswet: strafproces, buitenlandse premies en maatschappelijke ruimte	Hongkongs nationale veiligheidswet: strafproces, buitenlandse premies en maatschappelijke ruimte	NO	PASS_UNCHANGED
reread:batch10	21	hong-kong-nsl	non-target	title_it	Legge sulla sicurezza nazionale di Hong Kong: procedura penale, taglie all’estero e spazio civico	Legge sulla sicurezza nazionale di Hong Kong: procedura penale, taglie all’estero e spazio civico	NO	PASS_UNCHANGED
reread:batch10	21	hong-kong-nsl	non-target	excerpt_zh	2020年《香港國安法》已實施：第38、42、44及46條分別涉及域外適用、較嚴保釋、行政長官指定法官及律政司可指示不設陪審團。警方其後向8名海外人士各懸紅100萬港元；2024年《維護國家安全條例》亦已制定，跨境威嚇延伸至資助者與境內家屬。	2020年《香港國安法》已實施：第38、42、44及46條分別涉及域外適用、較嚴保釋、行政長官指定法官及律政司可指示不設陪審團。警方其後向8名海外人士各懸紅100萬港元；2024年《維護國家安全條例》亦已制定，跨境威嚇延伸至資助者與境內家屬。	NO	PASS_UNCHANGED
reread:batch10	21	hong-kong-nsl	non-target	excerpt_en	Hong Kong’s 2020 National Security Law is in force: Articles 38, 42, 44, and 46 govern extraterritorial reach, stricter bail, Chief Executive-designated judges, and no-jury certificates by the Secretary for Justice. Police later offered HK$1 million for each of eight people abroad; the 2024 Safeguarding National Security Ordinance is also in force, while pressure reaches supporters and families in Hong Kong.	Hong Kong’s 2020 National Security Law is in force: Articles 38, 42, 44, and 46 govern extraterritorial reach, stricter bail, Chief Executive-designated judges, and no-jury certificates by the Secretary for Justice. Police later offered HK$1 million for each of eight people abroad; the 2024 Safeguarding National Security Ordinance is also in force, while pressure reaches supporters and families in Hong Kong.	NO	PASS_UNCHANGED
reread:batch10	21	hong-kong-nsl	non-target	excerpt_ja	2020年の香港国家安全維持法はすでに施行され、第38、42、44、46条は域外適用、厳格な保釈、行政長官が指定する裁判官、律政司長による陪審なしの審理を定める。警察は後に海外の8人へ各100万香港ドルの懸賞金を提示し、2024年の「国家安全維持条例」も制定された。圧力は支援者や香港にいる家族にも及ぶ。	2020年の香港国家安全維持法はすでに施行され、第38、42、44、46条は域外適用、厳格な保釈、行政長官が指定する裁判官、律政司長による陪審なしの審理を定める。警察は後に海外の8人へ各100万香港ドルの懸賞金を提示し、2024年の「国家安全維持条例」も制定された。圧力は支援者や香港にいる家族にも及ぶ。	NO	PASS_UNCHANGED
reread:batch10	21	hong-kong-nsl	non-target	excerpt_ko	2020년 홍콩 국가보안법은 이미 시행 중이며 제38·42·44·46조는 각각 역외 적용, 엄격한 보석, 행정장관이 지정한 판사, 율정사장의 배심원 없는 재판 지시를 규정한다. 경찰은 뒤이어 해외 체류자 8명에게 각각 100만 홍콩달러의 현상금을 걸었고, 2024년 「국가안전수호조례」도 제정됐다. 압박은 지원자와 홍콩 내 가족에게까지 미친다.	2020년 홍콩 국가보안법은 이미 시행 중이며 제38·42·44·46조는 각각 역외 적용, 엄격한 보석, 행정장관이 지정한 판사, 율정사장의 배심원 없는 재판 지시를 규정한다. 경찰은 뒤이어 해외 체류자 8명에게 각각 100만 홍콩달러의 현상금을 걸었고, 2024년 「국가안전수호조례」도 제정됐다. 압박은 지원자와 홍콩 내 가족에게까지 미친다.	NO	PASS_UNCHANGED
reread:batch10	21	hong-kong-nsl	non-target	excerpt_es	La Ley de Seguridad Nacional de 2020 está vigente: sus artículos 38, 42, 44 y 46 regulan el alcance extraterritorial, una fianza más estricta, jueces designados por el jefe del Ejecutivo y juicios sin jurado por orden del secretario de Justicia. La policía ofreció después un millón de dólares de Hong Kong por cada una de ocho personas en el extranjero; la Ordenanza para Salvaguardar la Seguridad Nacional de 2024 también fue promulgada, y la presión alcanza a simpatizantes y familiares en Hong Kong.	La Ley de Seguridad Nacional de 2020 está vigente: sus artículos 38, 42, 44 y 46 regulan el alcance extraterritorial, una fianza más estricta, jueces designados por el jefe del Ejecutivo y juicios sin jurado por orden del secretario de Justicia. La policía ofreció después un millón de dólares de Hong Kong por cada una de ocho personas en el extranjero; la Ordenanza para Salvaguardar la Seguridad Nacional de 2024 también fue promulgada, y la presión alcanza a simpatizantes y familiares en Hong Kong.	NO	PASS_UNCHANGED
reread:batch10	21	hong-kong-nsl	non-target	excerpt_de	Das Nationale Sicherheitsgesetz von 2020 gilt: Die Artikel 38, 42, 44 und 46 regeln Auslandsanwendung, strengere Kaution, vom Regierungschef bestimmte Richter und Verfahren ohne Geschworene auf Weisung des Justizministers. Später setzte die Polizei auf acht Personen im Ausland je eine Million Hongkong-Dollar aus; auch die Verordnung zum Schutz der nationalen Sicherheit von 2024 ist in Kraft, während der Druck Unterstützer und Familien in Hongkong erreicht.	Das Nationale Sicherheitsgesetz von 2020 gilt: Die Artikel 38, 42, 44 und 46 regeln Auslandsanwendung, strengere Kaution, vom Regierungschef bestimmte Richter und Verfahren ohne Geschworene auf Weisung des Justizministers. Später setzte die Polizei auf acht Personen im Ausland je eine Million Hongkong-Dollar aus; auch die Verordnung zum Schutz der nationalen Sicherheit von 2024 ist in Kraft, während der Druck Unterstützer und Familien in Hongkong erreicht.	NO	PASS_UNCHANGED
reread:batch10	21	hong-kong-nsl	non-target	excerpt_fr	La loi de 2020 est en vigueur : ses articles 38, 42, 44 et 46 régissent la portée extraterritoriale, une mise en liberté sous caution plus stricte, les juges désignés par le chef de l’exécutif et les procès sans jury ordonnés par le secrétaire à la Justice. La police a ensuite offert un million de dollars de Hong Kong pour chacune de huit personnes à l’étranger ; l’Ordonnance de 2024 sur la sauvegarde de la sécurité nationale a aussi été adoptée, et la pression touche soutiens et familles à Hong Kong.	La loi de 2020 est en vigueur : ses articles 38, 42, 44 et 46 régissent la portée extraterritoriale, une mise en liberté sous caution plus stricte, les juges désignés par le chef de l’exécutif et les procès sans jury ordonnés par le secrétaire à la Justice. La police a ensuite offert un million de dollars de Hong Kong pour chacune de huit personnes à l’étranger ; l’Ordonnance de 2024 sur la sauvegarde de la sécurité nationale a aussi été adoptée, et la pression touche soutiens et familles à Hong Kong.	NO	PASS_UNCHANGED
reread:batch10	21	hong-kong-nsl	non-target	excerpt_no	Sikkerhetsloven fra 2020 gjelder: Artiklene 38, 42, 44 og 46 omhandler virkning utenfor Hongkong, strengere kausjon, dommere utpekt av Hongkongs regjeringssjef og saker uten jury etter attest fra justisministeren. Politiet utlovet senere én million Hongkong-dollar for hver av åtte personer i utlandet; forordningen om vern av nasjonal sikkerhet fra 2024 er også vedtatt, og presset rammer støttespillere og familier i Hongkong.	Sikkerhetsloven fra 2020 gjelder: Artiklene 38, 42, 44 og 46 omhandler virkning utenfor Hongkong, strengere kausjon, dommere utpekt av Hongkongs regjeringssjef og saker uten jury etter attest fra justisministeren. Politiet utlovet senere én million Hongkong-dollar for hver av åtte personer i utlandet; forordningen om vern av nasjonal sikkerhet fra 2024 er også vedtatt, og presset rammer støttespillere og familier i Hongkong.	NO	PASS_UNCHANGED
reread:batch10	21	hong-kong-nsl	non-target	excerpt_nl	De veiligheidswet van 2020 is van kracht: de artikelen 38, 42, 44 en 46 regelen werking buiten Hongkong, strengere borgtocht, door de regeringsleider aangewezen rechters en juryloze processen op aanwijzing van de minister van Justitie. De politie loofde later voor elk van acht personen in het buitenland één miljoen Hongkong-dollar uit; ook de Verordening ter Bescherming van de Nationale Veiligheid van 2024 is aangenomen, terwijl de druk sympathisanten en families in Hongkong bereikt.	De veiligheidswet van 2020 is van kracht: de artikelen 38, 42, 44 en 46 regelen werking buiten Hongkong, strengere borgtocht, door de regeringsleider aangewezen rechters en juryloze processen op aanwijzing van de minister van Justitie. De politie loofde later voor elk van acht personen in het buitenland één miljoen Hongkong-dollar uit; ook de Verordening ter Bescherming van de Nationale Veiligheid van 2024 is aangenomen, terwijl de druk sympathisanten en families in Hongkong bereikt.	NO	PASS_UNCHANGED
reread:batch10	21	hong-kong-nsl	non-target	excerpt_it	La legge del 2020 è in vigore: gli articoli 38, 42, 44 e 46 disciplinano l’applicazione extraterritoriale, una cauzione più severa, i giudici designati dal capo dell’esecutivo e i processi senza giuria disposti dal segretario alla Giustizia. La polizia ha poi offerto un milione di dollari di Hong Kong per ciascuna di otto persone all’estero; anche l’Ordinanza del 2024 per la salvaguardia della sicurezza nazionale è stata promulgata, mentre la pressione raggiunge sostenitori e familiari a Hong Kong.	La legge del 2020 è in vigore: gli articoli 38, 42, 44 e 46 disciplinano l’applicazione extraterritoriale, una cauzione più severa, i giudici designati dal capo dell’esecutivo e i processi senza giuria disposti dal segretario alla Giustizia. La polizia ha poi offerto un milione di dollari di Hong Kong per ciascuna di otto persone all’estero; anche l’Ordinanza del 2024 per la salvaguardia della sicurezza nazionale è stata promulgata, mentre la pressione raggiunge sostenitori e familiari a Hong Kong.	NO	PASS_UNCHANGED
reread:batch10	21	hong-kong-nsl	non-target	date	2020-06-30	2020-06-30	NO	PASS_UNCHANGED
reread:batch10	21	hong-kong-nsl	non-target	url	posts/hong-kong-nsl.html	posts/hong-kong-nsl.html	NO	PASS_UNCHANGED
reread:batch10	22	shanghai-lockdown	non-target	slug	shanghai-lockdown	shanghai-lockdown	NO	PASS_UNCHANGED
reread:batch10	22	shanghai-lockdown	non-target	title_zh	上海封控：物資、醫療、表達與救濟	上海封控：物資、醫療、表達與救濟	NO	PASS_UNCHANGED
reread:batch10	22	shanghai-lockdown	non-target	title_en	Shanghai Lockdown: Supplies, Medical Care, Expression, and Effective Remedies	Shanghai Lockdown: Supplies, Medical Care, Expression, and Effective Remedies	NO	PASS_UNCHANGED
reread:batch10	22	shanghai-lockdown	non-target	title_ja	上海封鎖：物資、医療、表現と実効的な救済	上海封鎖：物資、医療、表現と実効的な救済	NO	PASS_UNCHANGED
reread:batch10	22	shanghai-lockdown	non-target	title_ko	상하이 봉쇄: 물자, 의료, 표현과 효과적인 구제	상하이 봉쇄: 물자, 의료, 표현과 효과적인 구제	NO	PASS_UNCHANGED
reread:batch10	22	shanghai-lockdown	non-target	title_es	Confinamiento de Shanghái: suministros, atención médica, expresión y recursos efectivos	Confinamiento de Shanghái: suministros, atención médica, expresión y recursos efectivos	NO	PASS_UNCHANGED
reread:batch10	22	shanghai-lockdown	non-target	title_de	Shanghai-Lockdown: Versorgung, medizinische Hilfe, Meinungsäußerung und wirksame Rechtsbehelfe	Shanghai-Lockdown: Versorgung, medizinische Hilfe, Meinungsäußerung und wirksame Rechtsbehelfe	NO	PASS_UNCHANGED
reread:batch10	22	shanghai-lockdown	non-target	title_fr	Confinement de Shanghai : approvisionnement, soins médicaux, expression et recours effectifs	Confinement de Shanghai : approvisionnement, soins médicaux, expression et recours effectifs	NO	PASS_UNCHANGED
reread:batch10	22	shanghai-lockdown	non-target	title_no	Shanghai-nedstengningen: forsyninger, helsehjelp, ytring og effektive rettsmidler	Shanghai-nedstengningen: forsyninger, helsehjelp, ytring og effektive rettsmidler	NO	PASS_UNCHANGED
reread:batch10	22	shanghai-lockdown	non-target	title_nl	Lockdown in Shanghai: voorraden, medische zorg, meningsuiting en doeltreffende rechtsmiddelen	Lockdown in Shanghai: voorraden, medische zorg, meningsuiting en doeltreffende rechtsmiddelen	NO	PASS_UNCHANGED
reread:batch10	22	shanghai-lockdown	non-target	title_it	Blocco di Shanghai: forniture, cure mediche, espressione e rimedi effettivi	Blocco di Shanghai: forniture, cure mediche, espressione e rimedi effettivi	NO	PASS_UNCHANGED
reread:batch10	22	shanghai-lockdown	non-target	excerpt_zh	2022年上海分區後全面封控。食物、非新冠醫療、轉運與家庭分離問題，連同居民影像、求助和刪帖，呈現防疫權力如何進入日常生活。	2022年上海分區後全面封控。食物、非新冠醫療、轉運與家庭分離問題，連同居民影像、求助和刪帖，呈現防疫權力如何進入日常生活。	NO	PASS_UNCHANGED
reread:batch10	22	shanghai-lockdown	non-target	excerpt_en	Shanghai entered a citywide lockdown after phased restrictions in 2022. Food, non-COVID medical care, transport and family separation, alongside residents’ images, calls for help and censorship, show how pandemic-control powers entered daily life.	Shanghai entered a citywide lockdown after phased restrictions in 2022. Food, non-COVID medical care, transport and family separation, alongside residents’ images, calls for help and censorship, show how pandemic-control powers entered daily life.	NO	PASS_UNCHANGED
reread:batch10	22	shanghai-lockdown	non-target	excerpt_ja	2022年、段階的な制限の後に上海は全市的なロックダウンに入った。食料、非新型コロナ医療、移動、家族の分離に加え、住民の映像、救助要請、検閲は、防疫統制が日常生活に入り込んだ状況を示す。	2022年、段階的な制限の後に上海は全市的なロックダウンに入った。食料、非新型コロナ医療、移動、家族の分離に加え、住民の映像、救助要請、検閲は、防疫統制が日常生活に入り込んだ状況を示す。	NO	PASS_UNCHANGED
reread:batch10	22	shanghai-lockdown	non-target	excerpt_ko	2022년 단계적 제한 뒤 상하이는 전면 봉쇄에 들어갔다. 식량, 비코로나 의료, 이동, 가족 분리와 함께 주민 영상, 도움 요청, 검열은 방역 통제가 일상에 들어온 방식을 보여 준다.	2022년 단계적 제한 뒤 상하이는 전면 봉쇄에 들어갔다. 식량, 비코로나 의료, 이동, 가족 분리와 함께 주민 영상, 도움 요청, 검열은 방역 통제가 일상에 들어온 방식을 보여 준다.	NO	PASS_UNCHANGED
reread:batch10	22	shanghai-lockdown	non-target	excerpt_es	Tras restricciones escalonadas en 2022, Shanghái entró en un confinamiento general. La alimentación, la atención médica no relacionada con la COVID-19, el transporte y la separación familiar, junto con imágenes de residentes, pedidos de ayuda y censura, muestran cómo el control pandémico entró en la vida cotidiana.	Tras restricciones escalonadas en 2022, Shanghái entró en un confinamiento general. La alimentación, la atención médica no relacionada con la COVID-19, el transporte y la separación familiar, junto con imágenes de residentes, pedidos de ayuda y censura, muestran cómo el control pandémico entró en la vida cotidiana.	NO	PASS_UNCHANGED
reread:batch10	22	shanghai-lockdown	non-target	excerpt_de	Nach gestuften Beschränkungen trat Shanghai 2022 in einen stadtweiten Lockdown ein. Nahrung, nicht COVID-bezogene medizinische Versorgung, Verkehr und Familientrennungen sowie Bilder von Bewohnern, Hilferufe und Zensur zeigen, wie Pandemiekontrollen in den Alltag eingriffen.	Nach gestuften Beschränkungen trat Shanghai 2022 in einen stadtweiten Lockdown ein. Nahrung, nicht COVID-bezogene medizinische Versorgung, Verkehr und Familientrennungen sowie Bilder von Bewohnern, Hilferufe und Zensur zeigen, wie Pandemiekontrollen in den Alltag eingriffen.	NO	PASS_UNCHANGED
reread:batch10	22	shanghai-lockdown	non-target	excerpt_fr	Après des restrictions par étapes en 2022, Shanghai est entrée dans un confinement à l’échelle de la ville. Alimentation, soins non liés au COVID-19, transports et séparation des familles, ainsi que les images d’habitants, appels à l’aide et la censure, montrent comment le contrôle de la pandémie a pénétré la vie quotidienne.	Après des restrictions par étapes en 2022, Shanghai est entrée dans un confinement à l’échelle de la ville. Alimentation, soins non liés au COVID-19, transports et séparation des familles, ainsi que les images d’habitants, appels à l’aide et la censure, montrent comment le contrôle de la pandémie a pénétré la vie quotidienne.	NO	PASS_UNCHANGED
reread:batch10	22	shanghai-lockdown	non-target	excerpt_no	Etter trinnvise restriksjoner gikk Shanghai inn i en byomfattende nedstengning i 2022. Mat, helsehjelp som ikke gjaldt covid-19, transport og familieseparasjon, sammen med innbyggernes bilder, nødrop og sensur, viser hvordan pandemikontroll grep inn i hverdagen.	Etter trinnvise restriksjoner gikk Shanghai inn i en byomfattende nedstengning i 2022. Mat, helsehjelp som ikke gjaldt covid-19, transport og familieseparasjon, sammen med innbyggernes bilder, nødrop og sensur, viser hvordan pandemikontroll grep inn i hverdagen.	NO	PASS_UNCHANGED
reread:batch10	22	shanghai-lockdown	non-target	excerpt_nl	Na gefaseerde beperkingen ging Shanghai in 2022 in een stadsbrede lockdown. Voedsel, niet-COVID-zorg, vervoer en scheiding van gezinnen, samen met beelden van bewoners, hulpvragen en censuur, laten zien hoe pandemiecontrole het dagelijks leven binnendrong.	Na gefaseerde beperkingen ging Shanghai in 2022 in een stadsbrede lockdown. Voedsel, niet-COVID-zorg, vervoer en scheiding van gezinnen, samen met beelden van bewoners, hulpvragen en censuur, laten zien hoe pandemiecontrole het dagelijks leven binnendrong.	NO	PASS_UNCHANGED
reread:batch10	22	shanghai-lockdown	non-target	excerpt_it	Dopo restrizioni graduali nel 2022, Shanghai è entrata in un lockdown esteso a tutta la città. Cibo, assistenza medica non legata al COVID-19, trasporti e separazione familiare, insieme a immagini dei residenti, richieste di aiuto e censura, mostrano come il controllo pandemico sia entrato nella vita quotidiana.	Dopo restrizioni graduali nel 2022, Shanghai è entrata in un lockdown esteso a tutta la città. Cibo, assistenza medica non legata al COVID-19, trasporti e separazione familiare, insieme a immagini dei residenti, richieste di aiuto e censura, mostrano come il controllo pandemico sia entrato nella vita quotidiana.	NO	PASS_UNCHANGED
reread:batch10	22	shanghai-lockdown	non-target	date	2022-04-01	2022-04-01	NO	PASS_UNCHANGED
reread:batch10	22	shanghai-lockdown	non-target	url	posts/shanghai-lockdown.html	posts/shanghai-lockdown.html	NO	PASS_UNCHANGED
reread:batch10	23	li-wenliang	non-target	slug	li-wenliang	li-wenliang	NO	PASS_UNCHANGED
reread:batch10	23	li-wenliang	non-target	title_zh	李文亮：疫情預警、警方訓誡與公共知情權	李文亮：疫情預警、警方訓誡與公共知情權	NO	PASS_UNCHANGED
reread:batch10	23	li-wenliang	non-target	title_en	Li Wenliang: Epidemic warning, police admonishment and the public’s right to know	Li Wenliang: Epidemic warning, police admonishment and the public’s right to know	NO	PASS_UNCHANGED
reread:batch10	23	li-wenliang	non-target	title_ja	李文亮氏：疫病の警告、警察の戒め、そして国民の知る権利	李文亮氏：疫病の警告、警察の戒め、そして国民の知る権利	NO	PASS_UNCHANGED
reread:batch10	23	li-wenliang	non-target	title_ko	리원량(Li Wenliang): 전염병 경고, 경찰 경고 및 대중의 알 권리	리원량(Li Wenliang): 전염병 경고, 경찰 경고 및 대중의 알 권리	NO	PASS_UNCHANGED
reread:batch10	23	li-wenliang	non-target	title_es	Li Wenliang: Advertencia de epidemia, amonestación policial y el derecho del público a saber	Li Wenliang: Advertencia de epidemia, amonestación policial y el derecho del público a saber	NO	PASS_UNCHANGED
reread:batch10	23	li-wenliang	non-target	title_de	Li Wenliang: Epidemiewarnung, polizeiliche Ermahnung und das Recht der Öffentlichkeit auf Information	Li Wenliang: Epidemiewarnung, polizeiliche Ermahnung und das Recht der Öffentlichkeit auf Information	NO	PASS_UNCHANGED
reread:batch10	23	li-wenliang	non-target	title_fr	Li Wenliang : Alerte épidémique, réprimande de la police et droit du public à l'information	Li Wenliang : Alerte épidémique, réprimande de la police et droit du public à l'information	NO	PASS_UNCHANGED
reread:batch10	23	li-wenliang	non-target	title_no	Li Wenliang: Epidemivarsel, politiformaning og allmennhetens rett til å vite det	Li Wenliang: Epidemivarsel, politiformaning og allmennhetens rett til å vite det	NO	PASS_UNCHANGED
reread:batch10	23	li-wenliang	non-target	title_nl	Li Wenliang: Epidemische waarschuwing, vermaning van de politie en het recht van het publiek om het te weten	Li Wenliang: Epidemische waarschuwing, vermaning van de politie en het recht van het publiek om het te weten	NO	PASS_UNCHANGED
reread:batch10	23	li-wenliang	non-target	title_it	Li Wenliang: allarme epidemico, ammonimento della polizia e diritto del pubblico ad essere informato	Li Wenliang: allarme epidemico, ammonimento della polizia e diritto del pubblico ad essere informato	NO	PASS_UNCHANGED
reread:batch10	23	li-wenliang	non-target	excerpt_zh	武漢醫師李文亮2019年12月在微信群發出疫情警示，2020年1月遭警方訓誡，感染後去世。事件揭示公共衛生預警與資訊控制的衝突。	武漢醫師李文亮2019年12月在微信群發出疫情警示，2020年1月遭警方訓誡，感染後去世。事件揭示公共衛生預警與資訊控制的衝突。	NO	PASS_UNCHANGED
reread:batch10	23	li-wenliang	non-target	excerpt_en	Wuhan doctor Li Wenliang issued an epidemic warning in a WeChat group in December 2019. He was reprimanded by the police in January 2020 and died after being infected. The incident revealed the conflict between public health warning and information control.	Wuhan doctor Li Wenliang issued an epidemic warning in a WeChat group in December 2019. He was reprimanded by the police in January 2020 and died after being infected. The incident revealed the conflict between public health warning and information control.	NO	PASS_UNCHANGED
reread:batch10	23	li-wenliang	non-target	excerpt_ja	武漢の医師、李文亮氏は2019年12月にWeChatグループで疫病の警告を発した。2020年1月に警察から懲戒処分を受け、感染後に死亡した。この事件は、公衆衛生上の警告と情報管理との間の矛盾を明らかにした。	武漢の医師、李文亮氏は2019年12月にWeChatグループで疫病の警告を発した。2020年1月に警察から懲戒処分を受け、感染後に死亡した。この事件は、公衆衛生上の警告と情報管理との間の矛盾を明らかにした。	NO	PASS_UNCHANGED
reread:batch10	23	li-wenliang	non-target	excerpt_ko	우한의 의사 리원량(Li Wenliang)은 2019년 12월 위챗 그룹에 전염병 경고를 발령했다. 그는 2020년 1월 경찰로부터 질책을 받고 감염된 후 사망했다. 이번 사건은 공중보건 경고와 정보통제 사이의 갈등을 드러냈다.	우한의 의사 리원량(Li Wenliang)은 2019년 12월 위챗 그룹에 전염병 경고를 발령했다. 그는 2020년 1월 경찰로부터 질책을 받고 감염된 후 사망했다. 이번 사건은 공중보건 경고와 정보통제 사이의 갈등을 드러냈다.	NO	PASS_UNCHANGED
reread:batch10	23	li-wenliang	non-target	excerpt_es	El médico de Wuhan, Li Wenliang, emitió una advertencia epidémica en un grupo de WeChat en diciembre de 2019. Fue reprendido por la policía en enero de 2020 y murió tras ser infectado. El incidente reveló el conflicto entre la alerta de salud pública y el control de la información.	El médico de Wuhan, Li Wenliang, emitió una advertencia epidémica en un grupo de WeChat en diciembre de 2019. Fue reprendido por la policía en enero de 2020 y murió tras ser infectado. El incidente reveló el conflicto entre la alerta de salud pública y el control de la información.	NO	PASS_UNCHANGED
reread:batch10	23	li-wenliang	non-target	excerpt_de	Der Wuhan-Arzt Li Wenliang gab im Dezember 2019 in einer WeChat-Gruppe eine Epidemiewarnung heraus. Im Januar 2020 wurde er von der Polizei gerügt und starb nach einer Infektion. Der Vorfall offenbarte den Konflikt zwischen Warnungen im Bereich der öffentlichen Gesundheit und Informationskontrolle.	Der Wuhan-Arzt Li Wenliang gab im Dezember 2019 in einer WeChat-Gruppe eine Epidemiewarnung heraus. Im Januar 2020 wurde er von der Polizei gerügt und starb nach einer Infektion. Der Vorfall offenbarte den Konflikt zwischen Warnungen im Bereich der öffentlichen Gesundheit und Informationskontrolle.	NO	PASS_UNCHANGED
reread:batch10	23	li-wenliang	non-target	excerpt_fr	Le médecin de Wuhan, Li Wenliang, a lancé une alerte épidémique dans un groupe WeChat en décembre 2019. Il a été réprimandé par la police en janvier 2020 et est décédé après avoir été infecté. L’incident a révélé le conflit entre les alertes de santé publique et le contrôle de l’information.	Le médecin de Wuhan, Li Wenliang, a lancé une alerte épidémique dans un groupe WeChat en décembre 2019. Il a été réprimandé par la police en janvier 2020 et est décédé après avoir été infecté. L’incident a révélé le conflit entre les alertes de santé publique et le contrôle de l’information.	NO	PASS_UNCHANGED
reread:batch10	23	li-wenliang	non-target	excerpt_no	Wuhan-legen Li Wenliang utstedte en epidemiadvarsel i en WeChat-gruppe i desember 2019. Han ble irettesatt av politiet i januar 2020 og døde etter å ha blitt smittet. Hendelsen avslørte konflikten mellom folkehelsevarsel og informasjonskontroll.	Wuhan-legen Li Wenliang utstedte en epidemiadvarsel i en WeChat-gruppe i desember 2019. Han ble irettesatt av politiet i januar 2020 og døde etter å ha blitt smittet. Hendelsen avslørte konflikten mellom folkehelsevarsel og informasjonskontroll.	NO	PASS_UNCHANGED
reread:batch10	23	li-wenliang	non-target	excerpt_nl	Wuhan-arts Li Wenliang gaf in december 2019 een waarschuwing voor een epidemie in een WeChat-groep. Hij kreeg in januari 2020 een berisping van de politie en stierf nadat hij besmet was geraakt. Het incident bracht het conflict aan het licht tussen volksgezondheidswaarschuwing en informatiecontrole.	Wuhan-arts Li Wenliang gaf in december 2019 een waarschuwing voor een epidemie in een WeChat-groep. Hij kreeg in januari 2020 een berisping van de politie en stierf nadat hij besmet was geraakt. Het incident bracht het conflict aan het licht tussen volksgezondheidswaarschuwing en informatiecontrole.	NO	PASS_UNCHANGED
reread:batch10	23	li-wenliang	non-target	excerpt_it	Il medico di Wuhan Li Wenliang ha emesso un avviso di epidemia in un gruppo WeChat nel dicembre 2019. È stato rimproverato dalla polizia nel gennaio 2020 ed è morto dopo essere stato infettato. L’incidente ha rivelato il conflitto tra l’allarme sulla salute pubblica e il controllo delle informazioni.	Il medico di Wuhan Li Wenliang ha emesso un avviso di epidemia in un gruppo WeChat nel dicembre 2019. È stato rimproverato dalla polizia nel gennaio 2020 ed è morto dopo essere stato infettato. L’incidente ha rivelato il conflitto tra l’allarme sulla salute pubblica e il controllo delle informazioni.	NO	PASS_UNCHANGED
reread:batch10	23	li-wenliang	non-target	date	2020-02-07	2020-02-07	NO	PASS_UNCHANGED
reread:batch10	23	li-wenliang	non-target	url	posts/li-wenliang.html	posts/li-wenliang.html	NO	PASS_UNCHANGED
reread:batch10	24	white-paper	non-target	slug	white-paper	white-paper	NO	PASS_UNCHANGED
reread:batch10	24	white-paper	non-target	title_zh	白紙抗議：烏魯木齊火災、集會與後續追查	白紙抗議：烏魯木齊火災、集會與後續追查	NO	PASS_UNCHANGED
reread:batch10	24	white-paper	non-target	title_en	White Paper Protests: Urumqi Fire, Demonstrations and Subsequent Repression	White Paper Protests: Urumqi Fire, Demonstrations and Subsequent Repression	NO	PASS_UNCHANGED
reread:batch10	24	white-paper	non-target	title_ja	白紙抗議：ウルムチ火災、集会とその後の弾圧	白紙抗議：ウルムチ火災、集会とその後の弾圧	NO	PASS_UNCHANGED
reread:batch10	24	white-paper	non-target	title_ko	백지 시위: 우루무치 화재, 집회와 이후의 탄압	백지 시위: 우루무치 화재, 집회와 이후의 탄압	NO	PASS_UNCHANGED
reread:batch10	24	white-paper	non-target	title_es	Protestas de las Hojas en Blanco: incendio de Urumqi, manifestaciones y represión posterior	Protestas de las Hojas en Blanco: incendio de Urumqi, manifestaciones y represión posterior	NO	PASS_UNCHANGED
reread:batch10	24	white-paper	non-target	title_de	Proteste mit leeren Blättern: Brand in Urumqi, Demonstrationen und anschließende Repression	Proteste mit leeren Blättern: Brand in Urumqi, Demonstrationen und anschließende Repression	NO	PASS_UNCHANGED
reread:batch10	24	white-paper	non-target	title_fr	Manifestations des feuilles blanches : incendie d’Urumqi, rassemblements et répression ultérieure	Manifestations des feuilles blanches : incendie d’Urumqi, rassemblements et répression ultérieure	NO	PASS_UNCHANGED
reread:batch10	24	white-paper	non-target	title_no	Blankarkprotestene: Brannen i Urumqi, demonstrasjonene og den etterfølgende undertrykkelsen	Blankarkprotestene: Brannen i Urumqi, demonstrasjonene og den etterfølgende undertrykkelsen	NO	PASS_UNCHANGED
reread:batch10	24	white-paper	non-target	title_nl	Witpapierprotesten: brand in Urumqi, demonstraties en daaropvolgende repressie	Witpapierprotesten: brand in Urumqi, demonstraties en daaropvolgende repressie	NO	PASS_UNCHANGED
reread:batch10	24	white-paper	non-target	title_it	Proteste dei fogli bianchi: incendio di Urumqi, manifestazioni e repressione successiva	Proteste dei fogli bianchi: incendio di Urumqi, manifestazioni e repressione successiva	NO	PASS_UNCHANGED
reread:batch10	24	white-paper	non-target	excerpt_zh	官方通報稱烏魯木齊火災造成10人死亡、9人受傷；居民和報道質疑封控對逃生與救援的影響。多地舉起空白紙張的集會表達哀悼與表達自由訴求。	官方通報稱烏魯木齊火災造成10人死亡、9人受傷；居民和報道質疑封控對逃生與救援的影響。多地舉起空白紙張的集會表達哀悼與表達自由訴求。	NO	PASS_UNCHANGED
reread:batch10	24	white-paper	non-target	excerpt_en	Officials reported 10 deaths and 9 injuries in the Urumqi fire; residents and reporting questioned the lockdown’s effect on escape and rescue. Blank-paper demonstrations in several places expressed mourning and calls for free expression.	Officials reported 10 deaths and 9 injuries in the Urumqi fire; residents and reporting questioned the lockdown’s effect on escape and rescue. Blank-paper demonstrations in several places expressed mourning and calls for free expression.	NO	PASS_UNCHANGED
reread:batch10	24	white-paper	non-target	excerpt_ja	公式通報はウルムチ火災で10人死亡、9人負傷とした。住民と報道は封鎖が避難と救助に与えた影響を問うた。各地の白紙抗議は追悼と表現の自由への要求を示した。	公式通報はウルムチ火災で10人死亡、9人負傷とした。住民と報道は封鎖が避難と救助に与えた影響を問うた。各地の白紙抗議は追悼と表現の自由への要求を示した。	NO	PASS_UNCHANGED
reread:batch10	24	white-paper	non-target	excerpt_ko	공식 통보는 우루무치 화재로 10명이 사망하고 9명이 다쳤다고 밝혔다. 주민과 보도는 봉쇄가 탈출과 구조에 미친 영향을 물었다. 여러 지역의 백지 시위는 애도와 표현의 자유 요구를 드러냈다.	공식 통보는 우루무치 화재로 10명이 사망하고 9명이 다쳤다고 밝혔다. 주민과 보도는 봉쇄가 탈출과 구조에 미친 영향을 물었다. 여러 지역의 백지 시위는 애도와 표현의 자유 요구를 드러냈다.	NO	PASS_UNCHANGED
reread:batch10	24	white-paper	non-target	excerpt_es	El comunicado oficial informó de 10 muertes y 9 heridos en el incendio de Urumqi; residentes y reportes cuestionaron el efecto del confinamiento sobre la huida y el rescate. Las protestas con hojas en blanco expresaron duelo y demandas de libertad de expresión.	El comunicado oficial informó de 10 muertes y 9 heridos en el incendio de Urumqi; residentes y reportes cuestionaron el efecto del confinamiento sobre la huida y el rescate. Las protestas con hojas en blanco expresaron duelo y demandas de libertad de expresión.	NO	PASS_UNCHANGED
reread:batch10	24	white-paper	non-target	excerpt_de	Die offizielle Mitteilung nannte 10 Tote und 9 Verletzte beim Brand in Urumqi; Bewohner und Berichte fragten nach den Folgen des Lockdowns für Flucht und Rettung. Proteste mit leeren Blättern drückten Trauer und Forderungen nach Meinungsfreiheit aus.	Die offizielle Mitteilung nannte 10 Tote und 9 Verletzte beim Brand in Urumqi; Bewohner und Berichte fragten nach den Folgen des Lockdowns für Flucht und Rettung. Proteste mit leeren Blättern drückten Trauer und Forderungen nach Meinungsfreiheit aus.	NO	PASS_UNCHANGED
reread:batch10	24	white-paper	non-target	excerpt_fr	Le communiqué officiel a fait état de 10 morts et 9 blessés dans l’incendie d’Urumqi; des habitants et des reportages ont questionné l’effet du confinement sur l’évacuation et les secours. Les manifestations des feuilles blanches exprimaient deuil et liberté d’expression.	Le communiqué officiel a fait état de 10 morts et 9 blessés dans l’incendie d’Urumqi; des habitants et des reportages ont questionné l’effet du confinement sur l’évacuation et les secours. Les manifestations des feuilles blanches exprimaient deuil et liberté d’expression.	NO	PASS_UNCHANGED
reread:batch10	24	white-paper	non-target	excerpt_no	Den offisielle kunngjøringen oppga 10 døde og 9 skadde i brannen i Urumqi; beboere og medieoppslag stilte spørsmål ved nedstengningens virkning på flukt og redning. Blankarkprotestene uttrykte sorg og krav om ytringsfrihet.	Den offisielle kunngjøringen oppga 10 døde og 9 skadde i brannen i Urumqi; beboere og medieoppslag stilte spørsmål ved nedstengningens virkning på flukt og redning. Blankarkprotestene uttrykte sorg og krav om ytringsfrihet.	NO	PASS_UNCHANGED
reread:batch10	24	white-paper	non-target	excerpt_nl	Volgens het officiële bericht vielen bij de brand in Urumqi 10 doden en 9 gewonden; bewoners en media vroegen naar het effect van de lockdown op ontsnapping en redding. De witpapierprotesten drukten rouw en eisen voor vrije meningsuiting uit.	Volgens het officiële bericht vielen bij de brand in Urumqi 10 doden en 9 gewonden; bewoners en media vroegen naar het effect van de lockdown op ontsnapping en redding. De witpapierprotesten drukten rouw en eisen voor vrije meningsuiting uit.	NO	PASS_UNCHANGED
reread:batch10	24	white-paper	non-target	excerpt_it	Il comunicato ufficiale ha riferito 10 morti e 9 feriti nell’incendio di Urumqi; residenti e media hanno chiesto quale effetto abbia avuto il confinamento su fuga e soccorsi. Le proteste dei fogli bianchi hanno espresso lutto e richieste di libertà di espressione.	Il comunicato ufficiale ha riferito 10 morti e 9 feriti nell’incendio di Urumqi; residenti e media hanno chiesto quale effetto abbia avuto il confinamento su fuga e soccorsi. Le proteste dei fogli bianchi hanno espresso lutto e richieste di libertà di espressione.	NO	PASS_UNCHANGED
reread:batch10	24	white-paper	non-target	date	2022-11-26	2022-11-26	NO	PASS_UNCHANGED
reread:batch10	24	white-paper	non-target	url	posts/white-paper.html	posts/white-paper.html	NO	PASS_UNCHANGED
reread:batch10	25	peng-zaizhou	non-target	slug	peng-zaizhou	peng-zaizhou	NO	PASS_UNCHANGED
reread:batch10	25	peng-zaizhou	non-target	title_zh	彭立發（四通橋）：現場標語、網路清理與九年刑期報導	彭立發（四通橋）：現場標語、網路清理與九年刑期報導	NO	PASS_UNCHANGED
reread:batch10	25	peng-zaizhou	non-target	title_en	Peng Lifa (Sitong Bridge): On-Site Slogans, Online Censorship, and a Nine-Year Sentence	Peng Lifa (Sitong Bridge): On-Site Slogans, Online Censorship, and a Nine-Year Sentence	NO	PASS_UNCHANGED
reread:batch10	25	peng-zaizhou	non-target	title_ja	彭立発（四通橋）：現場のスローガン、ネット検閲、懲役9年	彭立発（四通橋）：現場のスローガン、ネット検閲、懲役9年	NO	PASS_UNCHANGED
reread:batch10	25	peng-zaizhou	non-target	title_ko	펑리파(쓰퉁차오): 현장 구호, 온라인 검열과 9년형	펑리파(쓰퉁차오): 현장 구호, 온라인 검열과 9년형	NO	PASS_UNCHANGED
reread:batch10	25	peng-zaizhou	non-target	title_es	Peng Lifa (puente Sitong): lemas in situ, censura en línea y condena de nueve años	Peng Lifa (puente Sitong): lemas in situ, censura en línea y condena de nueve años	NO	PASS_UNCHANGED
reread:batch10	25	peng-zaizhou	non-target	title_de	Peng Lifa (Sitong-Brücke): Parolen vor Ort, Online-Zensur und neun Jahre Haft	Peng Lifa (Sitong-Brücke): Parolen vor Ort, Online-Zensur und neun Jahre Haft	NO	PASS_UNCHANGED
reread:batch10	25	peng-zaizhou	non-target	title_fr	Peng Lifa (pont Sitong) : slogans sur place, censure en ligne et peine de neuf ans	Peng Lifa (pont Sitong) : slogans sur place, censure en ligne et peine de neuf ans	NO	PASS_UNCHANGED
reread:batch10	25	peng-zaizhou	non-target	title_no	Peng Lifa (Sitong-broen): slagord på stedet, nettcensur og ni års fengsel	Peng Lifa (Sitong-broen): slagord på stedet, nettcensur og ni års fengsel	NO	PASS_UNCHANGED
reread:batch10	25	peng-zaizhou	non-target	title_nl	Peng Lifa (Sitongbrug): leuzen ter plaatse, onlinecensuur en een straf van negen jaar	Peng Lifa (Sitongbrug): leuzen ter plaatse, onlinecensuur en een straf van negen jaar	NO	PASS_UNCHANGED
reread:batch10	25	peng-zaizhou	non-target	title_it	Peng Lifa (ponte Sitong): slogan sul posto, censura online e condanna a nove anni	Peng Lifa (ponte Sitong): slogan sul posto, censura online e condanna a nove anni	NO	PASS_UNCHANGED
reread:batch10	25	peng-zaizhou	non-target	excerpt_zh	2022年四通橋抗議活動的現場影像使彭利發（彭在舟）的身份得以公開識別。家庭帳戶記錄了他隨後的失蹤和家庭情況，而 CHRD 在 2025 年報告他被判處 9 年徒刑。	2022年四通橋抗議活動的現場影像使彭利發（彭在舟）的身份得以公開識別。家庭帳戶記錄了他隨後的失蹤和家庭情況，而 CHRD 在 2025 年報告他被判處 9 年徒刑。	NO	PASS_UNCHANGED
reread:batch10	25	peng-zaizhou	non-target	excerpt_en	On-site images of the 2022 Sitong Bridge protest made Peng Lifa (Peng Zaizhou) publicly identifiable. Family accounts document his subsequent disappearance and family circumstances, while CHRD reported in 2025 that he received a nine-year sentence.	On-site images of the 2022 Sitong Bridge protest made Peng Lifa (Peng Zaizhou) publicly identifiable. Family accounts document his subsequent disappearance and family circumstances, while CHRD reported in 2025 that he received a nine-year sentence.	NO	PASS_UNCHANGED
reread:batch10	25	peng-zaizhou	non-target	excerpt_ja	2022年の四通橋抗議活動の現場画像により、彭力発（彭在州）の身元が公に特定されるようになった。家族の記録には彼のその後の失踪と家族の状況が記録されているが、CHRDは2025年に彼が懲役9年の判決を受けたと報告した。	2022年の四通橋抗議活動の現場画像により、彭力発（彭在州）の身元が公に特定されるようになった。家族の記録には彼のその後の失踪と家族の状況が記録されているが、CHRDは2025年に彼が懲役9年の判決を受けたと報告した。	NO	PASS_UNCHANGED
reread:batch10	25	peng-zaizhou	non-target	excerpt_ko	2022년 Sitong Bridge 시위 현장 이미지를 통해 Peng Lifa(Peng Zaizhou)의 신원이 공개되었습니다. 가족 계정에는 그의 이후 실종과 가족 상황이 기록되어 있으며, CHRD는 2025년에 그가 9년 형을 선고받았다고 보고했습니다.	2022년 Sitong Bridge 시위 현장 이미지를 통해 Peng Lifa(Peng Zaizhou)의 신원이 공개되었습니다. 가족 계정에는 그의 이후 실종과 가족 상황이 기록되어 있으며, CHRD는 2025년에 그가 9년 형을 선고받았다고 보고했습니다.	NO	PASS_UNCHANGED
reread:batch10	25	peng-zaizhou	non-target	excerpt_es	Las imágenes in situ de la protesta del puente Sitong de 2022 hicieron que Peng Lifa (Peng Zaizhou) fuera públicamente identificable. Los relatos familiares documentan su posterior desaparición y sus circunstancias familiares, mientras que CHRD informó en 2025 que recibió una sentencia de nueve años.	Las imágenes in situ de la protesta del puente Sitong de 2022 hicieron que Peng Lifa (Peng Zaizhou) fuera públicamente identificable. Los relatos familiares documentan su posterior desaparición y sus circunstancias familiares, mientras que CHRD informó en 2025 que recibió una sentencia de nueve años.	NO	PASS_UNCHANGED
reread:batch10	25	peng-zaizhou	non-target	excerpt_de	Bilder vor Ort vom Protest an der Sitong-Brücke 2022 machten Peng Lifa (Peng Zaizhou) öffentlich identifizierbar. Familienberichte dokumentieren sein späteres Verschwinden und seine familiären Umstände, während CHRD im Jahr 2025 berichtete, dass er zu einer neunjährigen Haftstrafe verurteilt wurde.	Bilder vor Ort vom Protest an der Sitong-Brücke 2022 machten Peng Lifa (Peng Zaizhou) öffentlich identifizierbar. Familienberichte dokumentieren sein späteres Verschwinden und seine familiären Umstände, während CHRD im Jahr 2025 berichtete, dass er zu einer neunjährigen Haftstrafe verurteilt wurde.	NO	PASS_UNCHANGED
reread:batch10	25	peng-zaizhou	non-target	excerpt_fr	Les images sur place de la manifestation du pont Sitong en 2022 ont rendu Peng Lifa (Peng Zaizhou) publiquement identifiable. Les récits familiaux documentent sa disparition ultérieure et sa situation familiale, tandis que CHRD a rapporté en 2025 qu'il avait été condamné à neuf ans de prison.	Les images sur place de la manifestation du pont Sitong en 2022 ont rendu Peng Lifa (Peng Zaizhou) publiquement identifiable. Les récits familiaux documentent sa disparition ultérieure et sa situation familiale, tandis que CHRD a rapporté en 2025 qu'il avait été condamné à neuf ans de prison.	NO	PASS_UNCHANGED
reread:batch10	25	peng-zaizhou	non-target	excerpt_no	Bilder på stedet av Sitong Bridge-protesten i 2022 gjorde Peng Lifa (Peng Zaizhou) offentlig identifiserbar. Familieberetninger dokumenterer hans påfølgende forsvinning og familieforhold, mens CHRD rapporterte i 2025 at han fikk ni års dom.	Bilder på stedet av Sitong Bridge-protesten i 2022 gjorde Peng Lifa (Peng Zaizhou) offentlig identifiserbar. Familieberetninger dokumenterer hans påfølgende forsvinning og familieforhold, mens CHRD rapporterte i 2025 at han fikk ni års dom.	NO	PASS_UNCHANGED
reread:batch10	25	peng-zaizhou	non-target	excerpt_nl	Beelden ter plaatse van het Sitong Bridge-protest in 2022 maakten Peng Lifa (Peng Zaizhou) publiekelijk herkenbaar. Familieverslagen documenteren zijn daaropvolgende verdwijning en familieomstandigheden, terwijl CHRD in 2025 meldde dat hij een gevangenisstraf van negen jaar had gekregen.	Beelden ter plaatse van het Sitong Bridge-protest in 2022 maakten Peng Lifa (Peng Zaizhou) publiekelijk herkenbaar. Familieverslagen documenteren zijn daaropvolgende verdwijning en familieomstandigheden, terwijl CHRD in 2025 meldde dat hij een gevangenisstraf van negen jaar had gekregen.	NO	PASS_UNCHANGED
reread:batch10	25	peng-zaizhou	non-target	excerpt_it	Le immagini della protesta del ponte Sitong del 2022 hanno reso Peng Lifa (Peng Zaizhou) pubblicamente identificabile. I resoconti familiari documentano la successiva scomparsa e la pressione sulla famiglia, mentre nel 2025 CHRD ha riferito che Peng Lifa era stato condannato a nove anni.	Le immagini della protesta del ponte Sitong del 2022 hanno reso Peng Lifa (Peng Zaizhou) pubblicamente identificabile. I resoconti familiari documentano la successiva scomparsa e la pressione sulla famiglia, mentre nel 2025 CHRD ha riferito che Peng Lifa era stato condannato a nove anni.	NO	PASS_UNCHANGED
reread:batch10	25	peng-zaizhou	non-target	date	2022-10-13	2022-10-13	NO	PASS_UNCHANGED
reread:batch10	25	peng-zaizhou	non-target	url	posts/peng-zaizhou.html	posts/peng-zaizhou.html	NO	PASS_UNCHANGED
reread:batch10	26	zhang-zhan	non-target	slug	zhang-zhan	zhang-zhan	NO	PASS_UNCHANGED
reread:batch10	26	zhang-zhan	non-target	title_zh	張展：從武漢報導到第二次判刑	張展：從武漢報導到第二次判刑	NO	PASS_UNCHANGED
reread:batch10	26	zhang-zhan	non-target	title_en	Zhang Zhan: From Wuhan Reporting to a Second Prison Sentence	Zhang Zhan: From Wuhan Reporting to a Second Prison Sentence	NO	PASS_UNCHANGED
reread:batch10	26	zhang-zhan	non-target	title_ja	張展：武漢報道から二度目の判決へ	張展：武漢報道から二度目の判決へ	NO	PASS_UNCHANGED
reread:batch10	26	zhang-zhan	non-target	title_ko	장잔: 우한 보도에서 두 번째 징역형까지	장잔: 우한 보도에서 두 번째 징역형까지	NO	PASS_UNCHANGED
reread:batch10	26	zhang-zhan	non-target	title_es	Zhang Zhan: de informar sobre Wuhan a una segunda condena	Zhang Zhan: de informar sobre Wuhan a una segunda condena	NO	PASS_UNCHANGED
reread:batch10	26	zhang-zhan	non-target	title_de	Zhang Zhan: von Wuhan-Berichten zur zweiten Haftstrafe	Zhang Zhan: von Wuhan-Berichten zur zweiten Haftstrafe	NO	PASS_UNCHANGED
reread:batch10	26	zhang-zhan	non-target	title_fr	Zhang Zhan : du reportage à Wuhan à une seconde condamnation	Zhang Zhan : du reportage à Wuhan à une seconde condamnation	NO	PASS_UNCHANGED
reread:batch10	26	zhang-zhan	non-target	title_no	Zhang Zhan: fra Wuhan-rapportering til ny fengselsdom	Zhang Zhan: fra Wuhan-rapportering til ny fengselsdom	NO	PASS_UNCHANGED
reread:batch10	26	zhang-zhan	non-target	title_nl	Zhang Zhan: van Wuhan-verslaggeving naar een tweede gevangenisstraf	Zhang Zhan: van Wuhan-verslaggeving naar een tweede gevangenisstraf	NO	PASS_UNCHANGED
reread:batch10	26	zhang-zhan	non-target	title_it	Zhang Zhan: dai reportage su Wuhan a una seconda condanna	Zhang Zhan: dai reportage su Wuhan a una seconda condanna	NO	PASS_UNCHANGED
reread:batch10	26	zhang-zhan	non-target	excerpt_zh	更新張展案：從2020年武漢公民報導、2020年首次判刑，到2024年釋放後再被拘押並於2025年再判四年，呈現言論自由被刑事化的連續模式。	更新張展案：從2020年武漢公民報導、2020年首次判刑，到2024年釋放後再被拘押並於2025年再判四年，呈現言論自由被刑事化的連續模式。	NO	PASS_UNCHANGED
reread:batch10	26	zhang-zhan	non-target	excerpt_en	Updated case profile: from Zhang Zhan's 2020 citizen reporting in Wuhan and first conviction to renewed detention after her 2024 release and a reported second four-year sentence in 2025.	Updated case profile: from Zhang Zhan's 2020 citizen reporting in Wuhan and first conviction to renewed detention after her 2024 release and a reported second four-year sentence in 2025.	NO	PASS_UNCHANGED
reread:batch10	26	zhang-zhan	non-target	excerpt_ja	2020年の武漢での市民報道、最初の有罪判決、2024年の釈放後の再拘束、2025年の二度目の4年刑までを整理します。	2020年の武漢での市民報道、最初の有罪判決、2024年の釈放後の再拘束、2025年の二度目の4年刑までを整理します。	NO	PASS_UNCHANGED
reread:batch10	26	zhang-zhan	non-target	excerpt_ko	2020년 우한 시민 보도와 첫 판결, 2024년 석방 뒤 재구금, 2025년 다시 4년형을 받은 것으로 알려진 과정을 정리합니다.	2020년 우한 시민 보도와 첫 판결, 2024년 석방 뒤 재구금, 2025년 다시 4년형을 받은 것으로 알려진 과정을 정리합니다.	NO	PASS_UNCHANGED
reread:batch10	26	zhang-zhan	non-target	excerpt_es	Perfil actualizado: de sus reportajes ciudadanos en Wuhan y primera condena a la nueva detención tras su liberación en 2024 y una segunda pena de cuatro años en 2025.	Perfil actualizado: de sus reportajes ciudadanos en Wuhan y primera condena a la nueva detención tras su liberación en 2024 y una segunda pena de cuatro años en 2025.	NO	PASS_UNCHANGED
reread:batch10	26	zhang-zhan	non-target	excerpt_de	Aktualisiertes Profil: von Zhang Zhans Bürgerberichten aus Wuhan und der ersten Verurteilung bis zur erneuten Festnahme nach ihrer Freilassung 2024 und einer zweiten Vierjahresstrafe 2025.	Aktualisiertes Profil: von Zhang Zhans Bürgerberichten aus Wuhan und der ersten Verurteilung bis zur erneuten Festnahme nach ihrer Freilassung 2024 und einer zweiten Vierjahresstrafe 2025.	NO	PASS_UNCHANGED
reread:batch10	26	zhang-zhan	non-target	excerpt_fr	Profil mis à jour : des reportages citoyens à Wuhan et de la première condamnation à la nouvelle détention après sa libération de 2024, puis à une seconde peine de quatre ans en 2025.	Profil mis à jour : des reportages citoyens à Wuhan et de la première condamnation à la nouvelle détention après sa libération de 2024, puis à une seconde peine de quatre ans en 2025.	NO	PASS_UNCHANGED
reread:batch10	26	zhang-zhan	non-target	excerpt_no	Oppdatert saksprofil: fra borgerjournalistikk i Wuhan og første dom til ny pågripelse etter løslatelsen i 2024 og en ny fireårsdom i 2025.	Oppdatert saksprofil: fra borgerjournalistikk i Wuhan og første dom til ny pågripelse etter løslatelsen i 2024 og en ny fireårsdom i 2025.	NO	PASS_UNCHANGED
reread:batch10	26	zhang-zhan	non-target	excerpt_nl	Bijgewerkt profiel: van burgerjournalistiek in Wuhan en de eerste veroordeling tot hernieuwde detentie na haar vrijlating in 2024 en een tweede straf van vier jaar in 2025.	Bijgewerkt profiel: van burgerjournalistiek in Wuhan en de eerste veroordeling tot hernieuwde detentie na haar vrijlating in 2024 en een tweede straf van vier jaar in 2025.	NO	PASS_UNCHANGED
reread:batch10	26	zhang-zhan	non-target	excerpt_it	Profilo aggiornato: dai reportage cittadini a Wuhan e dalla prima condanna alla nuova detenzione dopo il rilascio del 2024 e a una seconda pena di quattro anni nel 2025.	Profilo aggiornato: dai reportage cittadini a Wuhan e dalla prima condanna alla nuova detenzione dopo il rilascio del 2024 e a una seconda pena di quattro anni nel 2025.	NO	PASS_UNCHANGED
reread:batch10	26	zhang-zhan	non-target	date	2026-07-08	2026-07-08	NO	PASS_UNCHANGED
reread:batch10	26	zhang-zhan	non-target	url	posts/zhang-zhan.html	posts/zhang-zhan.html	NO	PASS_UNCHANGED
reread:batch10	27	dong-yaoqiong-ink-protest	non-target	slug	dong-yaoqiong-ink-protest	dong-yaoqiong-ink-protest	NO	PASS_UNCHANGED
reread:batch10	27	dong-yaoqiong-ink-protest	non-target	title_zh	董瑤瓊：潑墨抗議與精神病院式打壓	董瑤瓊：潑墨抗議與精神病院式打壓	NO	PASS_UNCHANGED
reread:batch10	27	dong-yaoqiong-ink-protest	non-target	title_en	Dong Yaoqiong: Ink Protest and Psychiatric Repression	Dong Yaoqiong: Ink Protest and Psychiatric Repression	NO	PASS_UNCHANGED
reread:batch10	27	dong-yaoqiong-ink-protest	non-target	title_ja	董瑶瓊：墨かけ抗議と精神医療による抑圧	董瑶瓊：墨かけ抗議と精神医療による抑圧	NO	PASS_UNCHANGED
reread:batch10	27	dong-yaoqiong-ink-protest	non-target	title_ko	둥야오충: 먹물 항의와 정신병원식 탄압	둥야오충: 먹물 항의와 정신병원식 탄압	NO	PASS_UNCHANGED
reread:batch10	27	dong-yaoqiong-ink-protest	non-target	title_es	Dong Yaoqiong: protesta con tinta y represión psiquiátrica	Dong Yaoqiong: protesta con tinta y represión psiquiátrica	NO	PASS_UNCHANGED
reread:batch10	27	dong-yaoqiong-ink-protest	non-target	title_de	Dong Yaoqiong: Tintenprotest und psychiatrische Repression	Dong Yaoqiong: Tintenprotest und psychiatrische Repression	NO	PASS_UNCHANGED
reread:batch10	27	dong-yaoqiong-ink-protest	non-target	title_fr	Dong Yaoqiong : protestation à l'encre et répression psychiatrique	Dong Yaoqiong : protestation à l'encre et répression psychiatrique	NO	PASS_UNCHANGED
reread:batch10	27	dong-yaoqiong-ink-protest	non-target	title_no	Dong Yaoqiong: blekkprotest og psykiatrisk undertrykkelse	Dong Yaoqiong: blekkprotest og psykiatrisk undertrykkelse	NO	PASS_UNCHANGED
reread:batch10	27	dong-yaoqiong-ink-protest	non-target	title_nl	Dong Yaoqiong: inktprotest en psychiatrische repressie	Dong Yaoqiong: inktprotest en psychiatrische repressie	NO	PASS_UNCHANGED
reread:batch10	27	dong-yaoqiong-ink-protest	non-target	title_it	Dong Yaoqiong: protesta con inchiostro e repressione psichiatrica	Dong Yaoqiong: protesta con inchiostro e repressione psichiatrica	NO	PASS_UNCHANGED
reread:batch10	27	dong-yaoqiong-ink-protest	non-target	excerpt_zh	董瑤瓊2018年7月4日直播潑墨抗議後，被消息來源指送入精神病院，但院方職員稱查無紀錄；其父董建彪2022年9月23日在押死亡，監所稱糖尿病，親屬則提出傷痕與強制火化指控。缺少入院令、病歷、屍檢與獨立調查，使她的下落、家庭傷害及政治表達被病理化的風險仍無有效救濟。	董瑤瓊2018年7月4日直播潑墨抗議後，被消息來源指送入精神病院，但院方職員稱查無紀錄；其父董建彪2022年9月23日在押死亡，監所稱糖尿病，親屬則提出傷痕與強制火化指控。缺少入院令、病歷、屍檢與獨立調查，使她的下落、家庭傷害及政治表達被病理化的風險仍無有效救濟。	NO	PASS_UNCHANGED
reread:batch10	27	dong-yaoqiong-ink-protest	non-target	excerpt_en	After Dong Yaoqiong's July 4, 2018 ink-protest livestream, sources reported psychiatric confinement while a hospital employee found no record. Her father Dong Jianbiao died in custody on September 23, 2022; prison officials cited diabetes while relatives alleged injuries and forced cremation. Missing admission, clinical, autopsy, and inquiry records leave her whereabouts, family harm, and pathologized political speech without effective remedy.	After Dong Yaoqiong's July 4, 2018 ink-protest livestream, sources reported psychiatric confinement while a hospital employee found no record. Her father Dong Jianbiao died in custody on September 23, 2022; prison officials cited diabetes while relatives alleged injuries and forced cremation. Missing admission, clinical, autopsy, and inquiry records leave her whereabouts, family harm, and pathologized political speech without effective remedy.	NO	PASS_UNCHANGED
reread:batch10	27	dong-yaoqiong-ink-protest	non-target	excerpt_ja	董瑶瓊の2018年7月4日の墨かけ抗議配信後、情報源は精神科収容を報告した一方、病院職員は記録なしと答えた。父の董建彪は2022年9月23日に拘禁中死亡し、監獄側は糖尿病、親族は外傷と強制火葬を主張した。入院、診療、解剖、独立調査の記録がなく、本人の所在、家族被害、政治表現の病理化に有効な救済がない。	董瑶瓊の2018年7月4日の墨かけ抗議配信後、情報源は精神科収容を報告した一方、病院職員は記録なしと答えた。父の董建彪は2022年9月23日に拘禁中死亡し、監獄側は糖尿病、親族は外傷と強制火葬を主張した。入院、診療、解剖、独立調査の記録がなく、本人の所在、家族被害、政治表現の病理化に有効な救済がない。	NO	PASS_UNCHANGED
reread:batch10	27	dong-yaoqiong-ink-protest	non-target	excerpt_ko	둥야오충의 2018년 7월 4일 먹물 항의 방송 뒤 소식통은 정신병원 수용을 전했으나 병원 직원은 기록이 없다고 답했다. 아버지 둥젠뱌오는 2022년 9월 23일 수감 중 숨졌고 교도소는 당뇨병, 친척은 상처와 강제 화장을 주장했다. 입원·진료·부검·독립조사 기록의 부재로 소재, 가족 피해, 정치적 표현의 병리화에 실효적 구제가 없다.	둥야오충의 2018년 7월 4일 먹물 항의 방송 뒤 소식통은 정신병원 수용을 전했으나 병원 직원은 기록이 없다고 답했다. 아버지 둥젠뱌오는 2022년 9월 23일 수감 중 숨졌고 교도소는 당뇨병, 친척은 상처와 강제 화장을 주장했다. 입원·진료·부검·독립조사 기록의 부재로 소재, 가족 피해, 정치적 표현의 병리화에 실효적 구제가 없다.	NO	PASS_UNCHANGED
reread:batch10	27	dong-yaoqiong-ink-protest	non-target	excerpt_es	Tras la protesta con tinta emitida por Dong Yaoqiong el 4 de julio de 2018, fuentes informaron de internamiento psiquiátrico, pero una empleada del hospital no halló registro. Su padre Dong Jianbiao murió bajo custodia el 23 de septiembre de 2022: la prisión citó diabetes y familiares alegaron lesiones y cremación forzada. Sin expedientes de ingreso, clínica, autopsia e investigación, su paradero, el daño familiar y la patologización de la expresión política carecen de remedio efectivo.	Tras la protesta con tinta emitida por Dong Yaoqiong el 4 de julio de 2018, fuentes informaron de internamiento psiquiátrico, pero una empleada del hospital no halló registro. Su padre Dong Jianbiao murió bajo custodia el 23 de septiembre de 2022: la prisión citó diabetes y familiares alegaron lesiones y cremación forzada. Sin expedientes de ingreso, clínica, autopsia e investigación, su paradero, el daño familiar y la patologización de la expresión política carecen de remedio efectivo.	NO	PASS_UNCHANGED
reread:batch10	27	dong-yaoqiong-ink-protest	non-target	excerpt_de	Nach Dong Yaoqiongs Livestream-Protest am 4. Juli 2018 meldeten Quellen eine psychiatrische Einweisung, während eine Krankenhausangestellte keinen Eintrag fand. Ihr Vater Dong Jianbiao starb am 23. September 2022 in Haft; das Gefängnis nannte Diabetes, Angehörige behaupteten Verletzungen und Zwangseinäscherung. Fehlende Aufnahme-, Behandlungs-, Autopsie- und Untersuchungsakten lassen Aufenthaltsort, Familienschaden und die Pathologisierung politischer Rede ohne wirksame Abhilfe.	Nach Dong Yaoqiongs Livestream-Protest am 4. Juli 2018 meldeten Quellen eine psychiatrische Einweisung, während eine Krankenhausangestellte keinen Eintrag fand. Ihr Vater Dong Jianbiao starb am 23. September 2022 in Haft; das Gefängnis nannte Diabetes, Angehörige behaupteten Verletzungen und Zwangseinäscherung. Fehlende Aufnahme-, Behandlungs-, Autopsie- und Untersuchungsakten lassen Aufenthaltsort, Familienschaden und die Pathologisierung politischer Rede ohne wirksame Abhilfe.	NO	PASS_UNCHANGED
reread:batch10	27	dong-yaoqiong-ink-protest	non-target	excerpt_fr	Après la protestation à l'encre diffusée par Dong Yaoqiong le 4 juillet 2018, des sources ont signalé un internement psychiatrique, mais une employée de l'hôpital n'a trouvé aucun dossier. Son père Dong Jianbiao est mort en détention le 23 septembre 2022 : la prison a invoqué le diabète, tandis que des proches alléguaient blessures et crémation forcée. L'absence de dossiers d'admission, cliniques, d'autopsie et d'enquête laisse sans recours effectif son sort, le préjudice familial et la pathologisation de la parole politique.	Après la protestation à l'encre diffusée par Dong Yaoqiong le 4 juillet 2018, des sources ont signalé un internement psychiatrique, mais une employée de l'hôpital n'a trouvé aucun dossier. Son père Dong Jianbiao est mort en détention le 23 septembre 2022 : la prison a invoqué le diabète, tandis que des proches alléguaient blessures et crémation forcée. L'absence de dossiers d'admission, cliniques, d'autopsie et d'enquête laisse sans recours effectif son sort, le préjudice familial et la pathologisation de la parole politique.	NO	PASS_UNCHANGED
reread:batch10	27	dong-yaoqiong-ink-protest	non-target	excerpt_no	Etter Dong Yaoqiongs direktesendte blekkprotest 4. juli 2018 meldte kilder psykiatrisk innleggelse, mens en sykehusansatt ikke fant noen journal. Faren Dong Jianbiao døde i varetekt 23. september 2022; fengselet oppga diabetes, mens slektninger hevdet skader og tvungen kremasjon. Manglende innleggelses-, behandlings-, obduksjons- og granskningsdokumenter etterlater hennes oppholdssted, familieskaden og patologisering av politisk tale uten effektivt rettsmiddel.	Etter Dong Yaoqiongs direktesendte blekkprotest 4. juli 2018 meldte kilder psykiatrisk innleggelse, mens en sykehusansatt ikke fant noen journal. Faren Dong Jianbiao døde i varetekt 23. september 2022; fengselet oppga diabetes, mens slektninger hevdet skader og tvungen kremasjon. Manglende innleggelses-, behandlings-, obduksjons- og granskningsdokumenter etterlater hennes oppholdssted, familieskaden og patologisering av politisk tale uten effektivt rettsmiddel.	NO	PASS_UNCHANGED
reread:batch10	27	dong-yaoqiong-ink-protest	non-target	excerpt_nl	Na Dong Yaoqiongs uitgezonden inktprotest van 4 juli 2018 meldden bronnen psychiatrische opname, terwijl een ziekenhuismedewerkster geen dossier vond. Haar vader Dong Jianbiao stierf op 23 september 2022 in hechtenis; de gevangenis noemde diabetes, familieleden letsel en gedwongen crematie. Ontbrekende opname-, behandel-, autopsie- en onderzoeksstukken laten haar verblijfplaats, familieschade en pathologisering van politieke uiting zonder effectief rechtsmiddel.	Na Dong Yaoqiongs uitgezonden inktprotest van 4 juli 2018 meldden bronnen psychiatrische opname, terwijl een ziekenhuismedewerkster geen dossier vond. Haar vader Dong Jianbiao stierf op 23 september 2022 in hechtenis; de gevangenis noemde diabetes, familieleden letsel en gedwongen crematie. Ontbrekende opname-, behandel-, autopsie- en onderzoeksstukken laten haar verblijfplaats, familieschade en pathologisering van politieke uiting zonder effectief rechtsmiddel.	NO	PASS_UNCHANGED
reread:batch10	27	dong-yaoqiong-ink-protest	non-target	excerpt_it	Dopo la protesta con inchiostro trasmessa da Dong Yaoqiong il 4 luglio 2018, fonti riferirono un ricovero psichiatrico, ma un'addetta dell'ospedale non trovò alcun registro. Il padre Dong Jianbiao morì in custodia il 23 settembre 2022: il carcere citò il diabete, i parenti lesioni e cremazione forzata. L'assenza di atti di ricovero, clinici, autoptici e d'indagine lascia senza rimedio effettivo la sua sorte, il danno familiare e la patologizzazione dell'espressione politica.	Dopo la protesta con inchiostro trasmessa da Dong Yaoqiong il 4 luglio 2018, fonti riferirono un ricovero psichiatrico, ma un'addetta dell'ospedale non trovò alcun registro. Il padre Dong Jianbiao morì in custodia il 23 settembre 2022: il carcere citò il diabete, i parenti lesioni e cremazione forzata. L'assenza di atti di ricovero, clinici, autoptici e d'indagine lascia senza rimedio effettivo la sua sorte, il danno familiare e la patologizzazione dell'espressione politica.	NO	PASS_UNCHANGED
reread:batch10	27	dong-yaoqiong-ink-protest	non-target	date	2026-07-14	2026-07-14	NO	PASS_UNCHANGED
reread:batch10	27	dong-yaoqiong-ink-protest	non-target	url	posts/dong-yaoqiong-ink-protest.html	posts/dong-yaoqiong-ink-protest.html	NO	PASS_UNCHANGED
reread:batch10	28	huang-xueqin-wang-jianbing	non-target	slug	huang-xueqin-wang-jianbing	huang-xueqin-wang-jianbing	NO	PASS_UNCHANGED
reread:batch10	28	huang-xueqin-wang-jianbing	non-target	title_zh	黃雪琴與王建兵：#MeToo、勞權與煽顛罪名	黃雪琴與王建兵：#MeToo、勞權與煽顛罪名	NO	PASS_UNCHANGED
reread:batch10	28	huang-xueqin-wang-jianbing	non-target	title_en	Huang Xueqin and Wang Jianbing: #MeToo, Labour Rights, and Incitement Charges	Huang Xueqin and Wang Jianbing: #MeToo, Labour Rights, and Incitement Charges	NO	PASS_UNCHANGED
reread:batch10	28	huang-xueqin-wang-jianbing	non-target	title_ja	黄雪琴と王建兵：#MeToo、労働権、扇動罪	黄雪琴と王建兵：#MeToo、労働権、扇動罪	NO	PASS_UNCHANGED
reread:batch10	28	huang-xueqin-wang-jianbing	non-target	title_ko	황쉐친과 왕젠빙: #MeToo, 노동권, 선동 혐의	황쉐친과 왕젠빙: #MeToo, 노동권, 선동 혐의	NO	PASS_UNCHANGED
reread:batch10	28	huang-xueqin-wang-jianbing	non-target	title_es	Huang Xueqin y Wang Jianbing: #MeToo, derechos laborales y cargos de incitación	Huang Xueqin y Wang Jianbing: #MeToo, derechos laborales y cargos de incitación	NO	PASS_UNCHANGED
reread:batch10	28	huang-xueqin-wang-jianbing	non-target	title_de	Huang Xueqin und Wang Jianbing: #MeToo, Arbeitsrechte und Anstiftungsvorwürfe	Huang Xueqin und Wang Jianbing: #MeToo, Arbeitsrechte und Anstiftungsvorwürfe	NO	PASS_UNCHANGED
reread:batch10	28	huang-xueqin-wang-jianbing	non-target	title_fr	Huang Xueqin et Wang Jianbing : #MeToo, droits du travail et accusation d'incitation	Huang Xueqin et Wang Jianbing : #MeToo, droits du travail et accusation d'incitation	NO	PASS_UNCHANGED
reread:batch10	28	huang-xueqin-wang-jianbing	non-target	title_no	Huang Xueqin og Wang Jianbing: #MeToo, arbeidsrett og anklager om oppfordring	Huang Xueqin og Wang Jianbing: #MeToo, arbeidsrett og anklager om oppfordring	NO	PASS_UNCHANGED
reread:batch10	28	huang-xueqin-wang-jianbing	non-target	title_nl	Huang Xueqin en Wang Jianbing: #MeToo, arbeidsrechten en opruiingsaanklachten	Huang Xueqin en Wang Jianbing: #MeToo, arbeidsrechten en opruiingsaanklachten	NO	PASS_UNCHANGED
reread:batch10	28	huang-xueqin-wang-jianbing	non-target	title_it	Huang Xueqin e Wang Jianbing: #MeToo, diritti del lavoro e accuse di istigazione	Huang Xueqin e Wang Jianbing: #MeToo, diritti del lavoro e accuse di istigazione	NO	PASS_UNCHANGED
reread:batch10	28	huang-xueqin-wang-jianbing	non-target	excerpt_zh	黃雪琴與王建兵2021年9月19日在廣州被捕，朋友隨後遭傳喚、搜家及扣押設備；2023年9月22日受控審判，2024年6月14日分別以煽動顛覆罪獲刑五年與三年六個月，黃另被剝奪政治權利四年。9月10日上訴未經開庭即被駁回且律師未獲預告；酷刑與健康惡化按來源列為指控，完整證據、訊問和醫療檔案未公開。	黃雪琴與王建兵2021年9月19日在廣州被捕，朋友隨後遭傳喚、搜家及扣押設備；2023年9月22日受控審判，2024年6月14日分別以煽動顛覆罪獲刑五年與三年六個月，黃另被剝奪政治權利四年。9月10日上訴未經開庭即被駁回且律師未獲預告；酷刑與健康惡化按來源列為指控，完整證據、訊問和醫療檔案未公開。	NO	PASS_UNCHANGED
reread:batch10	28	huang-xueqin-wang-jianbing	non-target	excerpt_en	Huang Xueqin and Wang Jianbing were arrested in Guangzhou on September 19, 2021, followed by summonses, home searches, and device seizures targeting friends. After a controlled trial on September 22, 2023, they received five years and three years six months for inciting subversion on June 14, 2024; Huang also lost political rights for four years. Appeals were rejected without a hearing or advance lawyer notice on September 10, while torture and health claims remain attributed and the full evidence, interrogation, and medical files unpublished.	Huang Xueqin and Wang Jianbing were arrested in Guangzhou on September 19, 2021, followed by summonses, home searches, and device seizures targeting friends. After a controlled trial on September 22, 2023, they received five years and three years six months for inciting subversion on June 14, 2024; Huang also lost political rights for four years. Appeals were rejected without a hearing or advance lawyer notice on September 10, while torture and health claims remain attributed and the full evidence, interrogation, and medical files unpublished.	NO	PASS_UNCHANGED
reread:batch10	28	huang-xueqin-wang-jianbing	non-target	excerpt_ja	黄雪琴と王建兵は2021年9月19日に広州で逮捕され、友人も召喚、家宅捜索、機器押収を受けた。2023年9月22日の統制された裁判後、2024年6月14日、国家政権転覆扇動罪でそれぞれ懲役5年と3年6か月、黄には政治的権利剥奪4年も科された。9月10日、弁護人への事前通知も審理もなく上訴は棄却され、拷問・健康被害は出典付きの主張にとどまり、完全な証拠、取調べ、診療記録は非公開である。	黄雪琴と王建兵は2021年9月19日に広州で逮捕され、友人も召喚、家宅捜索、機器押収を受けた。2023年9月22日の統制された裁判後、2024年6月14日、国家政権転覆扇動罪でそれぞれ懲役5年と3年6か月、黄には政治的権利剥奪4年も科された。9月10日、弁護人への事前通知も審理もなく上訴は棄却され、拷問・健康被害は出典付きの主張にとどまり、完全な証拠、取調べ、診療記録は非公開である。	NO	PASS_UNCHANGED
reread:batch10	28	huang-xueqin-wang-jianbing	non-target	excerpt_ko	황쉐친과 왕젠빙은 2021년 9월 19일 광저우에서 체포됐고 친구들도 소환·가택수색·기기 압수를 겪었다. 2023년 9월 22일 통제된 재판 뒤 2024년 6월 14일 전복 선동죄로 각각 징역 5년과 3년 6개월, 황에게는 정치적 권리 박탈 4년도 선고됐다. 9월 10일 항소는 심리와 변호인 사전 통지 없이 기각됐으며 고문·건강 악화는 출처가 명시된 의혹이고 완전한 증거·조사·의료 기록은 비공개다.	황쉐친과 왕젠빙은 2021년 9월 19일 광저우에서 체포됐고 친구들도 소환·가택수색·기기 압수를 겪었다. 2023년 9월 22일 통제된 재판 뒤 2024년 6월 14일 전복 선동죄로 각각 징역 5년과 3년 6개월, 황에게는 정치적 권리 박탈 4년도 선고됐다. 9월 10일 항소는 심리와 변호인 사전 통지 없이 기각됐으며 고문·건강 악화는 출처가 명시된 의혹이고 완전한 증거·조사·의료 기록은 비공개다.	NO	PASS_UNCHANGED
reread:batch10	28	huang-xueqin-wang-jianbing	non-target	excerpt_es	Huang Xueqin y Wang Jianbing fueron detenidos en Guangzhou el 19 de septiembre de 2021, seguidos de citaciones, registros y confiscación de dispositivos de amigos. Tras un juicio controlado el 22 de septiembre de 2023, el 14 de junio de 2024 recibieron cinco años y tres años seis meses por incitar a la subversión; Huang perdió además derechos políticos por cuatro años. Las apelaciones se rechazaron sin vista ni aviso previo el 10 de septiembre; tortura y salud siguen como alegaciones atribuidas y no se publicaron pruebas, interrogatorios ni expedientes médicos completos.	Huang Xueqin y Wang Jianbing fueron detenidos en Guangzhou el 19 de septiembre de 2021, seguidos de citaciones, registros y confiscación de dispositivos de amigos. Tras un juicio controlado el 22 de septiembre de 2023, el 14 de junio de 2024 recibieron cinco años y tres años seis meses por incitar a la subversión; Huang perdió además derechos políticos por cuatro años. Las apelaciones se rechazaron sin vista ni aviso previo el 10 de septiembre; tortura y salud siguen como alegaciones atribuidas y no se publicaron pruebas, interrogatorios ni expedientes médicos completos.	NO	PASS_UNCHANGED
reread:batch10	28	huang-xueqin-wang-jianbing	non-target	excerpt_de	Huang Xueqin und Wang Jianbing wurden am 19. September 2021 in Guangzhou festgenommen; Freunde wurden vorgeladen, Wohnungen durchsucht und Geräte beschlagnahmt. Nach kontrollierter Verhandlung am 22. September 2023 erhielten sie am 14. Juni 2024 wegen Umsturzanstiftung fünf Jahre und drei Jahre sechs Monate; Huang verlor zusätzlich vier Jahre politische Rechte. Die Berufungen wurden am 10. September ohne Anhörung oder Vorankündigung abgewiesen; Folter- und Gesundheitsangaben bleiben zugeschrieben, vollständige Beweise, Verhöre und Krankenakten unveröffentlicht.	Huang Xueqin und Wang Jianbing wurden am 19. September 2021 in Guangzhou festgenommen; Freunde wurden vorgeladen, Wohnungen durchsucht und Geräte beschlagnahmt. Nach kontrollierter Verhandlung am 22. September 2023 erhielten sie am 14. Juni 2024 wegen Umsturzanstiftung fünf Jahre und drei Jahre sechs Monate; Huang verlor zusätzlich vier Jahre politische Rechte. Die Berufungen wurden am 10. September ohne Anhörung oder Vorankündigung abgewiesen; Folter- und Gesundheitsangaben bleiben zugeschrieben, vollständige Beweise, Verhöre und Krankenakten unveröffentlicht.	NO	PASS_UNCHANGED
reread:batch10	28	huang-xueqin-wang-jianbing	non-target	excerpt_fr	Huang Xueqin et Wang Jianbing ont été arrêtés à Guangzhou le 19 septembre 2021, puis des amis convoqués, perquisitionnés et privés de leurs appareils. Après un procès contrôlé le 22 septembre 2023, ils ont reçu le 14 juin 2024 cinq ans et trois ans six mois pour incitation à la subversion ; Huang a aussi perdu ses droits politiques pour quatre ans. Les appels ont été rejetés sans audience ni préavis le 10 septembre ; torture et santé restent des allégations attribuées, les preuves, interrogatoires et dossiers médicaux complets non publiés.	Huang Xueqin et Wang Jianbing ont été arrêtés à Guangzhou le 19 septembre 2021, puis des amis convoqués, perquisitionnés et privés de leurs appareils. Après un procès contrôlé le 22 septembre 2023, ils ont reçu le 14 juin 2024 cinq ans et trois ans six mois pour incitation à la subversion ; Huang a aussi perdu ses droits politiques pour quatre ans. Les appels ont été rejetés sans audience ni préavis le 10 septembre ; torture et santé restent des allégations attribuées, les preuves, interrogatoires et dossiers médicaux complets non publiés.	NO	PASS_UNCHANGED
reread:batch10	28	huang-xueqin-wang-jianbing	non-target	excerpt_no	Huang Xueqin og Wang Jianbing ble arrestert i Guangzhou 19. september 2021; venner ble innkalt, hjem ransaket og enheter beslaglagt. Etter en kontrollert rettssak 22. september 2023 fikk de 14. juni 2024 fem år og tre år seks måneder for oppfordring til undergraving; Huang mistet også politiske rettigheter i fire år. Ankene ble avvist uten høring eller forhåndsvarsel 10. september; tortur- og helsepåstander er kildebelagte, og fullstendige bevis, avhør og journaler er upublisert.	Huang Xueqin og Wang Jianbing ble arrestert i Guangzhou 19. september 2021; venner ble innkalt, hjem ransaket og enheter beslaglagt. Etter en kontrollert rettssak 22. september 2023 fikk de 14. juni 2024 fem år og tre år seks måneder for oppfordring til undergraving; Huang mistet også politiske rettigheter i fire år. Ankene ble avvist uten høring eller forhåndsvarsel 10. september; tortur- og helsepåstander er kildebelagte, og fullstendige bevis, avhør og journaler er upublisert.	NO	PASS_UNCHANGED
reread:batch10	28	huang-xueqin-wang-jianbing	non-target	excerpt_nl	Huang Xueqin en Wang Jianbing werden op 19 september 2021 in Guangzhou gearresteerd; vrienden werden opgeroepen, woningen doorzocht en apparaten ingenomen. Na een gecontroleerd proces op 22 september 2023 kregen zij op 14 juni 2024 vijf jaar en drie jaar zes maanden wegens aanzetten tot ondermijning; Huang verloor ook vier jaar politieke rechten. Beroepen werden op 10 september zonder zitting of voorafgaande melding afgewezen; marteling en gezondheid blijven toegeschreven aantijgingen en volledig bewijs, verhoren en medische dossiers ongepubliceerd.	Huang Xueqin en Wang Jianbing werden op 19 september 2021 in Guangzhou gearresteerd; vrienden werden opgeroepen, woningen doorzocht en apparaten ingenomen. Na een gecontroleerd proces op 22 september 2023 kregen zij op 14 juni 2024 vijf jaar en drie jaar zes maanden wegens aanzetten tot ondermijning; Huang verloor ook vier jaar politieke rechten. Beroepen werden op 10 september zonder zitting of voorafgaande melding afgewezen; marteling en gezondheid blijven toegeschreven aantijgingen en volledig bewijs, verhoren en medische dossiers ongepubliceerd.	NO	PASS_UNCHANGED
reread:batch10	28	huang-xueqin-wang-jianbing	non-target	excerpt_it	Huang Xueqin e Wang Jianbing furono arrestati a Guangzhou il 19 settembre 2021; amici subirono convocazioni, perquisizioni e sequestro di dispositivi. Dopo un processo controllato il 22 settembre 2023, il 14 giugno 2024 ricevettero cinque anni e tre anni e sei mesi per istigazione alla sovversione; Huang perse anche i diritti politici per quattro anni. Gli appelli furono respinti senza udienza né preavviso il 10 settembre; tortura e salute restano accuse attribuite e prove, interrogatori e cartelle cliniche completi non furono pubblicati.	Huang Xueqin e Wang Jianbing furono arrestati a Guangzhou il 19 settembre 2021; amici subirono convocazioni, perquisizioni e sequestro di dispositivi. Dopo un processo controllato il 22 settembre 2023, il 14 giugno 2024 ricevettero cinque anni e tre anni e sei mesi per istigazione alla sovversione; Huang perse anche i diritti politici per quattro anni. Gli appelli furono respinti senza udienza né preavviso il 10 settembre; tortura e salute restano accuse attribuite e prove, interrogatori e cartelle cliniche completi non furono pubblicati.	NO	PASS_UNCHANGED
reread:batch10	28	huang-xueqin-wang-jianbing	non-target	date	2026-07-14	2026-07-14	NO	PASS_UNCHANGED
reread:batch10	28	huang-xueqin-wang-jianbing	non-target	url	posts/huang-xueqin-wang-jianbing.html	posts/huang-xueqin-wang-jianbing.html	NO	PASS_UNCHANGED
reread:batch10	29	fang-bin-citizen-journalist	non-target	slug	fang-bin-citizen-journalist	fang-bin-citizen-journalist	NO	PASS_UNCHANGED
reread:batch10	29	fang-bin-citizen-journalist	non-target	title_zh	方斌：武漢公民記錄者與秘密判刑	方斌：武漢公民記錄者與秘密判刑	NO	PASS_UNCHANGED
reread:batch10	29	fang-bin-citizen-journalist	non-target	title_en	Fang Bin: Wuhan Citizen Witness and Secret Sentencing	Fang Bin: Wuhan Citizen Witness and Secret Sentencing	NO	PASS_UNCHANGED
reread:batch10	29	fang-bin-citizen-journalist	non-target	title_ja	方斌：武漢の市民記録者と秘密判決	方斌：武漢の市民記録者と秘密判決	NO	PASS_UNCHANGED
reread:batch10	29	fang-bin-citizen-journalist	non-target	title_ko	팡빈: 우한 시민 기록자와 비밀 판결	팡빈: 우한 시민 기록자와 비밀 판결	NO	PASS_UNCHANGED
reread:batch10	29	fang-bin-citizen-journalist	non-target	title_es	Fang Bin: testigo ciudadano de Wuhan y sentencia secreta	Fang Bin: testigo ciudadano de Wuhan y sentencia secreta	NO	PASS_UNCHANGED
reread:batch10	29	fang-bin-citizen-journalist	non-target	title_de	Fang Bin: Bürgerzeuge aus Wuhan und geheimes Urteil	Fang Bin: Bürgerzeuge aus Wuhan und geheimes Urteil	NO	PASS_UNCHANGED
reread:batch10	29	fang-bin-citizen-journalist	non-target	title_fr	Fang Bin : témoin citoyen de Wuhan et condamnation secrète	Fang Bin : témoin citoyen de Wuhan et condamnation secrète	NO	PASS_UNCHANGED
reread:batch10	29	fang-bin-citizen-journalist	non-target	title_no	Fang Bin: borgerdokumentarist fra Wuhan og hemmelig dom	Fang Bin: borgerdokumentarist fra Wuhan og hemmelig dom	NO	PASS_UNCHANGED
reread:batch10	29	fang-bin-citizen-journalist	non-target	title_nl	Fang Bin: burgergetuige uit Wuhan en geheime veroordeling	Fang Bin: burgergetuige uit Wuhan en geheime veroordeling	NO	PASS_UNCHANGED
reread:batch10	29	fang-bin-citizen-journalist	non-target	title_it	Fang Bin: testimone cittadino di Wuhan e sentenza segreta	Fang Bin: testimone cittadino di Wuhan e sentenza segreta	NO	PASS_UNCHANGED
reread:batch10	29	fang-bin-citizen-journalist	non-target	excerpt_zh	方斌2020年1月25日起拍攝武漢醫院、殯儀館及八具遺體，遭警方問話後失聯；知情來源稱他被秘密判刑三年，家屬卻未獲判決書和指控內容。2023年刑滿後，2024年又據其本人所述遭地方人員施壓房東、斷水斷電，顯示疫情證據記錄者從羈押到住房持續承受控制。	方斌2020年1月25日起拍攝武漢醫院、殯儀館及八具遺體，遭警方問話後失聯；知情來源稱他被秘密判刑三年，家屬卻未獲判決書和指控內容。2023年刑滿後，2024年又據其本人所述遭地方人員施壓房東、斷水斷電，顯示疫情證據記錄者從羈押到住房持續承受控制。	NO	PASS_UNCHANGED
reread:batch10	29	fang-bin-citizen-journalist	non-target	excerpt_en	Fang Bin filmed Wuhan hospitals, a funeral home, and eight bodies from January 25, 2020, then lost contact after police questioning. Informed sources reported a secret three-year sentence while his family received no judgment or charge details; after release in 2023, he said officials pressured a landlord and cut water and power in 2024, extending control from custody into housing.	Fang Bin filmed Wuhan hospitals, a funeral home, and eight bodies from January 25, 2020, then lost contact after police questioning. Informed sources reported a secret three-year sentence while his family received no judgment or charge details; after release in 2023, he said officials pressured a landlord and cut water and power in 2024, extending control from custody into housing.	NO	PASS_UNCHANGED
reread:batch10	29	fang-bin-citizen-journalist	non-target	excerpt_ja	方斌は2020年1月25日から武漢の病院、葬儀場、8体の遺体を撮影し、警察の取調べ後に連絡が途絶えた。関係筋は秘密裁判による3年刑を伝えたが、家族は判決書も訴因も受け取らず、2023年の釈放後も本人によれば2024年に当局が家主へ圧力をかけ、断水・停電させ、拘禁から住居まで統制が続いた。	方斌は2020年1月25日から武漢の病院、葬儀場、8体の遺体を撮影し、警察の取調べ後に連絡が途絶えた。関係筋は秘密裁判による3年刑を伝えたが、家族は判決書も訴因も受け取らず、2023年の釈放後も本人によれば2024年に当局が家主へ圧力をかけ、断水・停電させ、拘禁から住居まで統制が続いた。	NO	PASS_UNCHANGED
reread:batch10	29	fang-bin-citizen-journalist	non-target	excerpt_ko	팡빈은 2020년 1월 25일부터 우한 병원·장례식장과 시신 8구를 촬영한 뒤 경찰 조사 후 연락이 끊겼다. 관계자는 비공개 재판의 3년형을 전했지만 가족은 판결문이나 구체적 혐의를 받지 못했고, 2023년 석방 뒤에도 본인에 따르면 2024년 당국이 집주인을 압박하고 물과 전기를 끊어 통제가 구금에서 주거로 이어졌다.	팡빈은 2020년 1월 25일부터 우한 병원·장례식장과 시신 8구를 촬영한 뒤 경찰 조사 후 연락이 끊겼다. 관계자는 비공개 재판의 3년형을 전했지만 가족은 판결문이나 구체적 혐의를 받지 못했고, 2023년 석방 뒤에도 본인에 따르면 2024년 당국이 집주인을 압박하고 물과 전기를 끊어 통제가 구금에서 주거로 이어졌다.	NO	PASS_UNCHANGED
reread:batch10	29	fang-bin-citizen-journalist	non-target	excerpt_es	Fang Bin filmó hospitales de Wuhan, una funeraria y ocho cadáveres desde el 25 de enero de 2020 y perdió contacto tras interrogatorios policiales. Fuentes informadas relataron una condena secreta de tres años, pero la familia no recibió sentencia ni cargos; liberado en 2023, afirmó que en 2024 funcionarios presionaron al casero y cortaron agua y luz, prolongando el control de la custodia a la vivienda.	Fang Bin filmó hospitales de Wuhan, una funeraria y ocho cadáveres desde el 25 de enero de 2020 y perdió contacto tras interrogatorios policiales. Fuentes informadas relataron una condena secreta de tres años, pero la familia no recibió sentencia ni cargos; liberado en 2023, afirmó que en 2024 funcionarios presionaron al casero y cortaron agua y luz, prolongando el control de la custodia a la vivienda.	NO	PASS_UNCHANGED
reread:batch10	29	fang-bin-citizen-journalist	non-target	excerpt_de	Fang Bin filmte ab 25. Januar 2020 Krankenhäuser in Wuhan, ein Bestattungsinstitut und acht Leichen und brach nach Polizeiverhören den Kontakt ab. Informierte Quellen berichteten von einem geheimen Dreijahresurteil, doch die Familie erhielt weder Urteil noch Anklagedetails; nach der Freilassung 2023 sagte er, Beamte hätten 2024 den Vermieter gedrängt und Wasser und Strom abgestellt – Kontrolle von der Haft bis zur Wohnung.	Fang Bin filmte ab 25. Januar 2020 Krankenhäuser in Wuhan, ein Bestattungsinstitut und acht Leichen und brach nach Polizeiverhören den Kontakt ab. Informierte Quellen berichteten von einem geheimen Dreijahresurteil, doch die Familie erhielt weder Urteil noch Anklagedetails; nach der Freilassung 2023 sagte er, Beamte hätten 2024 den Vermieter gedrängt und Wasser und Strom abgestellt – Kontrolle von der Haft bis zur Wohnung.	NO	PASS_UNCHANGED
reread:batch10	29	fang-bin-citizen-journalist	non-target	excerpt_fr	Fang Bin a filmé dès le 25 janvier 2020 des hôpitaux de Wuhan, un funérarium et huit corps, puis a perdu tout contact après des interrogatoires policiers. Des sources informées ont fait état d’une peine secrète de trois ans, sans jugement ni chefs remis à la famille ; libéré en 2023, il a déclaré qu’en 2024 des agents avaient fait pression sur son propriétaire et coupé eau et électricité, prolongeant le contrôle de la détention au logement.	Fang Bin a filmé dès le 25 janvier 2020 des hôpitaux de Wuhan, un funérarium et huit corps, puis a perdu tout contact après des interrogatoires policiers. Des sources informées ont fait état d’une peine secrète de trois ans, sans jugement ni chefs remis à la famille ; libéré en 2023, il a déclaré qu’en 2024 des agents avaient fait pression sur son propriétaire et coupé eau et électricité, prolongeant le contrôle de la détention au logement.	NO	PASS_UNCHANGED
reread:batch10	29	fang-bin-citizen-journalist	non-target	excerpt_no	Fang Bin filmet Wuhan-sykehus, et begravelsesbyrå og åtte døde fra 25. januar 2020 og mistet kontakten etter politiavhør. Informerte kilder meldte en hemmelig treårsdom, mens familien ikke fikk dom eller siktelsesdetaljer; etter løslatelsen i 2023 sa han at tjenestemenn i 2024 presset utleier og kuttet vann og strøm, slik at kontrollen strakte seg fra varetekt til bolig.	Fang Bin filmet Wuhan-sykehus, et begravelsesbyrå og åtte døde fra 25. januar 2020 og mistet kontakten etter politiavhør. Informerte kilder meldte en hemmelig treårsdom, mens familien ikke fikk dom eller siktelsesdetaljer; etter løslatelsen i 2023 sa han at tjenestemenn i 2024 presset utleier og kuttet vann og strøm, slik at kontrollen strakte seg fra varetekt til bolig.	NO	PASS_UNCHANGED
reread:batch10	29	fang-bin-citizen-journalist	non-target	excerpt_nl	Fang Bin filmde vanaf 25 januari 2020 ziekenhuizen in Wuhan, een uitvaartcentrum en acht lichamen en verloor na politieverhoren het contact. Ingelichte bronnen meldden een geheime straf van drie jaar, terwijl de familie geen vonnis of aanklacht kreeg; na zijn vrijlating in 2023 zei hij dat functionarissen in 2024 de verhuurder onder druk zetten en water en stroom afsloten, zodat controle van detentie naar huisvesting doorliep.	Fang Bin filmde vanaf 25 januari 2020 ziekenhuizen in Wuhan, een uitvaartcentrum en acht lichamen en verloor na politieverhoren het contact. Ingelichte bronnen meldden een geheime straf van drie jaar, terwijl de familie geen vonnis of aanklacht kreeg; na zijn vrijlating in 2023 zei hij dat functionarissen in 2024 de verhuurder onder druk zetten en water en stroom afsloten, zodat controle van detentie naar huisvesting doorliep.	NO	PASS_UNCHANGED
reread:batch10	29	fang-bin-citizen-journalist	non-target	excerpt_it	Dal 25 gennaio 2020 Fang Bin filmò ospedali di Wuhan, un’impresa funebre e otto corpi, poi perse i contatti dopo interrogatori di polizia. Fonti informate riferirono una condanna segreta a tre anni, senza sentenza né accuse consegnate alla famiglia; liberato nel 2023, disse che nel 2024 funzionari fecero pressione sul proprietario e tagliarono acqua ed elettricità, estendendo il controllo dalla custodia all’abitazione.	Dal 25 gennaio 2020 Fang Bin filmò ospedali di Wuhan, un’impresa funebre e otto corpi, poi perse i contatti dopo interrogatori di polizia. Fonti informate riferirono una condanna segreta a tre anni, senza sentenza né accuse consegnate alla famiglia; liberato nel 2023, disse che nel 2024 funzionari fecero pressione sul proprietario e tagliarono acqua ed elettricità, estendendo il controllo dalla custodia all’abitazione.	NO	PASS_UNCHANGED
reread:batch10	29	fang-bin-citizen-journalist	non-target	date	2026-07-14	2026-07-14	NO	PASS_UNCHANGED
reread:batch10	29	fang-bin-citizen-journalist	non-target	url	posts/fang-bin-citizen-journalist.html	posts/fang-bin-citizen-journalist.html	NO	PASS_UNCHANGED
reread:batch10	30	chen-qiushi	non-target	slug	chen-qiushi	chen-qiushi	NO	PASS_UNCHANGED
reread:batch10	30	chen-qiushi	non-target	title_zh	陳秋實：武漢公民記者與長期失聯	陳秋實：武漢公民記者與長期失聯	NO	PASS_UNCHANGED
reread:batch10	30	chen-qiushi	non-target	title_en	Chen Qiushi: Wuhan Citizen Journalist and Enforced Silence	Chen Qiushi: Wuhan Citizen Journalist and Enforced Silence	NO	PASS_UNCHANGED
reread:batch10	30	chen-qiushi	non-target	title_ja	陳秋実：武漢市民記者と長期の沈黙	陳秋実：武漢市民記者と長期の沈黙	NO	PASS_UNCHANGED
reread:batch10	30	chen-qiushi	non-target	title_ko	천추스(Chen Qiushi): 우한 시민기자와 장기 침묵	천추스(Chen Qiushi): 우한 시민기자와 장기 침묵	NO	PASS_UNCHANGED
reread:batch10	30	chen-qiushi	non-target	title_es	Chen Qiushi: periodista ciudadano de Wuhan y silencio impuesto	Chen Qiushi: periodista ciudadano de Wuhan y silencio impuesto	NO	PASS_UNCHANGED
reread:batch10	30	chen-qiushi	non-target	title_de	Chen Qiushi: Bürgerjournalist aus Wuhan und erzwungenes Schweigen	Chen Qiushi: Bürgerjournalist aus Wuhan und erzwungenes Schweigen	NO	PASS_UNCHANGED
reread:batch10	30	chen-qiushi	non-target	title_fr	Chen Qiushi : journaliste citoyen de Wuhan et silence imposé	Chen Qiushi : journaliste citoyen de Wuhan et silence imposé	NO	PASS_UNCHANGED
reread:batch10	30	chen-qiushi	non-target	title_no	Chen Qiushi: borgerjournalist fra Wuhan og påtvunget taushet	Chen Qiushi: borgerjournalist fra Wuhan og påtvunget taushet	NO	PASS_UNCHANGED
reread:batch10	30	chen-qiushi	non-target	title_nl	Chen Qiushi: burgerjournalist uit Wuhan en opgelegd zwijgen	Chen Qiushi: burgerjournalist uit Wuhan en opgelegd zwijgen	NO	PASS_UNCHANGED
reread:batch10	30	chen-qiushi	non-target	title_it	Chen Qiushi: giornalista cittadino di Wuhan e silenzio imposto	Chen Qiushi: giornalista cittadino di Wuhan e silenzio imposto	NO	PASS_UNCHANGED
reread:batch10	30	chen-qiushi	non-target	excerpt_zh	陳秋實於2020年1月赴武漢拍攝醫院，2月6日至7日失聯；其後只有「隔離」、不明部門監管及暫不起訴的轉述，約600天後露面仍未補足拘束依據、所在、健康與會見紀錄，家屬、消息來源和公共疫情證據承受第二重傷害。	陳秋實於2020年1月赴武漢拍攝醫院，2月6日至7日失聯；其後只有「隔離」、不明部門監管及暫不起訴的轉述，約600天後露面仍未補足拘束依據、所在、健康與會見紀錄，家屬、消息來源和公共疫情證據承受第二重傷害。	NO	PASS_UNCHANGED
reread:batch10	30	chen-qiushi	non-target	excerpt_en	Chen Qiushi filmed Wuhan hospitals in January 2020 and lost contact on February 6–7. Relayed claims of quarantine, unspecified supervision, and no prosecution—and his reappearance about 600 days later—never supplied custody, location, health, or contact records, leaving family, sources, and public-health evidence exposed to second harm.	Chen Qiushi filmed Wuhan hospitals in January 2020 and lost contact on February 6–7. Relayed claims of quarantine, unspecified supervision, and no prosecution—and his reappearance about 600 days later—never supplied custody, location, health, or contact records, leaving family, sources, and public-health evidence exposed to second harm.	NO	PASS_UNCHANGED
reread:batch10	30	chen-qiushi	non-target	excerpt_ja	陳秋実は2020年1月に武漢の病院を撮影し、2月6日から7日に連絡が途絶えた。「隔離」、不明機関の監督、当面起訴しないとの伝聞と約600日後の再登場だけでは、拘束根拠、所在、健康、面会記録は補われず、家族、情報源、公衆衛生上の証拠に二次的被害が残った。	陳秋実は2020年1月に武漢の病院を撮影し、2月6日から7日に連絡が途絶えた。「隔離」、不明機関の監督、当面起訴しないとの伝聞と約600日後の再登場だけでは、拘束根拠、所在、健康、面会記録は補われず、家族、情報源、公衆衛生上の証拠に二次的被害が残った。	NO	PASS_UNCHANGED
reread:batch10	30	chen-qiushi	non-target	excerpt_ko	천추스는 2020년 1월 우한 병원을 촬영한 뒤 2월 6~7일 연락이 끊겼다. ‘격리’, 불명확한 기관의 감독, 당분간 기소하지 않는다는 전언과 약 600일 뒤 재등장만으로는 구금 근거·소재·건강·접촉 기록이 설명되지 않아 가족, 취재원, 공중보건 증거에 2차 피해가 남았다.	천추스는 2020년 1월 우한 병원을 촬영한 뒤 2월 6~7일 연락이 끊겼다. ‘격리’, 불명확한 기관의 감독, 당분간 기소하지 않는다는 전언과 약 600일 뒤 재등장만으로는 구금 근거·소재·건강·접촉 기록이 설명되지 않아 가족, 취재원, 공중보건 증거에 2차 피해가 남았다.	NO	PASS_UNCHANGED
reread:batch10	30	chen-qiushi	non-target	excerpt_es	Chen Qiushi filmó hospitales de Wuhan en enero de 2020 y perdió contacto el 6–7 de febrero. Las versiones transmitidas sobre cuarentena, supervisión no identificada y ausencia de acusación, y su reaparición unos 600 días después, no aportaron órdenes de custodia, ubicación, salud ni contacto, causando un segundo daño a familia, fuentes y pruebas sanitarias.	Chen Qiushi filmó hospitales de Wuhan en enero de 2020 y perdió contacto el 6–7 de febrero. Las versiones transmitidas sobre cuarentena, supervisión no identificada y ausencia de acusación, y su reaparición unos 600 días después, no aportaron órdenes de custodia, ubicación, salud ni contacto, causando un segundo daño a familia, fuentes y pruebas sanitarias.	NO	PASS_UNCHANGED
reread:batch10	30	chen-qiushi	non-target	excerpt_de	Chen Qiushi filmte im Januar 2020 Krankenhäuser in Wuhan und brach am 6.–7. Februar den Kontakt ab. Überlieferte Angaben zu Quarantäne, unbenannter Aufsicht und ausbleibender Anklage sowie sein Wiederauftauchen nach rund 600 Tagen ersetzten keine Haft-, Orts-, Gesundheits- oder Kontaktnachweise und belasteten Familie, Quellen und Gesundheitsbeweise erneut.	Chen Qiushi filmte im Januar 2020 Krankenhäuser in Wuhan und brach am 6.–7. Februar den Kontakt ab. Überlieferte Angaben zu Quarantäne, unbenannter Aufsicht und ausbleibender Anklage sowie sein Wiederauftauchen nach rund 600 Tagen ersetzten keine Haft-, Orts-, Gesundheits- oder Kontaktnachweise und belasteten Familie, Quellen und Gesundheitsbeweise erneut.	NO	PASS_UNCHANGED
reread:batch10	30	chen-qiushi	non-target	excerpt_fr	Chen Qiushi a filmé des hôpitaux de Wuhan en janvier 2020 puis a perdu tout contact les 6–7 février. Les versions relayées de quarantaine, de surveillance non identifiée et d'absence de poursuites, puis sa réapparition environ 600 jours plus tard, n'ont fourni aucun dossier de garde, lieu, santé ou contact, infligeant un second préjudice à la famille, aux sources et aux preuves sanitaires.	Chen Qiushi a filmé des hôpitaux de Wuhan en janvier 2020 puis a perdu tout contact les 6–7 février. Les versions relayées de quarantaine, de surveillance non identifiée et d'absence de poursuites, puis sa réapparition environ 600 jours plus tard, n'ont fourni aucun dossier de garde, lieu, santé ou contact, infligeant un second préjudice à la famille, aux sources et aux preuves sanitaires.	NO	PASS_UNCHANGED
reread:batch10	30	chen-qiushi	non-target	excerpt_no	Chen Qiushi filmet Wuhan-sykehus i januar 2020 og mistet kontakten 6.–7. februar. Videreformidlede påstander om karantene, uspesifisert tilsyn og ingen tiltale, samt gjenkomsten rundt 600 dager senere, ga ingen dokumentasjon om frihetsberøvelse, sted, helse eller kontakt og påførte familie, kilder og folkehelsebevis ny skade.	Chen Qiushi filmet Wuhan-sykehus i januar 2020 og mistet kontakten 6.–7. februar. Videreformidlede påstander om karantene, uspesifisert tilsyn og ingen tiltale, samt gjenkomsten rundt 600 dager senere, ga ingen dokumentasjon om frihetsberøvelse, sted, helse eller kontakt og påførte familie, kilder og folkehelsebevis ny skade.	NO	PASS_UNCHANGED
reread:batch10	30	chen-qiushi	non-target	excerpt_nl	Chen Qiushi filmde in januari 2020 ziekenhuizen in Wuhan en verloor op 6–7 februari het contact. Doorgegeven verklaringen over quarantaine, niet nader genoemd toezicht en geen vervolging, plus zijn terugkeer na ongeveer 600 dagen, leverden geen stukken over hechtenis, verblijf, gezondheid of contact en schaadden familie, bronnen en volksgezondheidsbewijs opnieuw.	Chen Qiushi filmde in januari 2020 ziekenhuizen in Wuhan en verloor op 6–7 februari het contact. Doorgegeven verklaringen over quarantaine, niet nader genoemd toezicht en geen vervolging, plus zijn terugkeer na ongeveer 600 dagen, leverden geen stukken over hechtenis, verblijf, gezondheid of contact en schaadden familie, bronnen en volksgezondheidsbewijs opnieuw.	NO	PASS_UNCHANGED
reread:batch10	30	chen-qiushi	non-target	excerpt_it	Chen Qiushi filmò ospedali di Wuhan nel gennaio 2020 e perse i contatti il 6–7 febbraio. Le versioni riferite su quarantena, supervisione non identificata e mancata incriminazione, e la ricomparsa circa 600 giorni dopo, non produssero atti di custodia, luogo, salute o contatti, causando un secondo danno a famiglia, fonti e prove sanitarie.	Chen Qiushi filmò ospedali di Wuhan nel gennaio 2020 e perse i contatti il 6–7 febbraio. Le versioni riferite su quarantena, supervisione non identificata e mancata incriminazione, e la ricomparsa circa 600 giorni dopo, non produssero atti di custodia, luogo, salute o contatti, causando un secondo danno a famiglia, fonti e prove sanitarie.	NO	PASS_UNCHANGED
reread:batch10	30	chen-qiushi	non-target	date	2026-07-14	2026-07-14	NO	PASS_UNCHANGED
reread:batch10	30	chen-qiushi	non-target	url	posts/chen-qiushi.html	posts/chen-qiushi.html	NO	PASS_UNCHANGED
reread:batch10	31	li-zehua	non-target	slug	li-zehua	li-zehua	NO	PASS_UNCHANGED
reread:batch10	31	li-zehua	non-target	title_zh	李澤華：武漢採訪後被消失的前央視主持人	李澤華：武漢採訪後被消失的前央視主持人	NO	PASS_UNCHANGED
reread:batch10	31	li-zehua	non-target	title_en	Li Zehua: Former CCTV Host Disappeared After Wuhan Reporting	Li Zehua: Former CCTV Host Disappeared After Wuhan Reporting	NO	PASS_UNCHANGED
reread:batch10	31	li-zehua	non-target	title_ja	李澤華：武漢取材後に消えた元CCTV司会者	李澤華：武漢取材後に消えた元CCTV司会者	NO	PASS_UNCHANGED
reread:batch10	31	li-zehua	non-target	title_ko	리쩌화: 우한 취재 뒤 사라진 전 CCTV 진행자	리쩌화: 우한 취재 뒤 사라진 전 CCTV 진행자	NO	PASS_UNCHANGED
reread:batch10	31	li-zehua	non-target	title_es	Li Zehua: ex presentador de CCTV desaparecido tras informar desde Wuhan	Li Zehua: ex presentador de CCTV desaparecido tras informar desde Wuhan	NO	PASS_UNCHANGED
reread:batch10	31	li-zehua	non-target	title_de	Li Zehua: ehemaliger CCTV-Moderator nach Wuhan-Berichten verschwunden	Li Zehua: ehemaliger CCTV-Moderator nach Wuhan-Berichten verschwunden	NO	PASS_UNCHANGED
reread:batch10	31	li-zehua	non-target	title_fr	Li Zehua : ancien présentateur de CCTV disparu après ses reportages à Wuhan	Li Zehua : ancien présentateur de CCTV disparu après ses reportages à Wuhan	NO	PASS_UNCHANGED
reread:batch10	31	li-zehua	non-target	title_no	Li Zehua: tidligere CCTV-programleder forsvant etter Wuhan-rapportering	Li Zehua: tidligere CCTV-programleder forsvant etter Wuhan-rapportering	NO	PASS_UNCHANGED
reread:batch10	31	li-zehua	non-target	title_nl	Li Zehua: voormalige CCTV-presentator verdween na verslaggeving uit Wuhan	Li Zehua: voormalige CCTV-presentator verdween na verslaggeving uit Wuhan	NO	PASS_UNCHANGED
reread:batch10	31	li-zehua	non-target	title_it	Li Zehua: ex conduttore CCTV scomparso dopo i reportage da Wuhan	Li Zehua: ex conduttore CCTV scomparso dopo i reportage da Wuhan	NO	PASS_UNCHANGED
reread:batch10	31	li-zehua	non-target	excerpt_zh	李澤華2020年2月26日在武漢直播被跟車及公安上門後失聯，重現時稱警方以「擾亂公共秩序」調查後不予起訴並安排隔離。他後來向CPJ稱約35天受控、兩段隔離為16至17天和16天、曾被要求發佈讚揚內容，且警方其後每月接觸父母；當局未公開拘束、訊問、隔離和監督卷宗。	李澤華2020年2月26日在武漢直播被跟車及公安上門後失聯，重現時稱警方以「擾亂公共秩序」調查後不予起訴並安排隔離。他後來向CPJ稱約35天受控、兩段隔離為16至17天和16天、曾被要求發佈讚揚內容，且警方其後每月接觸父母；當局未公開拘束、訊問、隔離和監督卷宗。	NO	PASS_UNCHANGED
reread:batch10	31	li-zehua	non-target	excerpt_en	Li Zehua lost contact after livestreaming a vehicle following him and public-security officers at his Wuhan door on February 26, 2020. He later described a public-order inquiry, no charge, about 35 days under control split into 16–17 and 16 days of quarantine, pressure to post praise, and monthly police contact with his parents; no custody, interrogation, quarantine, or supervision file was published.	Li Zehua lost contact after livestreaming a vehicle following him and public-security officers at his Wuhan door on February 26, 2020. He later described a public-order inquiry, no charge, about 35 days under control split into 16–17 and 16 days of quarantine, pressure to post praise, and monthly police contact with his parents; no custody, interrogation, quarantine, or supervision file was published.	NO	PASS_UNCHANGED
reread:batch10	31	li-zehua	non-target	excerpt_ja	李澤華は2020年2月26日、武漢で追跡車両と公安の訪問を配信した後に連絡が途絶えた。後に、公共秩序違反の調査、不起訴、16～17日と16日に分かれた計約35日の管理下の隔離、当局を称賛する投稿の要求、その後の両親への月例接触を語ったが、拘束、取調べ、隔離、監督の公式記録は公表されていない。	李澤華は2020年2月26日、武漢で追跡車両と公安の訪問を配信した後に連絡が途絶えた。後に、公共秩序違反の調査、不起訴、16～17日と16日に分かれた計約35日の管理下の隔離、当局を称賛する投稿の要求、その後の両親への月例接触を語ったが、拘束、取調べ、隔離、監督の公式記録は公表されていない。	NO	PASS_UNCHANGED
reread:batch10	31	li-zehua	non-target	excerpt_ko	리쩌화는 2020년 2월 26일 우한에서 자신을 뒤쫓는 차량과 문 앞 공안을 생중계한 뒤 연락이 끊겼다. 그는 뒤에 공공질서 조사와 불기소, 16~17일과 16일로 나뉜 약 35일간의 통제·격리, 당국 찬양 게시물 요구, 이후 매달 부모에 대한 경찰 접촉을 설명했지만 구금·조사·격리·감독 공식 기록은 공개되지 않았다.	리쩌화는 2020년 2월 26일 우한에서 자신을 뒤쫓는 차량과 문 앞 공안을 생중계한 뒤 연락이 끊겼다. 그는 뒤에 공공질서 조사와 불기소, 16~17일과 16일로 나뉜 약 35일간의 통제·격리, 당국 찬양 게시물 요구, 이후 매달 부모에 대한 경찰 접촉을 설명했지만 구금·조사·격리·감독 공식 기록은 공개되지 않았다.	NO	PASS_UNCHANGED
reread:batch10	31	li-zehua	non-target	excerpt_es	Li Zehua perdió contacto tras emitir el vehículo que lo seguía y la llegada de seguridad pública a su puerta en Wuhan el 26 de febrero de 2020. Después relató una investigación de orden público sin cargos, unos 35 días bajo control repartidos en 16–17 y 16 días de cuarentena, presión para publicar elogios y contactos policiales mensuales con sus padres; no se publicó expediente de custodia, interrogatorio, cuarentena ni supervisión.	Li Zehua perdió contacto tras emitir el vehículo que lo seguía y la llegada de seguridad pública a su puerta en Wuhan el 26 de febrero de 2020. Después relató una investigación de orden público sin cargos, unos 35 días bajo control repartidos en 16–17 y 16 días de cuarentena, presión para publicar elogios y contactos policiales mensuales con sus padres; no se publicó expediente de custodia, interrogatorio, cuarentena ni supervisión.	NO	PASS_UNCHANGED
reread:batch10	31	li-zehua	non-target	excerpt_de	Li Zehua brach den Kontakt ab, nachdem er am 26. Februar 2020 in Wuhan ein verfolgendes Fahrzeug und Sicherheitsbeamte vor seiner Tür gestreamt hatte. Später schilderte er Ordnungsermittlungen ohne Anklage, rund 35 Tage unter Kontrolle in 16–17 und 16 Quarantänetagen, Druck zu lobenden Beiträgen und monatliche Polizeikontakte mit seinen Eltern; keine Haft-, Verhör-, Quarantäne- oder Aufsichtsakte wurde veröffentlicht.	Li Zehua brach den Kontakt ab, nachdem er am 26. Februar 2020 in Wuhan ein verfolgendes Fahrzeug und Sicherheitsbeamte vor seiner Tür gestreamt hatte. Später schilderte er Ordnungsermittlungen ohne Anklage, rund 35 Tage unter Kontrolle in 16–17 und 16 Quarantänetagen, Druck zu lobenden Beiträgen und monatliche Polizeikontakte mit seinen Eltern; keine Haft-, Verhör-, Quarantäne- oder Aufsichtsakte wurde veröffentlicht.	NO	PASS_UNCHANGED
reread:batch10	31	li-zehua	non-target	excerpt_fr	Li Zehua a perdu tout contact après avoir diffusé le véhicule qui le suivait et l’arrivée de la sécurité publique à sa porte à Wuhan le 26 février 2020. Il a ensuite décrit une enquête d’ordre public sans poursuite, environ 35 jours sous contrôle en deux quarantaines de 16–17 et 16 jours, des pressions pour publier des éloges et des contacts policiers mensuels avec ses parents ; aucun dossier de garde, audition, quarantaine ou surveillance n’a été publié.	Li Zehua a perdu tout contact après avoir diffusé le véhicule qui le suivait et l’arrivée de la sécurité publique à sa porte à Wuhan le 26 février 2020. Il a ensuite décrit une enquête d’ordre public sans poursuite, environ 35 jours sous contrôle en deux quarantaines de 16–17 et 16 jours, des pressions pour publier des éloges et des contacts policiers mensuels avec ses parents ; aucun dossier de garde, audition, quarantaine ou surveillance n’a été publié.	NO	PASS_UNCHANGED
reread:batch10	31	li-zehua	non-target	excerpt_no	Li Zehua mistet kontakten etter å ha strømmet bilen som fulgte ham og offentlig sikkerhet ved Wuhan-døren 26. februar 2020. Senere beskrev han ordensetterforskning uten tiltale, rundt 35 dager under kontroll fordelt på 16–17 og 16 karantenedager, press om å publisere ros og månedlig politikontakt med foreldrene; ingen varetekts-, avhørs-, karantene- eller tilsynsmappe ble offentliggjort.	Li Zehua mistet kontakten etter å ha strømmet bilen som fulgte ham og offentlig sikkerhet ved Wuhan-døren 26. februar 2020. Senere beskrev han ordensetterforskning uten tiltale, rundt 35 dager under kontroll fordelt på 16–17 og 16 karantenedager, press om å publisere ros og månedlig politikontakt med foreldrene; ingen varetekts-, avhørs-, karantene- eller tilsynsmappe ble offentliggjort.	NO	PASS_UNCHANGED
reread:batch10	31	li-zehua	non-target	excerpt_nl	Li Zehua verloor contact nadat hij op 26 februari 2020 in Wuhan een achtervolgende auto en veiligheidsagenten aan zijn deur livestreamde. Later beschreef hij een openbare-ordeonderzoek zonder vervolging, circa 35 dagen onder controle verdeeld over 16–17 en 16 quarantainedagen, druk om lof te publiceren en maandelijks politiecontact met zijn ouders; geen hechtenis-, verhoor-, quarantaine- of toezichtsdossier werd gepubliceerd.	Li Zehua verloor contact nadat hij op 26 februari 2020 in Wuhan een achtervolgende auto en veiligheidsagenten aan zijn deur livestreamde. Later beschreef hij een openbare-ordeonderzoek zonder vervolging, circa 35 dagen onder controle verdeeld over 16–17 en 16 quarantainedagen, druk om lof te publiceren en maandelijks politiecontact met zijn ouders; geen hechtenis-, verhoor-, quarantaine- of toezichtsdossier werd gepubliceerd.	NO	PASS_UNCHANGED
reread:batch10	31	li-zehua	non-target	excerpt_it	Li Zehua perse i contatti dopo aver trasmesso l’auto che lo seguiva e gli agenti di pubblica sicurezza alla porta a Wuhan il 26 febbraio 2020. In seguito descrisse un’indagine di ordine pubblico senza accusa, circa 35 giorni sotto controllo divisi in 16–17 e 16 giorni di quarantena, pressioni per pubblicare elogi e contatti mensili della polizia con i genitori; nessun fascicolo di custodia, interrogatorio, quarantena o sorveglianza fu pubblicato.	Li Zehua perse i contatti dopo aver trasmesso l’auto che lo seguiva e gli agenti di pubblica sicurezza alla porta a Wuhan il 26 febbraio 2020. In seguito descrisse un’indagine di ordine pubblico senza accusa, circa 35 giorni sotto controllo divisi in 16–17 e 16 giorni di quarantena, pressioni per pubblicare elogi e contatti mensili della polizia con i genitori; nessun fascicolo di custodia, interrogatorio, quarantena o sorveglianza fu pubblicato.	NO	PASS_UNCHANGED
reread:batch10	31	li-zehua	non-target	date	2026-07-14	2026-07-14	NO	PASS_UNCHANGED
reread:batch10	31	li-zehua	non-target	url	posts/li-zehua.html	posts/li-zehua.html	NO	PASS_UNCHANGED
reread:batch10	32	terminus2049-chen-mei-cai-wei	non-target	slug	terminus2049-chen-mei-cai-wei	terminus2049-chen-mei-cai-wei	NO	PASS_UNCHANGED
reread:batch10	32	terminus2049-chen-mei-cai-wei	non-target	title_zh	陳玫、蔡偉與端點星：保存網絡檔案遭刑事追訴	陳玫、蔡偉與端點星：保存網絡檔案遭刑事追訴	NO	PASS_UNCHANGED
reread:batch10	32	terminus2049-chen-mei-cai-wei	non-target	title_en	Chen Mei, Cai Wei, and Terminus2049: Prosecution for Preserving Online Archives	Chen Mei, Cai Wei, and Terminus2049: Prosecution for Preserving Online Archives	NO	PASS_UNCHANGED
reread:batch10	32	terminus2049-chen-mei-cai-wei	non-target	title_ja	陳玫、蔡偉と端点星：ネット資料の保存に対する刑事訴追	陳玫、蔡偉と端点星：ネット資料の保存に対する刑事訴追	NO	PASS_UNCHANGED
reread:batch10	32	terminus2049-chen-mei-cai-wei	non-target	title_ko	천메이·차이웨이와 Terminus2049: 온라인 기록 보존에 대한 형사 기소	천메이·차이웨이와 Terminus2049: 온라인 기록 보존에 대한 형사 기소	NO	PASS_UNCHANGED
reread:batch10	32	terminus2049-chen-mei-cai-wei	non-target	title_es	Chen Mei, Cai Wei y Terminus2049: proceso penal por conservar archivos digitales	Chen Mei, Cai Wei y Terminus2049: proceso penal por conservar archivos digitales	NO	PASS_UNCHANGED
reread:batch10	32	terminus2049-chen-mei-cai-wei	non-target	title_de	Chen Mei, Cai Wei und Terminus2049: Strafverfolgung wegen digitaler Archivierung	Chen Mei, Cai Wei und Terminus2049: Strafverfolgung wegen digitaler Archivierung	NO	PASS_UNCHANGED
reread:batch10	32	terminus2049-chen-mei-cai-wei	non-target	title_fr	Chen Mei, Cai Wei et Terminus2049 : poursuites pour conservation d’archives numériques	Chen Mei, Cai Wei et Terminus2049 : poursuites pour conservation d’archives numériques	NO	PASS_UNCHANGED
reread:batch10	32	terminus2049-chen-mei-cai-wei	non-target	title_no	Chen Mei, Cai Wei og Terminus2049: straffeforfølgning for digital arkivering	Chen Mei, Cai Wei og Terminus2049: straffeforfølgning for digital arkivering	NO	PASS_UNCHANGED
reread:batch10	32	terminus2049-chen-mei-cai-wei	non-target	title_nl	Chen Mei, Cai Wei en Terminus2049: vervolging wegens digitale archivering	Chen Mei, Cai Wei en Terminus2049: vervolging wegens digitale archivering	NO	PASS_UNCHANGED
reread:batch10	32	terminus2049-chen-mei-cai-wei	non-target	title_it	Chen Mei, Cai Wei e Terminus2049: procedimento penale per la conservazione di archivi digitali	Chen Mei, Cai Wei e Terminus2049: procedimento penale per la conservazione di archivi digitali	NO	PASS_UNCHANGED
reread:batch10	32	terminus2049-chen-mei-cai-wei	non-target	excerpt_zh	陳玫、蔡偉等人透過端點星保存被刪文章和疫情資料；警方拘押三人並對蔡偉與伴侶唐紅波使用指定居所監視居住，家屬選任律師受阻，陳玫與蔡偉其後被判刑。	陳玫、蔡偉等人透過端點星保存被刪文章和疫情資料；警方拘押三人並對蔡偉與伴侶唐紅波使用指定居所監視居住，家屬選任律師受阻，陳玫與蔡偉其後被判刑。	NO	PASS_UNCHANGED
reread:batch10	32	terminus2049-chen-mei-cai-wei	non-target	excerpt_en	Chen Mei, Cai Wei, and collaborators preserved deleted articles and pandemic records through Terminus2049. Police detained three people, placed Cai Wei and his partner Tang Hongbo under RSDL, obstructed family-chosen counsel, and later secured prison sentences against Chen and Cai.	Chen Mei, Cai Wei, and collaborators preserved deleted articles and pandemic records through Terminus2049. Police detained three people, placed Cai Wei and his partner Tang Hongbo under RSDL, obstructed family-chosen counsel, and later secured prison sentences against Chen and Cai.	NO	PASS_UNCHANGED
reread:batch10	32	terminus2049-chen-mei-cai-wei	non-target	excerpt_ja	陳玫、蔡偉らは端点星で削除記事と感染症資料を保存した。警察は3人を拘束し、蔡偉とパートナーの唐紅波を指定居所監視居住に置き、家族が選んだ弁護士の関与を妨げ、陳玫と蔡偉は後に実刑判決を受けた。	陳玫、蔡偉らは端点星で削除記事と感染症資料を保存した。警察は3人を拘束し、蔡偉とパートナーの唐紅波を指定居所監視居住に置き、家族が選んだ弁護士の関与を妨げ、陳玫と蔡偉は後に実刑判決を受けた。	NO	PASS_UNCHANGED
reread:batch10	32	terminus2049-chen-mei-cai-wei	non-target	excerpt_ko	천메이와 차이웨이 등은 Terminus2049를 통해 삭제된 기사와 감염병 자료를 보존했다. 경찰은 세 사람을 구금하고 차이웨이와 연인 탕훙보를 지정거소 주거감시(RSDL)에 두었으며 가족이 선임한 변호인의 조력을 막았고, 천메이와 차이웨이는 이후 실형을 선고받았다.	천메이와 차이웨이 등은 Terminus2049를 통해 삭제된 기사와 감염병 자료를 보존했다. 경찰은 세 사람을 구금하고 차이웨이와 연인 탕훙보를 지정거소 주거감시(RSDL)에 두었으며 가족이 선임한 변호인의 조력을 막았고, 천메이와 차이웨이는 이후 실형을 선고받았다.	NO	PASS_UNCHANGED
reread:batch10	32	terminus2049-chen-mei-cai-wei	non-target	excerpt_es	Chen Mei, Cai Wei y sus colaboradores preservaron artículos borrados y materiales sobre la pandemia. La policía detuvo a tres personas, sometió a Cai Wei y su pareja Tang Hongbo a RSDL, obstaculizó a los abogados elegidos por las familias y obtuvo condenas contra Chen y Cai.	Chen Mei, Cai Wei y sus colaboradores preservaron artículos borrados y materiales sobre la pandemia. La policía detuvo a tres personas, sometió a Cai Wei y su pareja Tang Hongbo a RSDL, obstaculizó a los abogados elegidos por las familias y obtuvo condenas contra Chen y Cai.	NO	PASS_UNCHANGED
reread:batch10	32	terminus2049-chen-mei-cai-wei	non-target	excerpt_de	Chen Mei, Cai Wei und Mitwirkende bewahrten gelöschte Artikel und Pandemieunterlagen. Die Polizei nahm drei Personen fest, stellte Cai Wei und seine Partnerin Tang Hongbo unter RSDL, behinderte familiengewählte Anwälte und erwirkte später Haftstrafen gegen Chen und Cai.	Chen Mei, Cai Wei und Mitwirkende bewahrten gelöschte Artikel und Pandemieunterlagen. Die Polizei nahm drei Personen fest, stellte Cai Wei und seine Partnerin Tang Hongbo unter RSDL, behinderte familiengewählte Anwälte und erwirkte später Haftstrafen gegen Chen und Cai.	NO	PASS_UNCHANGED
reread:batch10	32	terminus2049-chen-mei-cai-wei	non-target	excerpt_fr	Chen Mei, Cai Wei et leurs collaborateurs ont conservé des articles supprimés et des documents sur la pandémie. La police a détenu trois personnes, placé Cai Wei et sa compagne Tang Hongbo sous RSDL, entravé les avocats choisis par les familles, puis obtenu des peines contre Chen et Cai.	Chen Mei, Cai Wei et leurs collaborateurs ont conservé des articles supprimés et des documents sur la pandémie. La police a détenu trois personnes, placé Cai Wei et sa compagne Tang Hongbo sous RSDL, entravé les avocats choisis par les familles, puis obtenu des peines contre Chen et Cai.	NO	PASS_UNCHANGED
reread:batch10	32	terminus2049-chen-mei-cai-wei	non-target	excerpt_no	Chen Mei, Cai Wei og medarbeidere bevarte slettede artikler og pandemimateriale. Politiet pågrep tre personer, plasserte Cai Wei og partneren Tang Hongbo under RSDL, hindret familievalgte advokater og fikk senere Chen og Cai dømt til fengsel.	Chen Mei, Cai Wei og medarbeidere bevarte slettede artikler og pandemimateriale. Politiet pågrep tre personer, plasserte Cai Wei og partneren Tang Hongbo under RSDL, hindret familievalgte advokater og fikk senere Chen og Cai dømt til fengsel.	NO	PASS_UNCHANGED
reread:batch10	32	terminus2049-chen-mei-cai-wei	non-target	excerpt_nl	Chen Mei, Cai Wei en medewerkers bewaarden verwijderde artikelen en pandemiemateriaal. De politie hield drie mensen vast, plaatste Cai Wei en zijn partner Tang Hongbo onder RSDL, belemmerde door families gekozen advocaten en verkreeg later celstraffen tegen Chen en Cai.	Chen Mei, Cai Wei en medewerkers bewaarden verwijderde artikelen en pandemiemateriaal. De politie hield drie mensen vast, plaatste Cai Wei en zijn partner Tang Hongbo onder RSDL, belemmerde door families gekozen advocaten en verkreeg later celstraffen tegen Chen en Cai.	NO	PASS_UNCHANGED
reread:batch10	32	terminus2049-chen-mei-cai-wei	non-target	excerpt_it	Chen Mei, Cai Wei e collaboratori conservarono articoli cancellati e materiali sulla pandemia. La polizia fermò tre persone, pose Cai Wei e la compagna Tang Hongbo sotto RSDL, ostacolò gli avvocati scelti dalle famiglie e ottenne poi condanne detentive per Chen e Cai.	Chen Mei, Cai Wei e collaboratori conservarono articoli cancellati e materiali sulla pandemia. La polizia fermò tre persone, pose Cai Wei e la compagna Tang Hongbo sotto RSDL, ostacolò gli avvocati scelti dalle famiglie e ottenne poi condanne detentive per Chen e Cai.	NO	PASS_UNCHANGED
reread:batch10	32	terminus2049-chen-mei-cai-wei	non-target	date	2026-07-08	2026-07-08	NO	PASS_UNCHANGED
reread:batch10	32	terminus2049-chen-mei-cai-wei	non-target	url	posts/terminus2049-chen-mei-cai-wei.html	posts/terminus2049-chen-mei-cai-wei.html	NO	PASS_UNCHANGED
reread:batch10	33	huang-qi	target	slug	huang-qi	huang-qi	NO	PASS_UNCHANGED
reread:batch10	33	huang-qi	target	title_zh	黃琦：六四天網與十二年重判	黃琦：六四天網與十二年重判	NO	PASS_UNCHANGED
reread:batch10	33	huang-qi	target	title_en	Huang Qi: 64 Tianwang and a Twelve-Year Sentence	Huang Qi: 64 Tianwang and a Twelve-Year Sentence	NO	PASS_UNCHANGED
reread:batch10	33	huang-qi	target	title_ja	黄琦：六四天網と12年の重刑	黄琦：六四天網と12年の重刑	NO	PASS_UNCHANGED
reread:batch10	33	huang-qi	target	title_ko	황치: 64톈왕과 12년 중형	황치: 64톈왕과 12년 중형	NO	PASS_UNCHANGED
reread:batch10	33	huang-qi	target	title_es	Huang Qi: 64 Tianwang y una condena de doce años	Huang Qi: 64 Tianwang y una condena de doce años	NO	PASS_UNCHANGED
reread:batch10	33	huang-qi	target	title_de	Huang Qi: 64 Tianwang und zwölf Jahre Haft	Huang Qi: 64 Tianwang und zwölf Jahre Haft	NO	PASS_UNCHANGED
reread:batch10	33	huang-qi	target	title_fr	Huang Qi : 64 Tianwang et une peine de douze ans	Huang Qi : 64 Tianwang et une peine de douze ans	NO	PASS_UNCHANGED
reread:batch10	33	huang-qi	target	title_no	Huang Qi: 64 Tianwang og tolv års fengsel	Huang Qi: 64 Tianwang og tolv års fengsel	NO	PASS_UNCHANGED
reread:batch10	33	huang-qi	target	title_nl	Huang Qi: 64 Tianwang en twaalf jaar cel	Huang Qi: 64 Tianwang en twaalf jaar cel	NO	PASS_UNCHANGED
reread:batch10	33	huang-qi	target	title_it	Huang Qi: 64 Tianwang e una condanna a dodici anni	Huang Qi: 64 Tianwang e una condanna a dodici anni	NO	PASS_UNCHANGED
reread:batch10	33	huang-qi	target	excerpt_zh	黃琦自1998年經營64 Tianwang保存尋人、上訪、災難與侵權資料，2016年11月28日被帶走，2019年1月14日秘密受審，7月29日因國家秘密罪名被判十二年、剝奪政治權利四年並罰款二萬元。其嚴重健康問題、會見受限及母親蒲文清受監控均有來源紀錄，但所謂秘密材料、完整判決、十五次訊問與獨立病歷未公開。	六四天網（64 Tianwang）是黃琦創辦的民間人權資訊網站，收集、保存並傳播訪民、人權個案、地方侵害與災難資料。這些工作受到刑事追訴：黃琦2016年被拘押，2019年才因「故意洩露國家秘密」及「為境外非法提供國家秘密」兩項罪名被判十二年徒刑；案件也使其家屬、醫療照護、消息來源和網站檔案面臨持續風險。	YES	PASS_CHANGED_AUTHORIZED
reread:batch10	33	huang-qi	target	excerpt_en	Huang Qi has run 64 Tianwang since 1998 to preserve missing-person, petition, disaster, and abuse records. Taken on November 28, 2016, he faced a secret trial on January 14, 2019 and on July 29 received twelve years, four years’ deprivation of political rights, and a 20,000-yuan fine on state-secrets charges. Sources record serious illness, blocked visits, and surveillance of his mother Pu Wenqing, while the alleged secret, full judgment, fifteen interrogation records, and independent medical file remain unpublished.	64 Tianwang, founded by Huang Qi, is a civil human-rights information website that collected, preserved, and shared records about petitioners, human-rights cases, local abuses, and disasters. This work was criminally prosecuted: Huang was detained in 2016 and was not sentenced until 2019, when he received twelve years for “deliberately leaking state secrets” and “illegally providing state secrets to entities abroad.” The case also exposed his family, medical care, sources, and the site’s archives to continuing risk.	YES	PASS_CHANGED_AUTHORIZED
reread:batch10	33	huang-qi	target	excerpt_ja	黄琦は1998年から64 Tianwangを運営し、行方不明者、陳情、災害、権利侵害の記録を保存した。2016年11月28日に連行され、2019年1月14日に秘密裁判、7月29日に国家秘密罪で懲役12年、政治的権利剥奪4年、罰金2万元を受けた。深刻な病気、面会制限、母の蒲文清への監視は出典に記録されるが、秘密資料、完全な判決、15回の取調べ、独立診療記録は非公開である。	六四天網（64 Tianwang）は黄琦が創設した民間人権情報サイトで、陳情者、人権事件、地方の権利侵害、災害に関する記録を収集・保存・発信した。この活動が刑事訴追の対象となり、黄琦は2016年に拘禁され、2019年になって「故意の国家秘密漏洩」と「国外の組織への国家秘密の不法提供」の2罪で懲役12年を言い渡された。事件は家族、医療、情報提供者、サイトの記録にも継続的な危険を及ぼしている。	YES	PASS_CHANGED_AUTHORIZED
reread:batch10	33	huang-qi	target	excerpt_ko	황치는 1998년부터 64 Tianwang을 운영하며 실종자·민원·재난·인권침해 기록을 보존했다. 2016년 11월 28일 연행돼 2019년 1월 14일 비공개 재판을 받고, 7월 29일 국가기밀 혐의로 징역 12년, 정치적 권리 박탈 4년, 벌금 2만 위안을 선고받았다. 중증 질환, 면회 제한, 어머니 푸원칭 감시는 출처에 기록되지만 기밀 자료, 완전한 판결문, 15차례 조사와 독립 의료기록은 공개되지 않았다.	64톈왕(64 Tianwang)은 황치가 설립한 민간 인권정보 웹사이트로, 민원을 제기하거나 당국을 찾아가 구제를 요구하는 사람들, 인권 사건, 지방 권력의 침해와 재난에 관한 자료를 수집·보존·전파했다. 이 활동은 형사 기소의 대상이 됐다. 황치는 2016년 구금됐고 2019년에야 ‘고의적 국가기밀 누설’과 ‘해외 단체에 국가기밀 불법 제공’ 두 혐의로 징역 12년을 선고받았다. 사건은 가족, 의료, 정보원과 사이트 기록에도 지속적인 위험을 남겼다.	YES	PASS_CHANGED_AUTHORIZED
reread:batch10	33	huang-qi	target	excerpt_es	Huang Qi dirige 64 Tianwang desde 1998 para preservar registros de personas desaparecidas, peticiones, desastres y abusos. Detenido el 28 de noviembre de 2016, fue juzgado en secreto el 14 de enero de 2019 y el 29 de julio recibió doce años, cuatro de privación de derechos políticos y multa de 20.000 yuanes por secretos de Estado. Las fuentes documentan enfermedad grave, visitas bloqueadas y vigilancia de su madre Pu Wenqing, pero no se publicaron el supuesto secreto, sentencia completa, quince interrogatorios ni expediente médico independiente.	64 Tianwang, fundado por Huang Qi, es un sitio civil de información sobre derechos humanos que recopiló, conservó y difundió registros sobre personas que acudían a presentar quejas y peticiones, casos de derechos humanos, abusos locales y desastres. Este trabajo fue objeto de un proceso penal: Huang fue detenido en 2016 y solo en 2019 fue condenado a doce años por «divulgación deliberada de secretos de Estado» y «suministro ilegal de secretos de Estado a entidades extranjeras». El caso también expuso a riesgos persistentes a su familia, atención médica, fuentes y archivos del sitio.	YES	PASS_CHANGED_AUTHORIZED
reread:batch10	33	huang-qi	target	excerpt_de	Huang Qi betreibt seit 1998 64 Tianwang zur Sicherung von Vermissten-, Petitions-, Katastrophen- und Missbrauchsdaten. Am 28. November 2016 abgeführt, wurde er am 14. Januar 2019 geheim verhandelt und erhielt am 29. Juli wegen Staatsgeheimnissen zwölf Jahre Haft, vier Jahre Entzug politischer Rechte und 20.000 Yuan Geldstrafe. Quellen dokumentieren schwere Krankheit, blockierte Besuche und Überwachung seiner Mutter Pu Wenqing; angebliches Geheimnis, vollständiges Urteil, fünfzehn Verhöre und unabhängige Krankenakte blieben unveröffentlicht.	64 Tianwang, von Huang Qi gegründet, ist eine zivilgesellschaftliche Menschenrechts-Informationswebsite, die Berichte über Petentinnen und Petenten, Menschenrechtsfälle, lokale Übergriffe und Katastrophen sammelte, bewahrte und verbreitete. Diese Arbeit wurde strafrechtlich verfolgt: Huang kam 2016 in Haft und wurde erst 2019 wegen „vorsätzlicher Preisgabe von Staatsgeheimnissen“ und „rechtswidriger Weitergabe von Staatsgeheimnissen an ausländische Stellen“ zu zwölf Jahren Haft verurteilt. Auch seine Familie, medizinische Versorgung, Informationsquellen und das Website-Archiv sind fortdauernden Risiken ausgesetzt.	YES	PASS_CHANGED_AUTHORIZED
reread:batch10	33	huang-qi	target	excerpt_fr	Huang Qi dirige 64 Tianwang depuis 1998 pour conserver des dossiers de disparus, pétitions, catastrophes et abus. Emmené le 28 novembre 2016, il a subi un procès secret le 14 janvier 2019 puis reçu le 29 juillet douze ans de prison, quatre ans de privation des droits politiques et 20 000 yuans d’amende pour secrets d’État. Les sources consignent maladie grave, visites bloquées et surveillance de sa mère Pu Wenqing, tandis que secret allégué, jugement intégral, quinze interrogatoires et dossier médical indépendant restent non publiés.	Fondé par Huang Qi, 64 Tianwang est un site civil d’information sur les droits humains qui recueillait, conservait et diffusait des informations sur des pétitionnaires, des affaires de droits humains, des abus locaux et des catastrophes. Ce travail a fait l’objet de poursuites pénales : Huang a été détenu en 2016 et condamné seulement en 2019 à douze ans de prison pour « divulgation délibérée de secrets d’État » et « fourniture illégale de secrets d’État à des entités étrangères ». L’affaire expose aussi sa famille, ses soins médicaux, ses sources et les archives du site à des risques persistants.	YES	PASS_CHANGED_AUTHORIZED
reread:batch10	33	huang-qi	target	excerpt_no	Huang Qi har drevet 64 Tianwang siden 1998 for å bevare opplysninger om savnede, begjæringer, katastrofer og overgrep. Han ble tatt 28. november 2016, stilt for hemmelig rett 14. januar 2019 og fikk 29. juli tolv års fengsel, fire års tap av politiske rettigheter og 20 000 yuan i bot for statshemmeligheter. Kilder dokumenterer alvorlig sykdom, blokkerte besøk og overvåking av moren Pu Wenqing, mens den påståtte hemmeligheten, full dom, femten avhør og uavhengig journal er upublisert.	64 Tianwang, grunnlagt av Huang Qi, er et sivilt nettsted for menneskerettighetsinformasjon som samlet inn, bevarte og formidlet opplysninger om mennesker som klaget eller oppsøkte myndighetene for å søke oppreisning, menneskerettighetssaker, lokale overgrep og katastrofer. Arbeidet førte til straffeforfølgning: Huang ble pågrepet og satt i varetekt i 2016 og først i 2019 dømt til tolv års fengsel for «forsettlig avsløring av statshemmeligheter» og «ulovlig overføring av statshemmeligheter til utenlandske enheter». Saken utsetter også familien, helsehjelpen, informasjonskildene og nettstedets arkiv for vedvarende risiko.	YES	PASS_CHANGED_AUTHORIZED
reread:batch10	33	huang-qi	target	excerpt_nl	Huang Qi beheert sinds 1998 64 Tianwang om gegevens over vermisten, petities, rampen en misbruik te bewaren. Meegenomen op 28 november 2016, kreeg hij op 14 januari 2019 een geheim proces en op 29 juli twaalf jaar cel, vier jaar ontzegging van politieke rechten en 20.000 yuan boete wegens staatsgeheimen. Bronnen leggen ernstige ziekte, geblokkeerde bezoeken en toezicht op moeder Pu Wenqing vast, terwijl het vermeende geheim, volledig vonnis, vijftien verhoren en onafhankelijk medisch dossier ongepubliceerd bleven.	64 Tianwang, opgericht door Huang Qi, is een civiele mensenrechtenwebsite die gegevens over indieners van klachten en verzoekschriften, mensenrechtenzaken, lokale misstanden en rampen verzamelde, bewaarde en verspreidde. Dit werk werd strafrechtelijk vervolgd: Huang werd in 2016 vastgezet en pas in 2019 tot twaalf jaar cel veroordeeld wegens «opzettelijke onthulling van staatsgeheimen» en «illegale verstrekking van staatsgeheimen aan buitenlandse entiteiten». Ook zijn familie, medische zorg, informatiebronnen en het websitearchief lopen door de zaak blijvend risico.	YES	PASS_CHANGED_AUTHORIZED
reread:batch10	33	huang-qi	target	excerpt_it	Huang Qi gestisce 64 Tianwang dal 1998 per conservare dati su scomparsi, petizioni, disastri e abusi. Prelevato il 28 novembre 2016, subì un processo segreto il 14 gennaio 2019 e il 29 luglio ricevette dodici anni, quattro di privazione dei diritti politici e 20.000 yuan di multa per segreti di Stato. Le fonti documentano malattia grave, visite bloccate e sorveglianza della madre Pu Wenqing, mentre presunto segreto, sentenza completa, quindici interrogatori e cartella clinica indipendente restano inediti.	64 Tianwang, fondato da Huang Qi, è un sito civile d’informazione sui diritti umani che ha raccolto, conservato e diffuso notizie su persone che presentavano petizioni, casi di diritti umani, abusi locali e disastri. Questo lavoro ha portato a un procedimento penale: Huang fu detenuto nel 2016 e fu condannato soltanto nel 2019 a dodici anni per «divulgazione deliberata di segreti di Stato» e «fornitura illegale di segreti di Stato a entità straniere». Il caso espone inoltre a rischi persistenti la famiglia, le cure mediche, le fonti e gli archivi del sito.	YES	PASS_CHANGED_AUTHORIZED
reread:batch10	33	huang-qi	target	date	2026-07-14	2019-07-29	YES	PASS_CHANGED_AUTHORIZED
reread:batch10	33	huang-qi	target	url	posts/huang-qi.html	posts/huang-qi.html	NO	PASS_UNCHANGED
reread:batch10	34	gao-yu	non-target	slug	gao-yu	gao-yu	NO	PASS_UNCHANGED
reread:batch10	34	gao-yu	non-target	title_zh	高瑜：新聞人與「國家秘密」罪	高瑜：新聞人與「國家秘密」罪	NO	PASS_UNCHANGED
reread:batch10	34	gao-yu	non-target	title_en	Gao Yu: Journalism and the “State Secrets” Charge	Gao Yu: Journalism and the “State Secrets” Charge	NO	PASS_UNCHANGED
reread:batch10	34	gao-yu	non-target	title_ja	高瑜：ジャーナリズムと「国家秘密」罪	高瑜：ジャーナリズムと「国家秘密」罪	NO	PASS_UNCHANGED
reread:batch10	34	gao-yu	non-target	title_ko	가오위: 언론과 “국가기밀” 혐의	가오위: 언론과 “국가기밀” 혐의	NO	PASS_UNCHANGED
reread:batch10	34	gao-yu	non-target	title_es	Gao Yu: periodismo y el cargo de “secretos de Estado”	Gao Yu: periodismo y el cargo de “secretos de Estado”	NO	PASS_UNCHANGED
reread:batch10	34	gao-yu	non-target	title_de	Gao Yu: Journalismus und der Vorwurf “Staatsgeheimnisse”	Gao Yu: Journalismus und der Vorwurf “Staatsgeheimnisse”	NO	PASS_UNCHANGED
reread:batch10	34	gao-yu	non-target	title_fr	Gao Yu : journalisme et accusation de “secrets d’État”	Gao Yu : journalisme et accusation de “secrets d’État”	NO	PASS_UNCHANGED
reread:batch10	34	gao-yu	non-target	title_no	Gao Yu: journalistikk og anklagen om “statshemmeligheter”	Gao Yu: journalistikk og anklagen om “statshemmeligheter”	NO	PASS_UNCHANGED
reread:batch10	34	gao-yu	non-target	title_nl	Gao Yu: journalistiek en de aanklacht “staatsgeheimen”	Gao Yu: journalistiek en de aanklacht “staatsgeheimen”	NO	PASS_UNCHANGED
reread:batch10	34	gao-yu	non-target	title_it	Gao Yu: giornalismo e accusa di “segreti di Stato”	Gao Yu: giornalismo e accusa di “segreti di Stato”	NO	PASS_UNCHANGED
reread:batch10	34	gao-yu	non-target	excerpt_zh	高瑜2014年被拘押並在央視播出認罪影像，2015年4月17日因被指向境外提供國家秘密獲刑七年並被剝奪政治權利一年。辯方稱控方沒有電腦、Skype或傳輸紀錄，認罪是在其兒子受威脅後作出；刑期後來減為五年並保外就醫，但出境治病仍受限，完整判決、定密和原始證據未公開。	高瑜2014年被拘押並在央視播出認罪影像，2015年4月17日因被指向境外提供國家秘密獲刑七年並被剝奪政治權利一年。辯方稱控方沒有電腦、Skype或傳輸紀錄，認罪是在其兒子受威脅後作出；刑期後來減為五年並保外就醫，但出境治病仍受限，完整判決、定密和原始證據未公開。	NO	PASS_UNCHANGED
reread:batch10	34	gao-yu	non-target	excerpt_en	Gao Yu was detained in 2014 and shown confessing on CCTV, then sentenced on April 17, 2015 to seven years plus one year’s deprivation of political rights for allegedly providing state secrets abroad. Defence counsel said there were no computer, Skype, or transmission records and alleged pressure through her son; the term was reduced to five years with medical parole, but overseas treatment remained blocked and the full judgment, classification, and original evidence were not published.	Gao Yu was detained in 2014 and shown confessing on CCTV, then sentenced on April 17, 2015 to seven years plus one year’s deprivation of political rights for allegedly providing state secrets abroad. Defence counsel said there were no computer, Skype, or transmission records and alleged pressure through her son; the term was reduced to five years with medical parole, but overseas treatment remained blocked and the full judgment, classification, and original evidence were not published.	NO	PASS_UNCHANGED
reread:batch10	34	gao-yu	non-target	excerpt_ja	高瑜は2014年に拘束され、CCTVで自白映像を放送された後、2015年4月17日、国家秘密を国外へ提供したとして懲役7年と政治的権利剥奪1年を言い渡された。弁護側はコンピューター、Skype、送信記録がなく、息子への圧力後に自白したと主張した。刑期は5年に減り保外就医となったが、海外治療は制限され、完全な判決、機密指定、原証拠は非公開である。	高瑜は2014年に拘束され、CCTVで自白映像を放送された後、2015年4月17日、国家秘密を国外へ提供したとして懲役7年と政治的権利剥奪1年を言い渡された。弁護側はコンピューター、Skype、送信記録がなく、息子への圧力後に自白したと主張した。刑期は5年に減り保外就医となったが、海外治療は制限され、完全な判決、機密指定、原証拠は非公開である。	NO	PASS_UNCHANGED
reread:batch10	34	gao-yu	non-target	excerpt_ko	가오위는 2014년 구금돼 CCTV 자백 영상에 나온 뒤 2015년 4월 17일 해외 국가기밀 제공 혐의로 징역 7년과 정치적 권리 박탈 1년을 선고받았다. 변호 측은 컴퓨터·Skype·전송 기록이 없고 아들에 대한 압박 뒤 자백했다고 주장했다. 형기는 5년으로 줄고 의료 가석방됐지만 해외 치료는 막혔고 완전한 판결·기밀 지정·원본 증거는 공개되지 않았다.	가오위는 2014년 구금돼 CCTV 자백 영상에 나온 뒤 2015년 4월 17일 해외 국가기밀 제공 혐의로 징역 7년과 정치적 권리 박탈 1년을 선고받았다. 변호 측은 컴퓨터·Skype·전송 기록이 없고 아들에 대한 압박 뒤 자백했다고 주장했다. 형기는 5년으로 줄고 의료 가석방됐지만 해외 치료는 막혔고 완전한 판결·기밀 지정·원본 증거는 공개되지 않았다.	NO	PASS_UNCHANGED
reread:batch10	34	gao-yu	non-target	excerpt_es	Gao Yu fue detenida en 2014 y apareció confesando en CCTV; el 17 de abril de 2015 recibió siete años de prisión y un año de privación de derechos políticos por supuestamente proporcionar secretos de Estado al extranjero. La defensa dijo que no había registros de ordenador, Skype o transmisión y alegó presión mediante su hijo; la pena bajó a cinco años con libertad médica, pero se bloqueó el tratamiento exterior y no se publicaron sentencia, clasificación ni pruebas originales.	Gao Yu fue detenida en 2014 y apareció confesando en CCTV; el 17 de abril de 2015 recibió siete años de prisión y un año de privación de derechos políticos por supuestamente proporcionar secretos de Estado al extranjero. La defensa dijo que no había registros de ordenador, Skype o transmisión y alegó presión mediante su hijo; la pena bajó a cinco años con libertad médica, pero se bloqueó el tratamiento exterior y no se publicaron sentencia, clasificación ni pruebas originales.	NO	PASS_UNCHANGED
reread:batch10	34	gao-yu	non-target	excerpt_de	Gao Yu wurde 2014 festgenommen und mit einem Geständnis auf CCTV gezeigt; am 17. April 2015 erhielt sie wegen angeblicher Weitergabe von Staatsgeheimnissen ins Ausland sieben Jahre Haft plus ein Jahr Entzug politischer Rechte. Die Verteidigung nannte fehlende Computer-, Skype- und Übertragungsdaten und behauptete Druck über ihren Sohn; die Strafe sank auf fünf Jahre mit medizinischer Haftverschonung, doch Auslandsbehandlung blieb blockiert und vollständiges Urteil, Einstufung und Originalbeweise unveröffentlicht.	Gao Yu wurde 2014 festgenommen und mit einem Geständnis auf CCTV gezeigt; am 17. April 2015 erhielt sie wegen angeblicher Weitergabe von Staatsgeheimnissen ins Ausland sieben Jahre Haft plus ein Jahr Entzug politischer Rechte. Die Verteidigung nannte fehlende Computer-, Skype- und Übertragungsdaten und behauptete Druck über ihren Sohn; die Strafe sank auf fünf Jahre mit medizinischer Haftverschonung, doch Auslandsbehandlung blieb blockiert und vollständiges Urteil, Einstufung und Originalbeweise unveröffentlicht.	NO	PASS_UNCHANGED
reread:batch10	34	gao-yu	non-target	excerpt_fr	Gao Yu a été détenue en 2014 et montrée avouant sur CCTV ; le 17 avril 2015, elle a reçu sept ans de prison et un an de privation des droits politiques pour fourniture présumée de secrets d’État à l’étranger. La défense a signalé l’absence de données d’ordinateur, Skype ou transmission et allégué des pressions via son fils ; la peine a été ramenée à cinq ans avec libération médicale, mais les soins à l’étranger sont restés bloqués et jugement, classification et preuves originales non publiés.	Gao Yu a été détenue en 2014 et montrée avouant sur CCTV ; le 17 avril 2015, elle a reçu sept ans de prison et un an de privation des droits politiques pour fourniture présumée de secrets d’État à l’étranger. La défense a signalé l’absence de données d’ordinateur, Skype ou transmission et allégué des pressions via son fils ; la peine a été ramenée à cinq ans avec libération médicale, mais les soins à l’étranger sont restés bloqués et jugement, classification et preuves originales non publiés.	NO	PASS_UNCHANGED
reread:batch10	34	gao-yu	non-target	excerpt_no	Gao Yu ble pågrepet i 2014 og vist med en tilståelse på CCTV; 17. april 2015 fikk hun sju års fengsel og ett års tap av politiske rettigheter for angivelig å ha gitt statshemmeligheter til utlandet. Forsvaret viste til manglende data-, Skype- og overføringslogger og hevdet press gjennom sønnen; straffen ble fem år med medisinsk løslatelse, men utenlandsbehandling ble hindret og full dom, klassifisering og originalbevis ikke offentliggjort.	Gao Yu ble pågrepet i 2014 og vist med en tilståelse på CCTV; 17. april 2015 fikk hun sju års fengsel og ett års tap av politiske rettigheter for angivelig å ha gitt statshemmeligheter til utlandet. Forsvaret viste til manglende data-, Skype- og overføringslogger og hevdet press gjennom sønnen; straffen ble fem år med medisinsk løslatelse, men utenlandsbehandling ble hindret og full dom, klassifisering og originalbevis ikke offentliggjort.	NO	PASS_UNCHANGED
reread:batch10	34	gao-yu	non-target	excerpt_nl	Gao Yu werd in 2014 vastgezet en met een bekentenis op CCTV getoond; op 17 april 2015 kreeg zij zeven jaar cel en één jaar ontzegging van politieke rechten wegens vermeende verstrekking van staatsgeheimen aan het buitenland. De verdediging wees op ontbrekende computer-, Skype- en overdrachtsgegevens en stelde druk via haar zoon; de straf werd vijf jaar met medisch verlof, maar buitenlandse behandeling bleef geblokkeerd en vonnis, classificatie en origineel bewijs ongepubliceerd.	Gao Yu werd in 2014 vastgezet en met een bekentenis op CCTV getoond; op 17 april 2015 kreeg zij zeven jaar cel en één jaar ontzegging van politieke rechten wegens vermeende verstrekking van staatsgeheimen aan het buitenland. De verdediging wees op ontbrekende computer-, Skype- en overdrachtsgegevens en stelde druk via haar zoon; de straf werd vijf jaar met medisch verlof, maar buitenlandse behandeling bleef geblokkeerd en vonnis, classificatie en origineel bewijs ongepubliceerd.	NO	PASS_UNCHANGED
reread:batch10	34	gao-yu	non-target	excerpt_it	Gao Yu fu detenuta nel 2014 e mostrata mentre confessava sulla CCTV; il 17 aprile 2015 ricevette sette anni di carcere e uno di privazione dei diritti politici per presunta fornitura di segreti di Stato all’estero. La difesa indicò l’assenza di registri di computer, Skype o trasmissione e denunciò pressioni tramite il figlio; la pena scese a cinque anni con libertà medica, ma le cure estere restarono bloccate e sentenza, classificazione e prove originali non furono pubblicate.	Gao Yu fu detenuta nel 2014 e mostrata mentre confessava sulla CCTV; il 17 aprile 2015 ricevette sette anni di carcere e uno di privazione dei diritti politici per presunta fornitura di segreti di Stato all’estero. La difesa indicò l’assenza di registri di computer, Skype o trasmissione e denunciò pressioni tramite il figlio; la pena scese a cinque anni con libertà medica, ma le cure estere restarono bloccate e sentenza, classificazione e prove originali non furono pubblicate.	NO	PASS_UNCHANGED
reread:batch10	34	gao-yu	non-target	date	2026-07-14	2026-07-14	NO	PASS_UNCHANGED
reread:batch10	34	gao-yu	non-target	url	posts/gao-yu.html	posts/gao-yu.html	NO	PASS_UNCHANGED
reread:batch10	35	niu-tengyu	non-target	slug	niu-tengyu	niu-tengyu	NO	PASS_UNCHANGED
reread:batch10	35	niu-tengyu	non-target	title_zh	牛騰宇：網絡言論與十四年重刑	牛騰宇：網絡言論與十四年重刑	NO	PASS_UNCHANGED
reread:batch10	35	niu-tengyu	non-target	title_en	Niu Tengyu: Online Speech and a Fourteen-Year Sentence	Niu Tengyu: Online Speech and a Fourteen-Year Sentence	NO	PASS_UNCHANGED
reread:batch10	35	niu-tengyu	non-target	title_ja	牛騰宇：ネット言論と14年の重刑	牛騰宇：ネット言論と14年の重刑	NO	PASS_UNCHANGED
reread:batch10	35	niu-tengyu	non-target	title_ko	뉴텅위: 온라인 표현과 14년 중형	뉴텅위: 온라인 표현과 14년 중형	NO	PASS_UNCHANGED
reread:batch10	35	niu-tengyu	non-target	title_es	Niu Tengyu: expresión en línea y condena de catorce años	Niu Tengyu: expresión en línea y condena de catorce años	NO	PASS_UNCHANGED
reread:batch10	35	niu-tengyu	non-target	title_de	Niu Tengyu: Online-Äußerung und vierzehn Jahre Haft	Niu Tengyu: Online-Äußerung und vierzehn Jahre Haft	NO	PASS_UNCHANGED
reread:batch10	35	niu-tengyu	non-target	title_fr	Niu Tengyu : expression en ligne et peine de quatorze ans	Niu Tengyu : expression en ligne et peine de quatorze ans	NO	PASS_UNCHANGED
reread:batch10	35	niu-tengyu	non-target	title_no	Niu Tengyu: nettuttrykk og fjorten års fengsel	Niu Tengyu: nettuttrykk og fjorten års fengsel	NO	PASS_UNCHANGED
reread:batch10	35	niu-tengyu	non-target	title_nl	Niu Tengyu: online expressie en veertien jaar cel	Niu Tengyu: online expressie en veertien jaar cel	NO	PASS_UNCHANGED
reread:batch10	35	niu-tengyu	non-target	title_it	Niu Tengyu: espressione online e condanna a quattordici anni	Niu Tengyu: espressione online e condanna a quattordici anni	NO	PASS_UNCHANGED
reread:batch10	35	niu-tengyu	non-target	excerpt_zh	牛騰宇因惡俗維基（Esu Wiki）相關網絡社群案件被重判十四年，家屬與人權團體指稱程序、酷刑與責任歸屬問題嚴重。	牛騰宇因惡俗維基（Esu Wiki）相關網絡社群案件被重判十四年，家屬與人權團體指稱程序、酷刑與責任歸屬問題嚴重。	NO	PASS_UNCHANGED
reread:batch10	35	niu-tengyu	non-target	excerpt_en	Niu Tengyu received a fourteen-year sentence in an Esu Wiki online-community case; family and rights groups raised serious concerns about procedure, torture allegations, and attribution of responsibility.	Niu Tengyu received a fourteen-year sentence in an Esu Wiki online-community case; family and rights groups raised serious concerns about procedure, torture allegations, and attribution of responsibility.	NO	PASS_UNCHANGED
reread:batch10	35	niu-tengyu	non-target	excerpt_ja	牛騰宇はEsu Wiki関連のオンラインコミュニティ事件で14年の重刑を受け、家族と人権団体は手続、拷問疑惑、責任帰属の問題を指摘しています。	牛騰宇はEsu Wiki関連のオンラインコミュニティ事件で14年の重刑を受け、家族と人権団体は手続、拷問疑惑、責任帰属の問題を指摘しています。	NO	PASS_UNCHANGED
reread:batch10	35	niu-tengyu	non-target	excerpt_ko	뉴텅위는 Esu Wiki 관련 온라인 커뮤니티 사건으로 징역 14년을 받았고, 가족과 인권단체는 절차, 고문 주장, 책임 귀속 문제를 제기했습니다.	뉴텅위는 Esu Wiki 관련 온라인 커뮤니티 사건으로 징역 14년을 받았고, 가족과 인권단체는 절차, 고문 주장, 책임 귀속 문제를 제기했습니다.	NO	PASS_UNCHANGED
reread:batch10	35	niu-tengyu	non-target	excerpt_es	Niu Tengyu recibió catorce años en un caso de Esu Wiki, una comunidad en línea; familiares y organizaciones denunciaron problemas de procedimiento, tortura y atribución de responsabilidad.	Niu Tengyu recibió catorce años en un caso de Esu Wiki, una comunidad en línea; familiares y organizaciones denunciaron problemas de procedimiento, tortura y atribución de responsabilidad.	NO	PASS_UNCHANGED
reread:batch10	35	niu-tengyu	non-target	excerpt_de	Niu Tengyu erhielt vierzehn Jahre in einem Esu-Wiki-Online-Community-Fall; Familie und Menschenrechtsgruppen kritisierten Verfahren, Foltervorwürfe und Verantwortungszuweisung.	Niu Tengyu erhielt vierzehn Jahre in einem Esu-Wiki-Online-Community-Fall; Familie und Menschenrechtsgruppen kritisierten Verfahren, Foltervorwürfe und Verantwortungszuweisung.	NO	PASS_UNCHANGED
reread:batch10	35	niu-tengyu	non-target	excerpt_fr	Niu Tengyu a reçu quatorze ans dans une affaire Esu Wiki, une communauté en ligne; famille et ONG ont dénoncé procédure, allégations de torture et attribution de responsabilité.	Niu Tengyu a reçu quatorze ans dans une affaire Esu Wiki, une communauté en ligne; famille et ONG ont dénoncé procédure, allégations de torture et attribution de responsabilité.	NO	PASS_UNCHANGED
reread:batch10	35	niu-tengyu	non-target	excerpt_no	Niu Tengyu fikk fjorten år i en Esu Wiki-nettforum-sak; familie og rettighetsgrupper reiste alvorlige spørsmål om prosess, torturanklager og ansvarstilskrivning.	Niu Tengyu fikk fjorten år i en Esu Wiki-nettforum-sak; familie og rettighetsgrupper reiste alvorlige spørsmål om prosess, torturanklager og ansvarstilskrivning.	NO	PASS_UNCHANGED
reread:batch10	35	niu-tengyu	non-target	excerpt_nl	Niu Tengyu kreeg veertien jaar in een Esu Wiki-onlinegemeenschapszaak; familie en mensenrechtengroepen uitten zorgen over procedure, martelbeschuldigingen en toerekening.	Niu Tengyu kreeg veertien jaar in een Esu Wiki-onlinegemeenschapszaak; familie en mensenrechtengroepen uitten zorgen over procedure, martelbeschuldigingen en toerekening.	NO	PASS_UNCHANGED
reread:batch10	35	niu-tengyu	non-target	excerpt_it	Niu Tengyu ricevette quattordici anni in un caso Esu Wiki, una comunità online; famiglia e gruppi per i diritti denunciarono problemi procedurali, accuse di tortura e attribuzione di responsabilità.	Niu Tengyu ricevette quattordici anni in un caso Esu Wiki, una comunità online; famiglia e gruppi per i diritti denunciarono problemi procedurali, accuse di tortura e attribuzione di responsabilità.	NO	PASS_UNCHANGED
reread:batch10	35	niu-tengyu	non-target	date	2026-07-08	2026-07-08	NO	PASS_UNCHANGED
reread:batch10	35	niu-tengyu	non-target	url	posts/niu-tengyu.html	posts/niu-tengyu.html	NO	PASS_UNCHANGED
reread:batch10	36	709-crackdown	non-target	slug	709-crackdown	709-crackdown	NO	PASS_UNCHANGED
reread:batch10	36	709-crackdown	non-target	title_zh	709大抓捕：法律救濟被置於控制之下	709大抓捕：法律救濟被置於控制之下	NO	PASS_UNCHANGED
reread:batch10	36	709-crackdown	non-target	title_en	709 Crackdown: Detention, Prosecutions, and Pressure on Rights Lawyers	709 Crackdown: Detention, Prosecutions, and Pressure on Rights Lawyers	NO	PASS_UNCHANGED
reread:batch10	36	709-crackdown	non-target	title_ja	709弾圧：拘束・訴追と人権弁護士への圧力	709弾圧：拘束・訴追と人権弁護士への圧力	NO	PASS_UNCHANGED
reread:batch10	36	709-crackdown	non-target	title_ko	709 탄압: 구금·기소와 인권변호사에 대한 압박	709 탄압: 구금·기소와 인권변호사에 대한 압박	NO	PASS_UNCHANGED
reread:batch10	36	709-crackdown	non-target	title_es	Represión 709: detención, procesamiento y presión contra abogados de derechos humanos	Represión 709: detención, procesamiento y presión contra abogados de derechos humanos	NO	PASS_UNCHANGED
reread:batch10	36	709-crackdown	non-target	title_de	709-Razzia: Inhaftierung, Strafverfolgung und Druck auf Menschenrechtsanwälte	709-Razzia: Inhaftierung, Strafverfolgung und Druck auf Menschenrechtsanwälte	NO	PASS_UNCHANGED
reread:batch10	36	709-crackdown	non-target	title_fr	Répression du 709 : détentions, poursuites et pression sur les avocats des droits humains	Répression du 709 : détentions, poursuites et pression sur les avocats des droits humains	NO	PASS_UNCHANGED
reread:batch10	36	709-crackdown	non-target	title_no	709-aksjonen: internering, straffeforfølgning og press mot menneskerettighetsadvokater	709-aksjonen: internering, straffeforfølgning og press mot menneskerettighetsadvokater	NO	PASS_UNCHANGED
reread:batch10	36	709-crackdown	non-target	title_nl	709-repressie: detentie, vervolging en druk op mensenrechtenadvocaten	709-repressie: detentie, vervolging en druk op mensenrechtenadvocaten	NO	PASS_UNCHANGED
reread:batch10	36	709-crackdown	non-target	title_it	Repressione del 709: detenzione, procedimenti e pressione sugli avvocati per i diritti umani	Repressione del 709: detenzione, procedimenti e pressione sugli avvocati per i diritti umani	NO	PASS_UNCHANGED
reread:batch10	36	709-crackdown	non-target	excerpt_zh	「709」指2015年7月9日前後開始的全國性大抓捕；拘押、秘密程序與職業懲罰共同壓縮了維權律師的法律代理空間。	「709」指2015年7月9日前後開始的全國性大抓捕；拘押、秘密程序與職業懲罰共同壓縮了維權律師的法律代理空間。	NO	PASS_UNCHANGED
reread:batch10	36	709-crackdown	non-target	excerpt_en	The 709 Crackdown, named for the nationwide operation that began around 9 July 2015, used detention, secret proceedings, and professional sanctions to constrict legal representation.	The 709 Crackdown, named for the nationwide operation that began around 9 July 2015, used detention, secret proceedings, and professional sanctions to constrict legal representation.	NO	PASS_UNCHANGED
reread:batch10	36	709-crackdown	non-target	excerpt_ja	709弾圧は、2015年7月9日前後に始まった全国的な人権派弁護士・活動家への取り締まりを指し、拘禁、非公開手続、職業上の制裁によって法的代理の余地を狭めた。	709弾圧は、2015年7月9日前後に始まった全国的な人権派弁護士・活動家への取り締まりを指し、拘禁、非公開手続、職業上の制裁によって法的代理の余地を狭めた。	NO	PASS_UNCHANGED
reread:batch10	36	709-crackdown	non-target	excerpt_ko	709 탄압은 2015년 7월 9일 무렵 시작된 전국적 인권변호사·활동가 탄압을 가리키며, 구금과 비공개 절차, 직업상 제재로 법률대리의 공간을 축소했다.	709 탄압은 2015년 7월 9일 무렵 시작된 전국적 인권변호사·활동가 탄압을 가리키며, 구금과 비공개 절차, 직업상 제재로 법률대리의 공간을 축소했다.	NO	PASS_UNCHANGED
reread:batch10	36	709-crackdown	non-target	excerpt_es	La represión del 709, llamada así por la operación nacional iniciada alrededor del 9 de julio de 2015, utilizó la detención, procedimientos secretos y sanciones profesionales para restringir la representación jurídica.	La represión del 709, llamada así por la operación nacional iniciada alrededor del 9 de julio de 2015, utilizó la detención, procedimientos secretos y sanciones profesionales para restringir la representación jurídica.	NO	PASS_UNCHANGED
reread:batch10	36	709-crackdown	non-target	excerpt_de	Die 709-Razzia bezeichnet das landesweite Vorgehen, das um den 9. Juli 2015 begann und durch Inhaftierung, geheime Verfahren und berufliche Sanktionen den Raum für anwaltliche Vertretung verengte.	Die 709-Razzia bezeichnet das landesweite Vorgehen, das um den 9. Juli 2015 begann und durch Inhaftierung, geheime Verfahren und berufliche Sanktionen den Raum für anwaltliche Vertretung verengte.	NO	PASS_UNCHANGED
reread:batch10	36	709-crackdown	non-target	excerpt_fr	La répression du 709 désigne l’opération nationale lancée autour du 9 juillet 2015, qui a restreint la défense juridique par la détention, des procédures secrètes et des sanctions professionnelles.	La répression du 709 désigne l’opération nationale lancée autour du 9 juillet 2015, qui a restreint la défense juridique par la détention, des procédures secrètes et des sanctions professionnelles.	NO	PASS_UNCHANGED
reread:batch10	36	709-crackdown	non-target	excerpt_no	709-aksjonen viser til den landsomfattende aksjonen som startet rundt 9. juli 2015 og innskrenket juridisk representasjon gjennom fengsling, hemmelige prosesser og yrkesmessige sanksjoner.	709-aksjonen viser til den landsomfattende aksjonen som startet rundt 9. juli 2015 og innskrenket juridisk representasjon gjennom fengsling, hemmelige prosesser og yrkesmessige sanksjoner.	NO	PASS_UNCHANGED
reread:batch10	36	709-crackdown	non-target	excerpt_nl	De 709-repressie verwijst naar de landelijke operatie die rond 9 juli 2015 begon en juridische vertegenwoordiging beperkte door detentie, geheime procedures en beroepssancties.	De 709-repressie verwijst naar de landelijke operatie die rond 9 juli 2015 begon en juridische vertegenwoordiging beperkte door detentie, geheime procedures en beroepssancties.	NO	PASS_UNCHANGED
reread:batch10	36	709-crackdown	non-target	excerpt_it	La repressione del 709 indica l’operazione nazionale iniziata attorno al 9 luglio 2015, che ha ristretto la rappresentanza legale mediante detenzione, procedimenti segreti e sanzioni professionali.	La repressione del 709 indica l’operazione nazionale iniziata attorno al 9 luglio 2015, che ha ristretto la rappresentanza legale mediante detenzione, procedimenti segreti e sanzioni professionali.	NO	PASS_UNCHANGED
reread:batch10	36	709-crackdown	non-target	date	2015-07-09	2015-07-09	NO	PASS_UNCHANGED
reread:batch10	36	709-crackdown	non-target	url	posts/709-crackdown.html	posts/709-crackdown.html	NO	PASS_UNCHANGED
reread:batch10	37	2024-report	non-target	slug	2024-report	2024-report	NO	PASS_UNCHANGED
reread:batch10	37	2024-report	non-target	title_zh	2024年中國人權狀況：年度證據檔案	2024年中國人權狀況：年度證據檔案	NO	PASS_UNCHANGED
reread:batch10	37	2024-report	non-target	title_en	Human Rights in China in 2024: Annual Evidence File	Human Rights in China in 2024: Annual Evidence File	NO	PASS_UNCHANGED
reread:batch10	37	2024-report	non-target	title_ja	2024年の中国人権：年次証拠資料	2024年の中国人権：年次証拠資料	NO	PASS_UNCHANGED
reread:batch10	37	2024-report	non-target	title_ko	2024년 중국 인권: 연례 증거 기록	2024년 중국 인권: 연례 증거 기록	NO	PASS_UNCHANGED
reread:batch10	37	2024-report	non-target	title_es	Derechos humanos en China en 2024: expediente anual de evidencias	Derechos humanos en China en 2024: expediente anual de evidencias	NO	PASS_UNCHANGED
reread:batch10	37	2024-report	non-target	title_de	Menschenrechte in China 2024: jährliche Evidenzakte	Menschenrechte in China 2024: jährliche Evidenzakte	NO	PASS_UNCHANGED
reread:batch10	37	2024-report	non-target	title_fr	Droits humains en Chine en 2024 : dossier annuel de preuves	Droits humains en Chine en 2024 : dossier annuel de preuves	NO	PASS_UNCHANGED
reread:batch10	37	2024-report	non-target	title_no	Menneskerettigheter i Kina i 2024: årlig dokumentasjon	Menneskerettigheter i Kina i 2024: årlig dokumentasjon	NO	PASS_UNCHANGED
reread:batch10	37	2024-report	non-target	title_nl	Mensenrechten in China in 2024: jaarlijks bewijsoverzicht	Mensenrechten in China in 2024: jaarlijks bewijsoverzicht	NO	PASS_UNCHANGED
reread:batch10	37	2024-report	non-target	title_it	Diritti umani in Cina nel 2024: dossier annuale delle prove	Diritti umani in Cina nel 2024: dossier annuale delle prove	NO	PASS_UNCHANGED
reread:batch10	37	2024-report	non-target	excerpt_zh	本檔案以聯合國普遍定期審議、香港《維護國家安全條例》、新聞自由與人權報告，分別記錄國家立場、執法工具及受影響群體面臨的救濟缺口。	本檔案以聯合國普遍定期審議、香港《維護國家安全條例》、新聞自由與人權報告，分別記錄國家立場、執法工具及受影響群體面臨的救濟缺口。	NO	PASS_UNCHANGED
reread:batch10	37	2024-report	non-target	excerpt_en	This file separates China’s public position in the Universal Periodic Review, Hong Kong’s Safeguarding National Security Ordinance, press-freedom evidence, and human-rights reporting to document enforcement tools and gaps in remedy.	This file separates China’s public position in the Universal Periodic Review, Hong Kong’s Safeguarding National Security Ordinance, press-freedom evidence, and human-rights reporting to document enforcement tools and gaps in remedy.	NO	PASS_UNCHANGED
reread:batch10	37	2024-report	non-target	excerpt_ja	国連の普遍的定期審査における中国政府の立場、香港の「国家安全維持条例」、報道の自由と人権に関する資料を分けて示し、執行手段と救済の欠落を記録する。	国連の普遍的定期審査における中国政府の立場、香港の「国家安全維持条例」、報道の自由と人権に関する資料を分けて示し、執行手段と救済の欠落を記録する。	NO	PASS_UNCHANGED
reread:batch10	37	2024-report	non-target	excerpt_ko	중국 정부의 유엔 보편적 정례검토 입장, 홍콩의 「국가안전수호조례」, 언론 자유와 인권 자료를 구분해 집행 수단과 피해 집단이 겪는 구제 공백을 기록한다.	중국 정부의 유엔 보편적 정례검토 입장, 홍콩의 「국가안전수호조례」, 언론 자유와 인권 자료를 구분해 집행 수단과 피해 집단이 겪는 구제 공백을 기록한다.	NO	PASS_UNCHANGED
reread:batch10	37	2024-report	non-target	excerpt_es	El expediente separa la posición pública de China en el Examen Periódico Universal, la Ordenanza de Salvaguardia de la Seguridad Nacional de Hong Kong y las pruebas sobre prensa y derechos humanos para documentar los mecanismos de control y las carencias de recurso.	El expediente separa la posición pública de China en el Examen Periódico Universal, la Ordenanza de Salvaguardia de la Seguridad Nacional de Hong Kong y las pruebas sobre prensa y derechos humanos para documentar los mecanismos de control y las carencias de recurso.	NO	PASS_UNCHANGED
reread:batch10	37	2024-report	non-target	excerpt_de	Die Akte trennt Chinas öffentliche Position bei der Allgemeinen Periodischen Überprüfung, Hongkongs Verordnung zur Wahrung der nationalen Sicherheit sowie Belege zu Pressefreiheit und Menschenrechten, um Kontrollmittel und Rechtsschutzlücken zu dokumentieren.	Die Akte trennt Chinas öffentliche Position bei der Allgemeinen Periodischen Überprüfung, Hongkongs Verordnung zur Wahrung der nationalen Sicherheit sowie Belege zu Pressefreiheit und Menschenrechten, um Kontrollmittel und Rechtsschutzlücken zu dokumentieren.	NO	PASS_UNCHANGED
reread:batch10	37	2024-report	non-target	excerpt_fr	Le dossier distingue la position publique de la Chine lors de l’Examen périodique universel, l’Ordonnance de sauvegarde de la sécurité nationale de Hong Kong et les documents sur la presse et les droits humains afin d’établir les moyens de contrôle et les lacunes de recours.	Le dossier distingue la position publique de la Chine lors de l’Examen périodique universel, l’Ordonnance de sauvegarde de la sécurité nationale de Hong Kong et les documents sur la presse et les droits humains afin d’établir les moyens de contrôle et les lacunes de recours.	NO	PASS_UNCHANGED
reread:batch10	37	2024-report	non-target	excerpt_no	Dokumentasjonen skiller Kinas offentlige standpunkt i den universelle periodiske gjennomgangen, Hongkongs forordning om vern av nasjonal sikkerhet og materiale om pressefrihet og menneskerettigheter for å vise kontrollmidler og mangler ved rettsmidler.	Dokumentasjonen skiller Kinas offentlige standpunkt i den universelle periodiske gjennomgangen, Hongkongs forordning om vern av nasjonal sikkerhet og materiale om pressefrihet og menneskerettigheter for å vise kontrollmidler og mangler ved rettsmidler.	NO	PASS_UNCHANGED
reread:batch10	37	2024-report	non-target	excerpt_nl	Het overzicht houdt China’s openbare standpunt in de Universele Periodieke Doorlichting, Hongkongs verordening ter bescherming van de nationale veiligheid en materiaal over persvrijheid en mensenrechten uiteen om controlemiddelen en tekortschietende rechtsmiddelen vast te leggen.	Het overzicht houdt China’s openbare standpunt in de Universele Periodieke Doorlichting, Hongkongs verordening ter bescherming van de nationale veiligheid en materiaal over persvrijheid en mensenrechten uiteen om controlemiddelen en tekortschietende rechtsmiddelen vast te leggen.	NO	PASS_UNCHANGED
reread:batch10	37	2024-report	non-target	excerpt_it	Il dossier distingue la posizione pubblica della Cina nella Revisione periodica universale, l’Ordinanza di salvaguardia della sicurezza nazionale di Hong Kong e i materiali su stampa e diritti umani per documentare strumenti di controllo e lacune nei rimedi.	Il dossier distingue la posizione pubblica della Cina nella Revisione periodica universale, l’Ordinanza di salvaguardia della sicurezza nazionale di Hong Kong e i materiali su stampa e diritti umani per documentare strumenti di controllo e lacune nei rimedi.	NO	PASS_UNCHANGED
reread:batch10	37	2024-report	non-target	date	2024-12-20	2024-12-20	NO	PASS_UNCHANGED
reread:batch10	37	2024-report	non-target	url	posts/2024-report.html	posts/2024-report.html	NO	PASS_UNCHANGED
reread:batch10	38	digital-surveillance	non-target	slug	digital-surveillance	digital-surveillance	NO	PASS_UNCHANGED
reread:batch10	38	digital-surveillance	non-target	title_zh	數字監控：實名制、平台審查與警務取數	數字監控：實名制、平台審查與警務取數	NO	PASS_UNCHANGED
reread:batch10	38	digital-surveillance	non-target	title_en	Digital Surveillance: Real-Name Rules, Platform Censorship, and Police Data Access	Digital Surveillance: Real-Name Rules, Platform Censorship, and Police Data Access	NO	PASS_UNCHANGED
reread:batch10	38	digital-surveillance	non-target	title_ja	デジタル監視：実名制、プラットフォーム検閲と警察のデータ取得	デジタル監視：実名制、プラットフォーム検閲と警察のデータ取得	NO	PASS_UNCHANGED
reread:batch10	38	digital-surveillance	non-target	title_ko	디지털 감시: 실명제, 플랫폼 검열과 경찰의 데이터 접근	디지털 감시: 실명제, 플랫폼 검열과 경찰의 데이터 접근	NO	PASS_UNCHANGED
reread:batch10	38	digital-surveillance	non-target	title_es	Vigilancia digital: identidad real, censura de plataformas y acceso policial a datos	Vigilancia digital: identidad real, censura de plataformas y acceso policial a datos	NO	PASS_UNCHANGED
reread:batch10	38	digital-surveillance	non-target	title_de	Digitale Überwachung: Klarnamenpflicht, Plattformzensur und polizeilicher Datenzugriff	Digitale Überwachung: Klarnamenpflicht, Plattformzensur und polizeilicher Datenzugriff	NO	PASS_UNCHANGED
reread:batch10	38	digital-surveillance	non-target	title_fr	Surveillance numérique : identité réelle, censure des plateformes et accès policier aux données	Surveillance numérique : identité réelle, censure des plateformes et accès policier aux données	NO	PASS_UNCHANGED
reread:batch10	38	digital-surveillance	non-target	title_no	Digital overvåking: krav om ekte navn, plattformsensur og politiets datatilgang	Digital overvåking: krav om ekte navn, plattformsensur og politiets datatilgang	NO	PASS_UNCHANGED
reread:batch10	38	digital-surveillance	non-target	title_nl	Digitale surveillance: identiteitscontrole, platformcensuur en toegang tot gegevens door de politie	Digitale surveillance: identiteitscontrole, platformcensuur en toegang tot gegevens door de politie	NO	PASS_UNCHANGED
reread:batch10	38	digital-surveillance	non-target	title_it	Sorveglianza digitale: identità reale, censura delle piattaforme e accesso ai dati da parte della polizia	Sorveglianza digitale: identità reale, censura delle piattaforme e accesso ai dati da parte della polizia	NO	PASS_UNCHANGED
reread:batch10	38	digital-surveillance	non-target	excerpt_zh	2017年《網絡安全法》要求網絡運營者收集使用者真實身份資訊；未完成身份核驗者不得使用相關服務。網信部門、公安、國家安全機關與平台共同掌握內容刪除、降權、資料留存及調取，使用者通常無法查閱取數日誌、刪除理由、關鍵詞清單或有效申訴渠道。	2017年《網絡安全法》要求網絡運營者收集使用者真實身份資訊；未完成身份核驗者不得使用相關服務。網信部門、公安、國家安全機關與平台共同掌握內容刪除、降權、資料留存及調取，使用者通常無法查閱取數日誌、刪除理由、關鍵詞清單或有效申訴渠道。	NO	PASS_UNCHANGED
reread:batch10	38	digital-surveillance	non-target	excerpt_en	The 2017 Cybersecurity Law requires network operators to collect users’ real identity information and withhold relevant services when identity verification is not completed. Cyberspace regulators, police, state-security authorities, and platforms control content removal, demotion, data retention, and access; users generally cannot inspect access logs, deletion reasons, keyword lists, or an effective appeal channel.	The 2017 Cybersecurity Law requires network operators to collect users’ real identity information and withhold relevant services when identity verification is not completed. Cyberspace regulators, police, state-security authorities, and platforms control content removal, demotion, data retention, and access; users generally cannot inspect access logs, deletion reasons, keyword lists, or an effective appeal channel.	NO	PASS_UNCHANGED
reread:batch10	38	digital-surveillance	non-target	excerpt_ja	2017年のサイバーセキュリティ法は、ネットワーク運営者に利用者の実在する身元情報の収集を義務づけ、本人確認を終えていない者への関連サービス提供を禁じる。サイバー空間当局、公安、国家安全機関とプラットフォームは、削除、表示順位の引下げ、データ保存・取得を担う一方、利用者は通常、取得履歴、削除理由、キーワード一覧や実効的な不服申立て手段を確認できない。	2017年のサイバーセキュリティ法は、ネットワーク運営者に利用者の実在する身元情報の収集を義務づけ、本人確認を終えていない者への関連サービス提供を禁じる。サイバー空間当局、公安、国家安全機関とプラットフォームは、削除、表示順位の引下げ、データ保存・取得を担う一方、利用者は通常、取得履歴、削除理由、キーワード一覧や実効的な不服申立て手段を確認できない。	NO	PASS_UNCHANGED
reread:batch10	38	digital-surveillance	non-target	excerpt_ko	2017년 사이버보안법은 네트워크 운영자에게 이용자의 실제 신원정보를 수집하도록 하고, 신원 확인을 마치지 않은 사람에게 관련 서비스를 제공하지 못하게 한다. 인터넷 규제기관·공안·국가안전기관·플랫폼은 삭제, 노출 축소, 자료 보관과 제공을 집행하지만, 이용자는 대체로 자료 접근 기록, 삭제 사유, 금칙어 목록이나 실효적인 이의신청 통로를 확인할 수 없다.	2017년 사이버보안법은 네트워크 운영자에게 이용자의 실제 신원정보를 수집하도록 하고, 신원 확인을 마치지 않은 사람에게 관련 서비스를 제공하지 못하게 한다. 인터넷 규제기관·공안·국가안전기관·플랫폼은 삭제, 노출 축소, 자료 보관과 제공을 집행하지만, 이용자는 대체로 자료 접근 기록, 삭제 사유, 금칙어 목록이나 실효적인 이의신청 통로를 확인할 수 없다.	NO	PASS_UNCHANGED
reread:batch10	38	digital-surveillance	non-target	excerpt_es	La Ley de Ciberseguridad de 2017 obliga a los operadores de redes a recabar la información de identidad real de los usuarios y a denegar los servicios correspondientes cuando no se completa la verificación. El regulador de internet, la policía, los órganos de seguridad del Estado y las plataformas ejecutan eliminaciones, relegación de contenidos, conservación y acceso a datos, pero los usuarios suelen carecer de registros de acceso, motivos de eliminación, listas de palabras clave y una vía efectiva de recurso.	La Ley de Ciberseguridad de 2017 obliga a los operadores de redes a recabar la información de identidad real de los usuarios y a denegar los servicios correspondientes cuando no se completa la verificación. El regulador de internet, la policía, los órganos de seguridad del Estado y las plataformas ejecutan eliminaciones, relegación de contenidos, conservación y acceso a datos, pero los usuarios suelen carecer de registros de acceso, motivos de eliminación, listas de palabras clave y una vía efectiva de recurso.	NO	PASS_UNCHANGED
reread:batch10	38	digital-surveillance	non-target	excerpt_de	Das Cybersicherheitsgesetz von 2017 verpflichtet Netzwerkbetreiber, die echten Identitätsangaben der Nutzer zu erheben und einschlägige Dienste ohne abgeschlossene Identitätsprüfung zu verweigern. Internetaufsicht, Polizei, Staatssicherheitsorgane und Plattformen vollziehen Löschungen, Herabstufungen sowie Datenspeicherung und -zugriff; Nutzer können meist weder Zugriffsprotokolle noch Löschgründe, Stichwortlisten oder einen wirksamen Beschwerdeweg einsehen.	Das Cybersicherheitsgesetz von 2017 verpflichtet Netzwerkbetreiber, die echten Identitätsangaben der Nutzer zu erheben und einschlägige Dienste ohne abgeschlossene Identitätsprüfung zu verweigern. Internetaufsicht, Polizei, Staatssicherheitsorgane und Plattformen vollziehen Löschungen, Herabstufungen sowie Datenspeicherung und -zugriff; Nutzer können meist weder Zugriffsprotokolle noch Löschgründe, Stichwortlisten oder einen wirksamen Beschwerdeweg einsehen.	NO	PASS_UNCHANGED
reread:batch10	38	digital-surveillance	non-target	excerpt_fr	La loi de 2017 sur la cybersécurité oblige les opérateurs de réseau à recueillir les informations d’identité réelle des utilisateurs et à refuser les services concernés lorsque la vérification n’est pas achevée. Le régulateur d’internet, la police, les organes de sécurité de l’État et les plateformes mettent en œuvre suppressions, déclassements, conservation et accès aux données, mais les utilisateurs ne peuvent généralement consulter ni journaux d’accès, ni motifs de suppression, ni listes de mots-clés, ni voie de recours effective.	La loi de 2017 sur la cybersécurité oblige les opérateurs de réseau à recueillir les informations d’identité réelle des utilisateurs et à refuser les services concernés lorsque la vérification n’est pas achevée. Le régulateur d’internet, la police, les organes de sécurité de l’État et les plateformes mettent en œuvre suppressions, déclassements, conservation et accès aux données, mais les utilisateurs ne peuvent généralement consulter ni journaux d’accès, ni motifs de suppression, ni listes de mots-clés, ni voie de recours effective.	NO	PASS_UNCHANGED
reread:batch10	38	digital-surveillance	non-target	excerpt_no	Cybersikkerhetsloven fra 2017 pålegger nettverksoperatører å innhente brukernes reelle identitetsopplysninger og nekte de aktuelle tjenestene når identiteten ikke er verifisert. Nettmyndighetene, politiet, statssikkerhetsorganene og plattformene gjennomfører sletting, nedprioritering, datalagring og datatilgang, mens brukerne vanligvis ikke får innsyn i tilgangslogger, slettingsgrunner, nøkkelordslister eller en effektiv klagekanal.	Cybersikkerhetsloven fra 2017 pålegger nettverksoperatører å innhente brukernes reelle identitetsopplysninger og nekte de aktuelle tjenestene når identiteten ikke er verifisert. Nettmyndighetene, politiet, statssikkerhetsorganene og plattformene gjennomfører sletting, nedprioritering, datalagring og datatilgang, mens brukerne vanligvis ikke får innsyn i tilgangslogger, slettingsgrunner, nøkkelordslister eller en effektiv klagekanal.	NO	PASS_UNCHANGED
reread:batch10	38	digital-surveillance	non-target	excerpt_nl	De Cyberbeveiligingswet van 2017 verplicht netwerkbeheerders om de werkelijke identiteitsgegevens van gebruikers te verzamelen en de betrokken diensten te weigeren zolang de identiteit niet is geverifieerd. Internettoezichthouders, politie, staatsveiligheidsdiensten en platforms voeren verwijdering, lagere zichtbaarheid, gegevensbewaring en gegevenstoegang uit; gebruikers krijgen doorgaans geen inzage in toegangslogboeken, verwijderingsredenen, trefwoordenlijsten of een doeltreffende beroepsmogelijkheid.	De Cyberbeveiligingswet van 2017 verplicht netwerkbeheerders om de werkelijke identiteitsgegevens van gebruikers te verzamelen en de betrokken diensten te weigeren zolang de identiteit niet is geverifieerd. Internettoezichthouders, politie, staatsveiligheidsdiensten en platforms voeren verwijdering, lagere zichtbaarheid, gegevensbewaring en gegevenstoegang uit; gebruikers krijgen doorgaans geen inzage in toegangslogboeken, verwijderingsredenen, trefwoordenlijsten of een doeltreffende beroepsmogelijkheid.	NO	PASS_UNCHANGED
reread:batch10	38	digital-surveillance	non-target	excerpt_it	La legge sulla cybersicurezza del 2017 impone agli operatori di rete di raccogliere le informazioni sull’identità reale degli utenti e di negare i servizi interessati finché la verifica non è completata. Autorità di internet, polizia, organi di sicurezza dello Stato e piattaforme attuano rimozione, declassamento, conservazione e accesso ai dati, mentre gli utenti in genere non possono consultare registri di accesso, motivi della rimozione, elenchi di parole chiave o un ricorso effettivo.	La legge sulla cybersicurezza del 2017 impone agli operatori di rete di raccogliere le informazioni sull’identità reale degli utenti e di negare i servizi interessati finché la verifica non è completata. Autorità di internet, polizia, organi di sicurezza dello Stato e piattaforme attuano rimozione, declassamento, conservazione e accesso ai dati, mentre gli utenti in genere non possono consultare registri di accesso, motivi della rimozione, elenchi di parole chiave o un ricorso effettivo.	NO	PASS_UNCHANGED
reread:batch10	38	digital-surveillance	non-target	date	2024-12-10	2024-12-10	NO	PASS_UNCHANGED
reread:batch10	38	digital-surveillance	non-target	url	posts/digital-surveillance.html	posts/digital-surveillance.html	NO	PASS_UNCHANGED
reread:batch10	39	tiananmen-1989	target	slug	tiananmen-1989	tiananmen-1989	NO	PASS_UNCHANGED
reread:batch10	39	tiananmen-1989	target	title_zh	1989年天安門：戒嚴、軍事行動、家屬追問與記憶控制	1989年天安門：家屬要求真相、賠償與問責，國家機關控制記憶並壓制紀念	YES	PASS_CHANGED_AUTHORIZED
reread:batch10	39	tiananmen-1989	target	title_en	Tiananmen, 1989: Martial Law, Military Operations, Family Questioning and Memory Control	Tiananmen, 1989: Families Demand Truth, Compensation, and Accountability; State Authorities Control Memory and Suppress Commemoration	YES	PASS_CHANGED_AUTHORIZED
reread:batch10	39	tiananmen-1989	target	title_ja	1989 年の天安門: 戒厳令、軍事作戦、家族尋問、記憶管理	1989年の天安門：遺族は真相・賠償・責任追及を求め、国家機関は記憶を統制して追悼を抑圧する	YES	PASS_CHANGED_AUTHORIZED
reread:batch10	39	tiananmen-1989	target	title_ko	1989년 천안문: 계엄령, 군사 작전, 가족 심문 및 기억 통제	1989년 톈안먼: 유가족은 진실·배상·책임 규명을 요구하고 국가기관은 기억을 통제하며 추모를 억압한다	YES	PASS_CHANGED_AUTHORIZED
reread:batch10	39	tiananmen-1989	target	title_es	Tiananmen, 1989: Ley marcial, operaciones militares, interrogatorios familiares y control de la memoria	Tiananmén, 1989: las familias exigen verdad, indemnización y rendición de cuentas; los organismos estatales controlan la memoria y reprimen las conmemoraciones	YES	PASS_CHANGED_AUTHORIZED
reread:batch10	39	tiananmen-1989	target	title_de	Tiananmen, 1989: Kriegsrecht, Militäreinsätze, Familienbefragung und Gedächtniskontrolle	Tiananmen 1989: Familien fordern Wahrheit, Entschädigung und Rechenschaft; staatliche Stellen kontrollieren die Erinnerung und unterdrücken das Gedenken	YES	PASS_CHANGED_AUTHORIZED
reread:batch10	39	tiananmen-1989	target	title_fr	Tiananmen, 1989 : loi martiale, opérations militaires, interrogatoire familial et contrôle de la mémoire	Tiananmen, 1989 : les familles exigent vérité, indemnisation et reddition de comptes ; les organes de l’État contrôlent la mémoire et répriment les commémorations	YES	PASS_CHANGED_AUTHORIZED
reread:batch10	39	tiananmen-1989	target	title_no	Tiananmen, 1989: Kamplov, militære operasjoner, familiespørsmål og minnekontroll	Tiananmen 1989: Familiene krever sannhet, erstatning og ansvar; statlige organer kontrollerer minnet og undertrykker markeringer	YES	PASS_CHANGED_AUTHORIZED
reread:batch10	39	tiananmen-1989	target	title_nl	Tiananmen, 1989: staat van beleg, militaire operaties, familieondervraging en geheugencontrole	Tiananmen 1989: Families eisen waarheid, schadevergoeding en verantwoording; staatsorganen controleren de herinnering en onderdrukken herdenkingen	YES	PASS_CHANGED_AUTHORIZED
reread:batch10	39	tiananmen-1989	target	title_it	Tienanmen, 1989: Legge marziale, operazioni militari, interrogatori familiari e controllo della memoria	Tiananmen, 1989: le famiglie chiedono verità, risarcimento e accertamento delle responsabilità; gli organi statali controllano la memoria e reprimono le commemorazioni	YES	PASS_CHANGED_AUTHORIZED
reread:batch10	39	tiananmen-1989	target	excerpt_zh	1989 年 6 月 3 日至 4 日的軍事行動期間，北京和其他地方的學生和公民運動遭到暴力鎮壓。官方記錄、家庭記錄和獨立研究提供了有關死亡、責任以及後來紀念活動限制的不同證據。	1989年6月3日至4日，中國當局部署的解放軍部隊向和平示威者和旁觀市民發射實彈，造成死傷。當局至今未完整公開死亡人數、逐名名單、軍事命令鏈、拘押記錄和責任調查；天安門母親持續要求真相、賠償和問責。	YES	PASS_CHANGED_AUTHORIZED
reread:batch10	39	tiananmen-1989	target	excerpt_en	Student and citizen movements in Beijing and elsewhere were violently suppressed during military operations on June 3–4, 1989. Official records, family accounts, and independent research provide different evidence about deaths, responsibility, and later restrictions on commemoration.	On June 3–4, 1989, People’s Liberation Army troops deployed by Chinese authorities fired live ammunition at peaceful protesters and civilian bystanders, causing deaths and injuries. Chinese authorities have still not fully disclosed the death toll, a complete list of names, the military chain of command, detention records, or a responsibility investigation; the Tiananmen Mothers continue to demand truth, compensation, and accountability.	YES	PASS_CHANGED_AUTHORIZED
reread:batch10	39	tiananmen-1989	target	excerpt_ja	北京などの学生運動や市民運動は、1989年6月3日から4日の軍事作戦中に暴力的に弾圧された。公式記録、家族の記録、独立した研究は、死、責任、そしてその後の記念式典の制限についてのさまざまな証拠を提供している。	1989年6月3日から4日にかけて、中国当局が投入した人民解放軍部隊は平和的なデモ参加者と市民の通行人に実弾を発射し、死傷者を出した。当局は現在も、死者数、実名入りの完全な名簿、軍の命令系統、拘禁記録、責任調査を全面公開しておらず、天安門の母たちは真相、賠償、責任追及を求め続けている。	YES	PASS_CHANGED_AUTHORIZED
reread:batch10	39	tiananmen-1989	target	excerpt_ko	베이징 및 기타 지역의 학생 및 시민 운동은 1989년 6월 3~4일 군사 작전 중에 폭력적으로 진압되었습니다. 공식 기록, 가족 기록 및 독립적인 연구는 사망, 책임 및 이후 기념 제한에 대한 다양한 증거를 제공합니다.	1989년 6월 3~4일 중국 당국이 투입한 인민해방군 부대는 평화적 시위대와 현장에 있던 시민들에게 실탄을 발사해 사상자를 냈다. 당국은 지금까지도 사망자 수, 전체 실명 명단, 군 지휘·명령 체계, 구금 기록과 책임 조사를 완전히 공개하지 않았고, 톈안먼 어머니들은 진실·배상·책임 규명을 계속 요구하고 있다.	YES	PASS_CHANGED_AUTHORIZED
reread:batch10	39	tiananmen-1989	target	excerpt_es	Los movimientos estudiantiles y ciudadanos en Beijing y otros lugares fueron violentamente reprimidos durante las operaciones militares del 3 al 4 de junio de 1989. Los registros oficiales, los relatos familiares y las investigaciones independientes proporcionan pruebas diferentes sobre las muertes, la responsabilidad y las restricciones posteriores a la conmemoración.	Los días 3 y 4 de junio de 1989, tropas del Ejército Popular de Liberación desplegadas por las autoridades chinas dispararon munición real contra manifestantes pacíficos y civiles presentes, causando muertos y heridos. Las autoridades aún no han publicado íntegramente el número de fallecidos, una lista nominal completa, la cadena de mando militar, los registros de detención ni una investigación de responsabilidades; las Madres de Tiananmén siguen exigiendo verdad, indemnización y rendición de cuentas.	YES	PASS_CHANGED_AUTHORIZED
reread:batch10	39	tiananmen-1989	target	excerpt_de	Studenten- und Bürgerbewegungen in Peking und anderswo wurden während der Militäroperationen vom 3. bis 4. Juni 1989 gewaltsam unterdrückt. Offizielle Aufzeichnungen, Familienberichte und unabhängige Untersuchungen liefern unterschiedliche Beweise über Todesfälle, Verantwortlichkeiten und spätere Einschränkungen des Gedenkens.	Am 3. und 4. Juni 1989 feuerten von chinesischen Behörden eingesetzte Einheiten der Volksbefreiungsarmee scharfe Munition auf friedliche Demonstrierende und unbeteiligte Zivilpersonen und töteten oder verletzten Menschen. Bis heute haben die Behörden die Zahl der Toten, eine vollständige Namensliste, die militärische Befehlskette, Haftakten und eine Untersuchung der Verantwortlichkeit nicht vollständig offengelegt; die Tiananmen-Mütter fordern weiterhin Wahrheit, Entschädigung und Rechenschaft.	YES	PASS_CHANGED_AUTHORIZED
reread:batch10	39	tiananmen-1989	target	excerpt_fr	Les mouvements étudiants et citoyens à Pékin et ailleurs ont été violemment réprimés lors des opérations militaires des 3 et 4 juin 1989. Les documents officiels, les récits familiaux et les recherches indépendantes fournissent des preuves différentes sur les décès, les responsabilités et les restrictions ultérieures sur la commémoration.	Les 3 et 4 juin 1989, des unités de l’Armée populaire de libération déployées par les autorités chinoises ont tiré à balles réelles sur des manifestants pacifiques et des civils présents, faisant des morts et des blessés. Les autorités n’ont toujours pas publié intégralement le nombre de morts, une liste nominative complète, la chaîne de commandement militaire, les dossiers de détention ni une enquête sur les responsabilités ; les Mères de Tiananmen continuent d’exiger vérité, indemnisation et reddition de comptes.	YES	PASS_CHANGED_AUTHORIZED
reread:batch10	39	tiananmen-1989	target	excerpt_no	Student- og borgerbevegelser i Beijing og andre steder ble voldelig undertrykt under militære operasjoner 3.–4. juni 1989. Offisielle dokumenter, familieregnskap og uavhengig forskning gir ulike bevis om dødsfall, ansvar og senere restriksjoner på minnesmerke.	3.–4. juni 1989 avfyrte avdelinger fra Folkets frigjøringshær, satt inn av kinesiske myndigheter, skarp ammunisjon mot fredelige demonstranter og sivile som befant seg i området, og drepte eller såret mennesker. Myndighetene har fortsatt ikke offentliggjort fullstendige opplysninger om dødstallet, en fullstendig navneliste, den militære kommandokjeden, interneringsregistrene eller en granskning av ansvaret; Tiananmen-mødrene krever fortsatt sannhet, erstatning og ansvarliggjøring.	YES	PASS_CHANGED_AUTHORIZED
reread:batch10	39	tiananmen-1989	target	excerpt_nl	Studenten- en burgerbewegingen in Peking en elders werden gewelddadig onderdrukt tijdens militaire operaties op 3 en 4 juni 1989. Officiële documenten, familierekeningen en onafhankelijk onderzoek leveren verschillend bewijsmateriaal over sterfgevallen, verantwoordelijkheid en latere beperkingen op herdenkingen.	Op 3 en 4 juni 1989 vuurden door de Chinese autoriteiten ingezette eenheden van het Volksbevrijdingsleger met scherp op vreedzame demonstranten en omstaande burgers, met doden en gewonden tot gevolg. De autoriteiten hebben nog steeds niet het volledige dodental, een complete namenlijst, de militaire bevelslijn, detentiegegevens of een onderzoek naar verantwoordelijkheid openbaar gemaakt; de Tiananmen-moeders blijven waarheid, schadevergoeding en verantwoording eisen.	YES	PASS_CHANGED_AUTHORIZED
reread:batch10	39	tiananmen-1989	target	excerpt_it	I movimenti di studenti e cittadini a Pechino e altrove furono violentemente repressi durante le operazioni militari del 3 e 4 giugno 1989. Documenti ufficiali, resoconti familiari e ricerche indipendenti forniscono prove diverse su morti, responsabilità e successive restrizioni alla commemorazione.	Il 3 e 4 giugno 1989, reparti dell’Esercito popolare di liberazione schierati dalle autorità cinesi spararono munizioni vere contro manifestanti pacifici e civili presenti, causando morti e feriti. Le autorità non hanno ancora pubblicato integralmente il numero delle vittime, un elenco nominativo completo, la catena di comando militare, i registri delle detenzioni né un’indagine sulle responsabilità; le Madri di Tiananmen continuano a chiedere verità, risarcimento e accertamento delle responsabilità.	YES	PASS_CHANGED_AUTHORIZED
reread:batch10	39	tiananmen-1989	target	date	1989-06-04	1989-06-04	NO	PASS_UNCHANGED
reread:batch10	39	tiananmen-1989	target	url	posts/tiananmen-1989.html	posts/tiananmen-1989.html	NO	PASS_UNCHANGED
reread:batch10	40	great-leap-famine	target	slug	great-leap-famine	great-leap-famine	NO	PASS_UNCHANGED
reread:batch10	40	great-leap-famine	target	title_zh	大躍進與大饑荒：糧食徵購、資訊失真與死亡估算	大躍進與大饑荒：強制糧食徵購、資訊失真與死亡估算	YES	PASS_CHANGED_AUTHORIZED
reread:batch10	40	great-leap-famine	target	title_en	The Great Leap Forward and Famine: Grain Procurement, Distorted Reporting, and Mortality Estimates	The Great Leap Forward and Famine: Compulsory Grain Requisition, Distorted Reporting, and Mortality Estimates	YES	PASS_CHANGED_AUTHORIZED
reread:batch10	40	great-leap-famine	target	title_ja	大躍進と大飢饉：食糧徴発、虚偽報告、死亡推計	大躍進と大飢饉：国家による強制的な食糧徴発、虚偽報告、死亡推計	YES	PASS_CHANGED_AUTHORIZED
reread:batch10	40	great-leap-famine	target	title_ko	대약진운동과 대기근: 곡물 수매, 허위 보고와 사망 추계	대약진운동과 대기근: 강제 곡물 징발, 허위 보고와 사망 추계	YES	PASS_CHANGED_AUTHORIZED
reread:batch10	40	great-leap-famine	target	title_es	El Gran Salto Adelante y la hambruna: requisas de grano, informes falseados y estimaciones de mortalidad	El Gran Salto Adelante y la hambruna: requisas estatales obligatorias de grano, informes falseados y estimaciones de mortalidad	YES	PASS_CHANGED_AUTHORIZED
reread:batch10	40	great-leap-famine	target	title_de	Großer Sprung und Hungersnot: Getreideabgaben, Falschmeldungen und Schätzungen der Todesfälle	Großer Sprung nach vorn und Hungersnot: staatliche Zwangsrequisitionen von Getreide, Falschmeldungen und Schätzungen der Todesfälle	YES	PASS_CHANGED_AUTHORIZED
reread:batch10	40	great-leap-famine	target	title_fr	Grand Bond et famine : réquisitions de céréales, rapports falsifiés et estimations de mortalité	Grand Bond en avant et famine : réquisitions obligatoires de céréales, rapports falsifiés et estimations de mortalité	YES	PASS_CHANGED_AUTHORIZED
reread:batch10	40	great-leap-famine	target	title_no	Det store spranget og hungersnøden: korninnkreving, uriktige rapporter og dødsanslag	Det store spranget og hungersnøden: tvungen kornrekvisisjon, uriktige rapporter og dødsanslag	YES	PASS_CHANGED_AUTHORIZED
reread:batch10	40	great-leap-famine	target	title_nl	De Grote Sprong en de hongersnood: graanvordering, vervalste rapportage en sterfteschattingen	De Grote Sprong Voorwaarts en de hongersnood: verplichte graanvordering, vervalste rapportage en sterfteschattingen	YES	PASS_CHANGED_AUTHORIZED
reread:batch10	40	great-leap-famine	target	title_it	Grande balzo e carestia: requisizioni di grano, rapporti falsati e stime dei decessi	Grande balzo in avanti e carestia: requisizioni obbligatorie di grano, rapporti falsati e stime dei decessi	YES	PASS_CHANGED_AUTHORIZED
reread:batch10	40	great-leap-famine	target	excerpt_zh	高指標、產量浮誇、糧食徵購、人民公社和公共食堂共同加劇1958至1961年的饑荒；不同研究者依各自資料與方法提出死亡估算，不能合併成官方數字。	高指標、產量浮誇、國家強制糧食徵購、人民公社和公共食堂共同加劇1958至1961年的饑荒。不同研究依人口統計、地方檔案、縣級死亡記錄及不同時段形成不同死亡估算；差異反映材料範圍、研究方法與時期邊界。	YES	PASS_CHANGED_AUTHORIZED
reread:batch10	40	great-leap-famine	target	excerpt_en	High targets, inflated output reports, grain procurement, people’s communes, and public canteens intensified the 1958–61 famine. Researchers produced different mortality estimates from different data and methods; none should be presented as one official figure.	High targets, inflated output reports, compulsory state grain requisition, people’s communes, and public canteens intensified the 1958–61 famine. Studies using demographic data, local archives, county-level death records, and different periods produced different mortality estimates; the variation reflects the boundaries of their evidence, methods, and time frames.	YES	PASS_CHANGED_AUTHORIZED
reread:batch10	40	great-leap-famine	target	excerpt_ja	高い生産目標、収穫量の水増し報告、食糧徴発、人民公社、公共食堂が1958～61年の飢饉を深刻化させた。研究者の死亡推計は資料と方法が異なり、単一の公式数字として扱えない。	高い生産目標、収穫量の水増し報告、国家による強制的な食糧徴発、人民公社、公共食堂が1958～61年の飢饉を深刻化させた。人口統計、地方文書、県級の死亡記録、異なる対象期間を用いた研究から複数の死亡推計が生まれ、その差は資料範囲、方法、期間の境界を反映している。	YES	PASS_CHANGED_AUTHORIZED
reread:batch10	40	great-leap-famine	target	excerpt_ko	높은 생산 목표, 생산량 부풀리기, 곡물 수매, 인민공사와 공공식당이 1958~61년 기근을 악화시켰다. 연구자들의 사망 추계는 자료와 방법이 달라 하나의 공식 수치로 합칠 수 없다.	높은 생산 목표, 생산량 부풀리기, 국가의 강제 곡물 징발, 인민공사와 공공식당이 1958~61년 기근을 악화시켰다. 인구통계, 지방 기록, 현급 사망 기록과 서로 다른 기간을 사용한 연구들은 각기 다른 사망 추계를 내놓았고, 그 차이는 자료 범위와 방법 및 시기 경계를 반영한다.	YES	PASS_CHANGED_AUTHORIZED
reread:batch10	40	great-leap-famine	target	excerpt_es	Las metas elevadas, la exageración de la producción, las requisas, las comunas y los comedores colectivos agravaron la hambruna de 1958–61. Las estimaciones de mortalidad parten de datos y métodos distintos y no deben fundirse en una cifra oficial.	Las metas elevadas, la exageración de la producción, las requisas estatales obligatorias de grano, las comunas y los comedores colectivos agravaron la hambruna de 1958–61. Los estudios basados en datos demográficos, archivos locales, registros de defunciones a nivel de condado y periodos distintos produjeron estimaciones diferentes; la variación refleja los límites de sus fuentes, métodos y marcos temporales.	YES	PASS_CHANGED_AUTHORIZED
reread:batch10	40	great-leap-famine	target	excerpt_de	Hohe Vorgaben, überhöhte Erntemeldungen, Getreideabgaben, Volkskommunen und Gemeinschaftsküchen verschärften die Hungersnot 1958–61. Die Schätzungen beruhen auf unterschiedlichen Daten und Methoden und sind keine einheitliche amtliche Zahl.	Hohe Vorgaben, überhöhte Erntemeldungen, staatliche Zwangsrequisitionen von Getreide, Volkskommunen und Gemeinschaftsküchen verschärften die Hungersnot 1958–61. Studien auf der Grundlage demografischer Daten, lokaler Archive, Sterberegister auf Kreisebene und unterschiedlicher Zeiträume kamen zu verschiedenen Schätzungen; die Abweichungen spiegeln die Grenzen von Quellenbasis, Methoden und Untersuchungszeiträumen wider.	YES	PASS_CHANGED_AUTHORIZED
reread:batch10	40	great-leap-famine	target	excerpt_fr	Objectifs excessifs, gonflement des récoltes, réquisitions, communes populaires et cantines collectives ont aggravé la famine de 1958–61. Les estimations reposent sur des données et méthodes différentes et ne constituent pas un chiffre officiel unique.	Objectifs excessifs, gonflement des récoltes, réquisitions obligatoires de céréales par l’État, communes populaires et cantines collectives ont aggravé la famine de 1958–61. Les études fondées sur les données démographiques, les archives locales, les registres de décès des comtés et des périodes différentes ont produit des estimations distinctes ; leurs écarts reflètent les limites des corpus, des méthodes et des bornes chronologiques.	YES	PASS_CHANGED_AUTHORIZED
reread:batch10	40	great-leap-famine	target	excerpt_no	Høye mål, oppblåste produksjonstall, korninnkreving, folkekommuner og offentlige kantiner forverret hungersnøden i 1958–61. Dødsanslagene bygger på ulike data og metoder og kan ikke slås sammen til ett offisielt tall.	Høye mål, oppblåste produksjonstall, statlig tvangsrekvisisjon av korn, folkekommuner og offentlige kantiner forverret hungersnøden i 1958–61. Studier basert på demografiske data, lokale arkiver, dødsregistre på fylkesnivå og ulike tidsperioder ga forskjellige dødsanslag; variasjonen gjenspeiler grensene for kildemateriale, metoder og tidsavgrensning.	YES	PASS_CHANGED_AUTHORIZED
reread:batch10	40	great-leap-famine	target	excerpt_nl	Hoge doelen, overdreven productiecijfers, graanvordering, volkscommunes en collectieve eetzalen verergerden de hongersnood van 1958–61. Schattingen gebruiken verschillende gegevens en methoden en vormen geen enkel officieel cijfer.	Hoge doelen, overdreven productiecijfers, verplichte staatsvordering van graan, volkscommunes en collectieve eetzalen verergerden de hongersnood van 1958–61. Studies op basis van demografische gegevens, lokale archieven, overlijdensregisters op districtsniveau en verschillende perioden kwamen tot uiteenlopende sterfteramingen; de verschillen weerspiegelen de grenzen van bronnen, methoden en tijdvakken.	YES	PASS_CHANGED_AUTHORIZED
reread:batch10	40	great-leap-famine	target	excerpt_it	Obiettivi elevati, dati produttivi gonfiati, requisizioni, comuni popolari e mense collettive aggravarono la carestia del 1958–61. Le stime usano dati e metodi diversi e non costituiscono un’unica cifra ufficiale.	Obiettivi elevati, dati produttivi gonfiati, requisizioni statali obbligatorie di grano, comuni popolari e mense collettive aggravarono la carestia del 1958–61. Studi basati su dati demografici, archivi locali, registri dei decessi a livello di contea e periodi diversi produssero stime differenti; gli scarti riflettono i limiti delle fonti, dei metodi e degli intervalli temporali.	YES	PASS_CHANGED_AUTHORIZED
reread:batch10	40	great-leap-famine	target	date	1958-01-01	1958-08-29	YES	PASS_CHANGED_AUTHORIZED
reread:batch10	40	great-leap-famine	target	url	posts/great-leap-famine.html	posts/great-leap-famine.html	NO	PASS_UNCHANGED
reread:batch10	41	cultural-revolution	target	slug	cultural-revolution	cultural-revolution	NO	PASS_UNCHANGED
reread:batch10	41	cultural-revolution	target	title_zh	文化大革命：國家動員、社會迫害與受限記憶	文化大革命：國家動員、社會迫害與受限記憶	NO	PASS_UNCHANGED
reread:batch10	41	cultural-revolution	target	title_en	The Cultural Revolution: State Mobilization, Persecution, and Restricted Memory	The Cultural Revolution: State Mobilization, Persecution, and Restricted Memory	NO	PASS_UNCHANGED
reread:batch10	41	cultural-revolution	target	title_ja	文化大革命：国家動員、迫害、制限された記憶	文化大革命：国家動員、迫害、制限された記憶	NO	PASS_UNCHANGED
reread:batch10	41	cultural-revolution	target	title_ko	문화대혁명: 국가 동원, 박해와 제한된 기억	문화대혁명: 국가 동원, 박해와 제한된 기억	NO	PASS_UNCHANGED
reread:batch10	41	cultural-revolution	target	title_es	La Revolución Cultural: movilización estatal, persecución y memoria restringida	La Revolución Cultural: movilización estatal, persecución y memoria restringida	NO	PASS_UNCHANGED
reread:batch10	41	cultural-revolution	target	title_de	Die Kulturrevolution: staatliche Mobilisierung, Verfolgung und eingeschränkte Erinnerung	Die Kulturrevolution: staatliche Mobilisierung, Verfolgung und eingeschränkte Erinnerung	NO	PASS_UNCHANGED
reread:batch10	41	cultural-revolution	target	title_fr	La Révolution culturelle : mobilisation étatique, persécution et mémoire entravée	La Révolution culturelle : mobilisation étatique, persécution et mémoire entravée	NO	PASS_UNCHANGED
reread:batch10	41	cultural-revolution	target	title_no	Kulturrevolusjonen: statlig mobilisering, forfølgelse og begrenset minne	Kulturrevolusjonen: statlig mobilisering, forfølgelse og begrenset offentlig minne	YES	PASS_CHANGED_AUTHORIZED
reread:batch10	41	cultural-revolution	target	title_nl	De Culturele Revolutie: staatsmobilisatie, vervolging en beperkt geheugen	De Culturele Revolutie: staatsmobilisatie, vervolging en beperkte publieke herinnering	YES	PASS_CHANGED_AUTHORIZED
reread:batch10	41	cultural-revolution	target	title_it	La Rivoluzione culturale: mobilitazione statale, persecuzione e memoria limitata	La Rivoluzione culturale: mobilitazione statale, persecuzione e memoria limitata	NO	PASS_UNCHANGED
reread:batch10	41	cultural-revolution	target	excerpt_zh	1966至1976年間，紅衛兵、軍隊、革命委員會、學校、單位和地方機關共同捲入迫害；倖存者證言與地方檔案保存死亡和財產損失，而查檔、研究與紀念至今仍受限制。	1966至1976年間，紅衛兵、軍隊、革命委員會、學校、工作單位和地方機關共同捲入迫害；倖存者證言與地方檔案記錄死亡和財產損失，而查檔、研究與紀念至今仍受限制。	YES	PASS_CHANGED_AUTHORIZED
reread:batch10	41	cultural-revolution	target	excerpt_en	From 1966 to 1976, Red Guards, the military, revolutionary committees, schools, work units, and local authorities were implicated in persecution. Survivor testimony and local archives preserve deaths and property loss, while research, commemoration, and archival access remain restricted.	From 1966 to 1976, Red Guards, the military, revolutionary committees, schools, work units, and local authorities were implicated in persecution. Survivor testimony and local archives document deaths and property losses, while archival access, research, and commemoration remain restricted.	YES	PASS_CHANGED_AUTHORIZED
reread:batch10	41	cultural-revolution	target	excerpt_ja	1966年から1976年にかけ、紅衛兵、軍、革命委員会、学校、職場、地方機関が迫害に関与した。生存者証言と地方資料は死亡や財産被害を伝える一方、調査・追悼・資料閲覧は今も制限されている。	1966年から1976年にかけ、紅衛兵、軍、革命委員会、学校、職場単位、地方機関が迫害に関与した。生存者証言と地方資料は死亡と財産被害を記録する一方、資料閲覧、研究、追悼は今も制限されている。	YES	PASS_CHANGED_AUTHORIZED
reread:batch10	41	cultural-revolution	target	excerpt_ko	1966년부터 1976년까지 홍위병, 군대, 혁명위원회, 학교, 직장 단위와 지방기관이 박해에 관여했다. 생존자 증언과 지방 기록은 사망과 재산 피해를 남겼지만 연구·추모·기록 열람은 여전히 제한된다.	1966년부터 1976년까지 홍위병, 군대, 혁명위원회, 학교, 직장 단위와 지방기관이 박해에 관여했다. 생존자 증언과 지방 기록은 사망과 재산 피해를 기록하지만, 기록 열람·연구·추모는 여전히 제한된다.	YES	PASS_CHANGED_AUTHORIZED
reread:batch10	41	cultural-revolution	target	excerpt_es	Entre 1966 y 1976, Guardias Rojos, ejército, comités revolucionarios, escuelas, unidades de trabajo y autoridades locales participaron en la persecución. Testimonios y archivos conservan muertes y pérdidas patrimoniales, mientras siguen limitados el estudio, la conmemoración y el acceso documental.	Entre 1966 y 1976, Guardias Rojos, el ejército, comités revolucionarios, escuelas, unidades de trabajo y autoridades locales participaron en la persecución. Los testimonios de supervivientes y los archivos locales documentan muertes y pérdidas patrimoniales, mientras siguen restringidos el acceso a archivos, la investigación y la conmemoración.	YES	PASS_CHANGED_AUTHORIZED
reread:batch10	41	cultural-revolution	target	excerpt_de	Von 1966 bis 1976 waren Rote Garden, Militär, Revolutionskomitees, Schulen, Arbeitseinheiten und lokale Behörden an Verfolgung beteiligt. Zeugnisse und lokale Archive bewahren Todesfälle und Eigentumsverluste, doch Forschung, Gedenken und Aktenzugang bleiben eingeschränkt.	Von 1966 bis 1976 waren Rote Garden, Militär, Revolutionskomitees, Schulen, Arbeitseinheiten und lokale Behörden an Verfolgung beteiligt. Aussagen Überlebender und lokale Archive dokumentieren Todesfälle und Eigentumsverluste, während Aktenzugang, Forschung und Gedenken weiterhin eingeschränkt sind.	YES	PASS_CHANGED_AUTHORIZED
reread:batch10	41	cultural-revolution	target	excerpt_fr	De 1966 à 1976, Gardes rouges, armée, comités révolutionnaires, écoles, unités de travail et autorités locales ont participé aux persécutions. Témoignages et archives conservent les morts et pertes de biens, tandis que recherche, commémoration et accès aux dossiers restent limités.	De 1966 à 1976, Gardes rouges, armée, comités révolutionnaires, écoles, unités de travail et autorités locales participèrent aux persécutions. Les témoignages de survivants et les archives locales documentent les décès et les pertes de biens, tandis que l’accès aux archives, la recherche et la commémoration restent restreints.	YES	PASS_CHANGED_AUTHORIZED
reread:batch10	41	cultural-revolution	target	excerpt_no	Fra 1966 til 1976 deltok rødegardister, militæret, revolusjonskomiteer, skoler, arbeidsenheter og lokale myndigheter i forfølgelse. Vitnesbyrd og lokale arkiver bevarer dødsfall og eiendomstap, mens forskning, minnemarkering og arkivtilgang fortsatt begrenses.	Fra 1966 til 1976 deltok rødegardister, militæret, revolusjonskomiteer, skoler, arbeidsenheter og lokale myndigheter i forfølgelse. Vitnesbyrd fra overlevende og lokale arkiver dokumenterer dødsfall og tap av eiendom, mens arkivtilgang, forskning og minnearbeid fortsatt er begrenset.	YES	PASS_CHANGED_AUTHORIZED
reread:batch10	41	cultural-revolution	target	excerpt_nl	Van 1966 tot 1976 waren Rode Gardisten, leger, revolutionaire comités, scholen, werkeenheden en lokale autoriteiten betrokken bij vervolging. Getuigenissen en lokale archieven bewaren sterfgevallen en vermogensverlies, terwijl onderzoek, herdenking en archieftoegang beperkt blijven.	Van 1966 tot 1976 waren Rode Gardisten, het leger, revolutionaire comités, scholen, werkeenheden en lokale autoriteiten betrokken bij vervolging. Getuigenissen van overlevenden en lokale archieven documenteren sterfgevallen en vermogensverliezen, terwijl archieftoegang, onderzoek en herdenking beperkt blijven.	YES	PASS_CHANGED_AUTHORIZED
reread:batch10	41	cultural-revolution	target	excerpt_it	Dal 1966 al 1976 Guardie Rosse, esercito, comitati rivoluzionari, scuole, unità di lavoro e autorità locali furono coinvolti nella persecuzione. Testimonianze e archivi conservano morti e perdite patrimoniali, mentre ricerca, commemorazione e accesso agli atti restano limitati.	Dal 1966 al 1976 Guardie Rosse, esercito, comitati rivoluzionari, scuole, unità di lavoro e autorità locali furono coinvolti nella persecuzione. Le testimonianze dei sopravvissuti e gli archivi locali documentano decessi e perdite patrimoniali, mentre l’accesso agli archivi, la ricerca e la commemorazione restano limitati.	YES	PASS_CHANGED_AUTHORIZED
reread:batch10	41	cultural-revolution	target	date	1966-05-16	1966-05-16	NO	PASS_UNCHANGED
reread:batch10	41	cultural-revolution	target	url	posts/cultural-revolution.html	posts/cultural-revolution.html	NO	PASS_UNCHANGED
reread:batch10	42	land-reform-anti-rightist	target	slug	land-reform-anti-rightist	land-reform-anti-rightist	NO	PASS_UNCHANGED
reread:batch10	42	land-reform-anti-rightist	target	title_zh	土地改革與反右運動：暴力、政治定性與未完成的改正	土地改革與反右運動：暴力、政治定性與未完成的改正	NO	PASS_UNCHANGED
reread:batch10	42	land-reform-anti-rightist	target	title_en	Land Reform and the Anti-Rightist Campaign: Violence, Political Classification, and Incomplete Redress	Land Reform and the Anti-Rightist Campaign: Violence, Political Classification, and Incomplete Redress	NO	PASS_UNCHANGED
reread:batch10	42	land-reform-anti-rightist	target	title_ja	土地改革と反右派運動：暴力、政治的認定、未完の名誉回復	土地改革と反右派運動：暴力、政治的認定、未完の名誉回復	NO	PASS_UNCHANGED
reread:batch10	42	land-reform-anti-rightist	target	title_ko	토지개혁과 반우파운동: 폭력, 정치적 규정과 미완의 시정	토지개혁과 반우파운동: 폭력, 정치적 규정과 미완의 시정	NO	PASS_UNCHANGED
reread:batch10	42	land-reform-anti-rightist	target	title_es	Reforma agraria y campaña antiderechista: violencia, clasificación política y reparación incompleta	Reforma agraria y campaña antiderechista: violencia, clasificación política y reparación incompleta	NO	PASS_UNCHANGED
reread:batch10	42	land-reform-anti-rightist	target	title_de	Landreform und Anti-Rechts-Kampagne: Gewalt, politische Einstufung und unvollständige Rehabilitierung	Landreform und Bewegung gegen Rechtsabweichler: Gewalt, politische Einstufung und unvollständige Rehabilitierung	YES	PASS_CHANGED_AUTHORIZED
reread:batch10	42	land-reform-anti-rightist	target	title_fr	Réforme agraire et campagne antidroitière : violence, qualification politique et réhabilitation inachevée	Réforme agraire et campagne antidroitière : violence, qualification politique et réhabilitation inachevée	NO	PASS_UNCHANGED
reread:batch10	42	land-reform-anti-rightist	target	title_no	Jordreform og anti-høyre-kampanje: vold, politisk klassifisering og ufullført oppreisning	Jordreformen og kampanjen mot høyreavvikere: vold, politisk klassifisering og ufullført oppreisning	YES	PASS_CHANGED_AUTHORIZED
reread:batch10	42	land-reform-anti-rightist	target	title_nl	Landhervorming en de anti-rechtse campagne: geweld, politieke kwalificatie en onvolledig herstel	Landhervorming en de anti-rechtse campagne: geweld, politieke kwalificatie en onvolledig herstel	NO	PASS_UNCHANGED
reread:batch10	42	land-reform-anti-rightist	target	title_it	Riforma agraria e campagna antidestra: violenza, classificazione politica e riabilitazione incompleta	Riforma agraria e campagna antidestra: violenza, classificazione politica e riabilitazione incompleta	NO	PASS_UNCHANGED
reread:batch10	42	land-reform-anti-rightist	target	excerpt_zh	土地改革工作隊與地方幹部推動沒收、鬥爭和集體化；反右運動又以政治定性、勞動與職業處分懲罰批評者，後來的「改正」並未全面恢復名譽、財產和職業。	土地改革工作隊與地方幹部推動沒收、鬥爭會議和集體化；反右運動又以政治定性、強制勞動、勞動改造與職業處分懲罰批評者，後來的「改正」並未全面恢復名譽、財產和職業。	YES	PASS_CHANGED_AUTHORIZED
reread:batch10	42	land-reform-anti-rightist	target	excerpt_en	Land-reform work teams and local cadres carried out confiscation, struggle sessions, and collectivization. The Anti-Rightist Campaign imposed political labels, labour punishment, and career sanctions; later “corrections” did not fully restore reputation, property, or careers.	Land-reform work teams and local cadres carried out confiscation, struggle sessions, and collectivization. The Anti-Rightist Campaign imposed political labels, forced labour, re-education through labour, and career sanctions; later “corrections” did not fully restore reputation, property, or careers.	YES	PASS_CHANGED_AUTHORIZED
reread:batch10	42	land-reform-anti-rightist	target	excerpt_ja	土地改革工作隊と地方幹部が没収、闘争集会、集団化を進め、反右派運動は政治的認定、労働処分、職業上の制裁で批判者を罰した。後の「改正」でも名誉、財産、職業は全面回復しなかった。	土地改革工作隊と地方幹部が没収、闘争集会、集団化を進め、反右派運動は政治的認定、強制労働、労働改造、職業上の制裁で批判者を罰した。後の「改正」でも名誉、財産、職業は全面回復しなかった。	YES	PASS_CHANGED_AUTHORIZED
reread:batch10	42	land-reform-anti-rightist	target	excerpt_ko	토지개혁 공작대와 지방 간부들이 몰수·투쟁대회·집단화를 추진했고, 반우파운동은 정치적 낙인과 노동·직업 처벌로 비판자를 제재했다. 뒤이은 ‘시정’도 명예·재산·직업을 온전히 회복하지 못했다.	토지개혁 공작대와 지방 간부들이 몰수·투쟁대회·집단화를 추진했고, 반우파운동은 정치적 낙인과 강제노동·노동개조·직업상 제재로 비판자를 처벌했다. 뒤이은 ‘시정’도 명예·재산·직업을 온전히 회복하지 못했다.	YES	PASS_CHANGED_AUTHORIZED
reread:batch10	42	land-reform-anti-rightist	target	excerpt_es	Equipos de reforma y cuadros locales ejecutaron confiscaciones, sesiones de lucha y colectivización. La campaña antiderechista impuso etiquetas políticas, trabajo punitivo y sanciones profesionales; las posteriores “correcciones” no restituyeron plenamente reputación, bienes ni carreras.	Los equipos de trabajo de la reforma agraria y los cuadros locales ejecutaron confiscaciones, sesiones de lucha y colectivización. La campaña antiderechista impuso etiquetas políticas, trabajo forzoso, reeducación por el trabajo y sanciones profesionales; las posteriores “correcciones” no restituyeron plenamente reputación, bienes ni carreras.	YES	PASS_CHANGED_AUTHORIZED
reread:batch10	42	land-reform-anti-rightist	target	excerpt_de	Landreform-Arbeitsgruppen und lokale Kader vollzogen Enteignungen, Kampfversammlungen und Kollektivierung. Die Anti-Rechts-Kampagne verhängte politische Etiketten, Arbeits- und Berufsstrafen; spätere „Korrekturen“ stellten Ruf, Eigentum und Laufbahnen nicht vollständig wieder her.	Arbeitsteams der Landreform und lokale Kader vollzogen Enteignungen, Kampfversammlungen und Kollektivierung. Die Bewegung gegen Rechtsabweichler verhängte politische Einstufungen, Zwangsarbeit, Umerziehung durch Arbeit und berufliche Sanktionen; spätere „Korrekturen“ stellten Ruf, Eigentum und Laufbahnen nicht vollständig wieder her.	YES	PASS_CHANGED_AUTHORIZED
reread:batch10	42	land-reform-anti-rightist	target	excerpt_fr	Équipes de réforme et cadres locaux ont conduit confiscations, séances de lutte et collectivisation. La campagne antidroitière a imposé étiquettes politiques, travail punitif et sanctions professionnelles ; les « corrections » ultérieures n’ont pas pleinement rétabli réputation, biens et carrières.	Les équipes de travail de la réforme agraire et les cadres locaux ont procédé aux confiscations, organisé des séances de lutte et mis en œuvre la collectivisation. La campagne antidroitière a imposé des qualifications politiques, du travail forcé, la rééducation par le travail et des sanctions professionnelles ; les « corrections » ultérieures n’ont pas pleinement rétabli réputation, biens et carrières.	YES	PASS_CHANGED_AUTHORIZED
reread:batch10	42	land-reform-anti-rightist	target	excerpt_no	Arbeidslag for jordreformen og lokale kadre gjennomførte konfiskasjon, kampmøter og kollektivisering. Anti-høyre-kampanjen påførte politiske merkelapper, arbeidsstraff og yrkessanksjoner; senere «korrigering» gjenopprettet ikke fullt ut omdømme, eiendom eller yrke.	Arbeidslagene for jordreformen og lokale kadre gjennomførte konfiskasjon, kampmøter og kollektivisering. Kampanjen mot høyreavvikere påførte politiske merkelapper, tvangsarbeid, omskolering gjennom arbeid og yrkessanksjoner; senere «korrigeringer» gjenopprettet ikke fullt ut omdømme, eiendom eller yrke.	YES	PASS_CHANGED_AUTHORIZED
reread:batch10	42	land-reform-anti-rightist	target	excerpt_nl	Landhervormingsploegen en lokale kaders voerden confiscaties, strijdsessies en collectivisatie uit. De anti-rechtse campagne legde politieke etiketten, dwangarbeid en beroepsstraffen op; latere “correcties” herstelden reputatie, bezit en loopbaan niet volledig.	Landhervormingsploegen en lokale kaders voerden confiscaties, strijdsessies en collectivisatie uit. De anti-rechtse campagne legde politieke etiketten, dwangarbeid, hervorming door arbeid en beroepssancties op; latere “correcties” herstelden reputatie, bezit en loopbaan niet volledig.	YES	PASS_CHANGED_AUTHORIZED
reread:batch10	42	land-reform-anti-rightist	target	excerpt_it	Squadre della riforma e quadri locali attuarono confische, sedute di lotta e collettivizzazione. La campagna antidestra impose etichette politiche, lavoro punitivo e sanzioni professionali; le successive “correzioni” non restituirono pienamente reputazione, beni e carriere.	Le squadre di lavoro della riforma agraria e i quadri locali attuarono confische, sedute di lotta e collettivizzazione. La campagna antidestra impose etichette politiche, lavoro forzato, rieducazione attraverso il lavoro e sanzioni professionali; le successive “correzioni” non restituirono pienamente reputazione, beni e carriere.	YES	PASS_CHANGED_AUTHORIZED
reread:batch10	42	land-reform-anti-rightist	target	date	1957-06-08	1957-06-08	NO	PASS_UNCHANGED
reread:batch10	42	land-reform-anti-rightist	target	url	posts/land-reform-anti-rightist.html	posts/land-reform-anti-rightist.html	NO	PASS_UNCHANGED
reread:batch10	43	falun-gong-persecution	target	slug	falun-gong-persecution	falun-gong-persecution	NO	PASS_UNCHANGED
reread:batch10	43	falun-gong-persecution	target	title_zh	法輪功受迫害：取締、拘禁與信仰自由風險	法輪功受迫害：禁制、拘禁與信仰自由風險	YES	PASS_CHANGED_AUTHORIZED
reread:batch10	43	falun-gong-persecution	target	title_en	Persecution of Falun Gong: Banning, Detention and Risks to Freedom of Belief	Persecution of Falun Gong: Ban, Detention, and Risks to Freedom of Belief	YES	PASS_CHANGED_AUTHORIZED
reread:batch10	43	falun-gong-persecution	target	title_ja	法輪功への迫害：禁止、拘留、そして信仰の自由へのリスク	法輪功への迫害：禁止、拘禁、信仰の自由への脅威	YES	PASS_CHANGED_AUTHORIZED
reread:batch10	43	falun-gong-persecution	target	title_ko	파룬궁 박해: 금지, 구금 및 신앙의 자유에 대한 위험	파룬궁 박해: 금지, 구금 및 신앙의 자유에 대한 위험	NO	PASS_UNCHANGED
reread:batch10	43	falun-gong-persecution	target	title_es	Persecución a Falun Gong: prohibición, detención y riesgos para la libertad de creencia	Persecución a Falun Gong: prohibición, detención y riesgos para la libertad de creencia	NO	PASS_UNCHANGED
reread:batch10	43	falun-gong-persecution	target	title_de	Verfolgung von Falun Gong: Verbot, Inhaftierung und Risiken für die Glaubensfreiheit	Verfolgung von Falun Gong: Verbot, Inhaftierung und Risiken für die Glaubensfreiheit	NO	PASS_UNCHANGED
reread:batch10	43	falun-gong-persecution	target	title_fr	Persécution du Falun Gong : interdiction, détention et risques pour la liberté de croyance	Persécution du Falun Gong : interdiction, détention et risques pour la liberté de croyance	NO	PASS_UNCHANGED
reread:batch10	43	falun-gong-persecution	target	title_no	Forfølgelse av Falun Gong: Forbud, internering og risiko for trosfrihet	Forfølgelse av Falun Gong: Forbud, internering og risiko for trosfrihet	NO	PASS_UNCHANGED
reread:batch10	43	falun-gong-persecution	target	title_nl	Vervolging van Falun Gong: verbod, detentie en risico's voor de vrijheid van geloof	Vervolging van Falun Gong: verbod, detentie en risico's voor de vrijheid van geloof	NO	PASS_UNCHANGED
reread:batch10	43	falun-gong-persecution	target	title_it	Persecuzione del Falun Gong: messa al bando, detenzione e rischi per la libertà di credo	Persecuzione del Falun Gong: messa al bando, detenzione e rischi per la libertà di credo	NO	PASS_UNCHANGED
reread:batch10	43	falun-gong-persecution	target	excerpt_zh	1999年政府禁制法輪功後，人權組織與修煉者材料記錄了大規模拘押、酷刑及其他虐待指控。聯合國特別程序、政府報告和相關組織另行記錄強制摘取器官指控；公開政策文件、個案材料與上述指控各有不同證據作用，而獨立調查、醫療資料准入和證人保護仍是追查責任不可缺少的條件。	1999年7月20日，警方開始在多個城市拘捕法輪功組織者；7月22日，當局正式宣布取締，刑法第300條及拘押體系其後被用於追訴和控制修煉者。人權組織記錄了任意拘押、酷刑、虐待和羈押死亡的具名個案與指控。聯合國專家就強制摘取器官指控要求中國政府提供資料、接受獨立調查、公開醫療與移植數據並保護證人；這些要求關乎信仰自由、免受酷刑及有效法律救濟。	YES	PASS_CHANGED_AUTHORIZED
reread:batch10	43	falun-gong-persecution	target	excerpt_en	After the government banned Falun Gong in 1999, human-rights organizations and materials from practitioners recorded allegations of mass detention, torture and other ill-treatment. Allegations of forced organ harvesting were separately recorded in communications by UN Special Procedures and in materials issued by governments and relevant organizations. Public policy documents, case materials and those allegations serve distinct evidentiary functions; independent investigation, access to medical and transplant data, and witness protection remain essential to determining responsibility.	Police began detaining Falun Gong organizers in several cities on July 20, 1999; authorities formally announced the ban on July 22, after which Article 300 and detention systems were used to prosecute and control practitioners. Human-rights organizations documented named cases and allegations of arbitrary detention, torture, ill-treatment, and deaths in custody. Addressing allegations of forced organ harvesting, UN experts requested records, independent investigation, transparency in medical and transplant data, and witness protection—measures tied to freedom of belief, freedom from torture, and effective legal remedies.	YES	PASS_CHANGED_AUTHORIZED
reread:batch10	43	falun-gong-persecution	target	excerpt_ja	1999年に政府が法輪功を禁止した後、人権団体と修練者の資料は、大規模な拘禁、拷問、その他の虐待に関する申し立てを記録してきた。強制的な臓器摘出に関する申し立ては、国連特別手続の通信や各国政府・関係団体の資料にも別個に記録されている。公開された政策文書、個別事例の資料、これらの申し立ては、それぞれ異なる証拠上の役割を担う。責任を明らかにするには、独立調査、医療・移植データへのアクセス、証人保護が不可欠である。	1999年7月20日、警察は複数都市で法輪功の組織者の拘禁を開始し、当局は7月22日に正式な禁止を発表した。その後、刑法第300条と拘禁制度が修煉者の訴追と統制に用いられた。人権団体は、恣意的拘禁、拷問、虐待、拘禁中の死亡に関する実名事例と申立てを記録した。国連専門家は強制的な臓器摘出の申立てをめぐり、資料提供、独立調査、医療・移植データの透明性、証人保護を求めた。これらは信仰の自由、拷問を受けない権利、実効的な法的救済に関わる。	YES	PASS_CHANGED_AUTHORIZED
reread:batch10	43	falun-gong-persecution	target	excerpt_ko	1999년 정부가 파룬궁을 금지한 뒤 인권단체와 수련자 자료는 대규모 구금, 고문 및 그 밖의 가혹행위 의혹을 기록했다. 강제 장기 적출 의혹은 유엔 특별절차의 서한과 각국 정부 및 관련 단체의 자료에도 별도로 기록돼 있다. 공개 정책 문서, 개별 사례 자료와 이러한 의혹은 서로 다른 증거 역할을 하며, 책임을 규명하려면 독립 조사, 의료·이식 자료에 대한 접근과 증인 보호가 필수적이다.	1999년 7월 20일 경찰은 여러 도시에서 파룬궁 조직자 구금을 시작했고, 당국은 7월 22일 공식 금지를 발표했다. 이후 형법 제300조와 구금 체계가 수련자 기소와 통제에 활용됐다. 인권단체는 자의적 구금·고문·가혹행위·구금 중 사망에 관한 실명 사례와 의혹을 기록했다. 유엔 전문가들은 강제 장기 적출 의혹과 관련해 자료 제공, 독립 조사, 의료·이식 데이터의 투명성, 증인 보호를 요구했다. 이는 신앙의 자유, 고문받지 않을 권리와 실효적 법적 구제에 관한 문제다.	YES	PASS_CHANGED_AUTHORIZED
reread:batch10	43	falun-gong-persecution	target	excerpt_es	Tras la prohibición de Falun Gong en 1999, organizaciones de derechos humanos y materiales de practicantes registraron denuncias de detenciones masivas, tortura y otros malos tratos. Las denuncias de extracción forzada de órganos aparecen consignadas por separado en comunicaciones de los procedimientos especiales de la ONU y en materiales de gobiernos y organizaciones pertinentes. Los documentos públicos de política, los materiales de casos y esas denuncias cumplen funciones probatorias distintas; para determinar responsabilidades siguen siendo indispensables una investigación independiente, el acceso a datos médicos y de trasplantes y la protección de testigos.	El 20 de julio de 1999, la policía comenzó a detener a organizadores de Falun Gong en varias ciudades; el 22 de julio, las autoridades anunciaron formalmente la prohibición. Después, el artículo 300 del Código Penal y los sistemas de detención se utilizaron para procesar y controlar a practicantes. Organizaciones de derechos humanos documentaron casos identificados y alegaciones de detención arbitraria, tortura, malos tratos y muertes bajo custodia. Ante las alegaciones de extracción forzada de órganos, expertos de la ONU solicitaron información, una investigación independiente, transparencia de los datos médicos y de trasplantes y protección de testigos, medidas relacionadas con la libertad de creencia, la prohibición de la tortura y un recurso jurídico efectivo.	YES	PASS_CHANGED_AUTHORIZED
reread:batch10	43	falun-gong-persecution	target	excerpt_de	Nach dem Verbot von Falun Gong im Jahr 1999 dokumentierten Menschenrechtsorganisationen und Unterlagen von Praktizierenden Vorwürfe massenhafter Inhaftierungen, Folter und anderer Misshandlungen. Vorwürfe erzwungener Organentnahmen wurden gesondert in Mitteilungen der UN-Sonderverfahren sowie in Unterlagen von Regierungen und einschlägigen Organisationen festgehalten. Öffentliche Politikdokumente, Fallmaterialien und diese Vorwürfe erfüllen unterschiedliche Beweisfunktionen; zur Klärung der Verantwortung bleiben unabhängige Ermittlungen, Zugang zu medizinischen und Transplantationsdaten und Zeugenschutz unerlässlich.	Am 20. Juli 1999 begann die Polizei in mehreren Städten, Organisatoren von Falun Gong festzunehmen; am 22. Juli gaben die Behörden das Verbot formell bekannt. Danach wurden Artikel 300 des Strafgesetzbuchs und Haftsysteme zur Verfolgung und Kontrolle von Praktizierenden eingesetzt. Menschenrechtsorganisationen dokumentierten namentlich bezeichnete Fälle und Vorwürfe über willkürliche Haft, Folter, Misshandlungen und Todesfälle in Gewahrsam. Zu den Vorwürfen erzwungener Organentnahme verlangten UN-Fachleute Unterlagen, eine unabhängige Untersuchung, Transparenz bei Medizin- und Transplantationsdaten sowie Zeugenschutz – Forderungen, die Glaubensfreiheit, Schutz vor Folter und wirksamen Rechtsschutz betreffen.	YES	PASS_CHANGED_AUTHORIZED
reread:batch10	43	falun-gong-persecution	target	excerpt_fr	Après l’interdiction du Falun Gong en 1999, des organisations de défense des droits humains et des documents provenant de pratiquants ont consigné des allégations de détentions massives, de torture et d’autres mauvais traitements. Des allégations de prélèvements forcés d’organes ont été consignées séparément dans des communications des procédures spéciales de l’ONU ainsi que dans des documents émanant de gouvernements et d’organisations concernées. Les documents publics de politique, les dossiers de cas et ces allégations remplissent des fonctions probatoires distinctes ; établir les responsabilités exige toujours une enquête indépendante, l’accès aux données médicales et de transplantation et la protection des témoins.	Le 20 juillet 1999, la police a commencé à arrêter des organisateurs du Falun Gong dans plusieurs villes ; le 22 juillet, les autorités ont annoncé officiellement l’interdiction. L’article 300 du Code pénal et les systèmes de détention ont ensuite servi à poursuivre et contrôler les pratiquants. Des organisations de défense des droits humains ont documenté des cas nominatifs et des allégations de détention arbitraire, de torture, de mauvais traitements et de décès en détention. Face aux allégations de prélèvements forcés d’organes, des experts de l’ONU ont demandé des informations, une enquête indépendante, la transparence des données médicales et de transplantation et la protection des témoins, au titre de la liberté de croyance, de l’interdiction de la torture et du droit à un recours effectif.	YES	PASS_CHANGED_AUTHORIZED
reread:batch10	43	falun-gong-persecution	target	excerpt_no	Etter at myndighetene forbød Falun Gong i 1999, dokumenterte menneskerettighetsorganisasjoner og materiale fra utøvere påstander om masseinternering, tortur og annen mishandling. Påstander om tvungen organhøsting er særskilt registrert i kommunikasjon fra FNs spesialprosedyrer og i materiale fra myndigheter og relevante organisasjoner. Offentlige styringsdokumenter, saksdokumenter og disse påstandene har ulike bevisfunksjoner; uavhengig etterforskning, tilgang til medisinske data og transplantasjonsdata og vern av vitner er fortsatt avgjørende for å fastslå ansvar.	20. juli 1999 begynte politiet å pågripe Falun Gong-organisatorer i flere byer; 22. juli kunngjorde myndighetene det formelle forbudet. Deretter ble straffelovens artikkel 300 og interneringssystemer brukt til å straffeforfølge og kontrollere utøvere. Menneskerettighetsorganisasjoner dokumenterte navngitte saker og påstander om vilkårlig frihetsberøvelse, tortur, mishandling og dødsfall i varetekt. I forbindelse med påstander om tvungen organhøsting ba FN-eksperter om opplysninger, uavhengig gransking, åpenhet om medisinske data og transplantasjonsdata og vitnevern – krav som gjelder trosfrihet, vern mot tortur og effektive rettsmidler.	YES	PASS_CHANGED_AUTHORIZED
reread:batch10	43	falun-gong-persecution	target	excerpt_nl	Nadat de overheid Falun Gong in 1999 verbood, legden mensenrechtenorganisaties en materiaal van beoefenaars beschuldigingen van grootschalige detentie, marteling en andere mishandeling vast. Beschuldigingen van gedwongen orgaanroof zijn afzonderlijk vastgelegd in mededelingen van speciale VN-procedures en in materiaal van overheden en betrokken organisaties. Openbare beleidsdocumenten, stukken over individuele zaken en deze beschuldigingen vervullen verschillende bewijsfuncties; onafhankelijk onderzoek, toegang tot medische en transplantatiegegevens en bescherming van getuigen blijven onmisbaar om verantwoordelijkheid vast te stellen.	Op 20 juli 1999 begon de politie in meerdere steden organisatoren van Falun Gong aan te houden; op 22 juli kondigden de autoriteiten het verbod formeel af. Daarna werden artikel 300 van het Wetboek van Strafrecht en detentiesystemen gebruikt om beoefenaars te vervolgen en te controleren. Mensenrechtenorganisaties documenteerden zaken met geïdentificeerde personen en beschuldigingen van willekeurige detentie, marteling, mishandeling en sterfgevallen in detentie. Naar aanleiding van beschuldigingen van gedwongen orgaanverwijdering vroegen VN-deskundigen om gegevens, onafhankelijk onderzoek, transparantie over medische en transplantatiegegevens en getuigenbescherming, in verband met vrijheid van geloof, het verbod op marteling en een doeltreffend rechtsmiddel.	YES	PASS_CHANGED_AUTHORIZED
reread:batch10	43	falun-gong-persecution	target	excerpt_it	Dopo che il governo ha messo al bando il Falun Gong nel 1999, organizzazioni per i diritti umani e materiali dei praticanti hanno documentato accuse di detenzioni di massa, tortura e altri maltrattamenti. Le accuse di prelievo forzato di organi sono state registrate separatamente nelle comunicazioni delle procedure speciali dell’ONU e nei materiali di governi e organizzazioni pertinenti. I documenti pubblici sulle politiche, i materiali relativi ai singoli casi e tali accuse svolgono funzioni probatorie diverse; indagini indipendenti, accesso ai dati medici e sui trapianti e protezione dei testimoni restano indispensabili per accertare le responsabilità.	Il 20 luglio 1999 la polizia iniziò ad arrestare organizzatori del Falun Gong in diverse città; il 22 luglio le autorità annunciarono formalmente il divieto. In seguito l’articolo 300 del codice penale e i sistemi di detenzione furono usati per perseguire e controllare i praticanti. Organizzazioni per i diritti umani documentarono casi nominativi e accuse di detenzione arbitraria, tortura, maltrattamenti e morti in custodia. Riguardo alle accuse di prelievo forzato di organi, esperti dell’ONU chiesero informazioni, un’indagine indipendente, trasparenza dei dati medici e sui trapianti e protezione dei testimoni, richieste legate alla libertà di credo, al divieto di tortura e a un ricorso effettivo.	YES	PASS_CHANGED_AUTHORIZED
reread:batch10	43	falun-gong-persecution	target	date	1999-07-22	1999-07-22	NO	PASS_UNCHANGED
reread:batch10	43	falun-gong-persecution	target	url	posts/falun-gong-persecution.html	posts/falun-gong-persecution.html	NO	PASS_UNCHANGED
reread:batch10	44	transnational-repression	non-target	slug	transnational-repression	transnational-repression	NO	PASS_UNCHANGED
reread:batch10	44	transnational-repression	non-target	title_zh	跨境鎮壓：家屬壓力、海外代理與東道國保護	跨境鎮壓：家屬壓力、海外代理與東道國保護	NO	PASS_UNCHANGED
reread:batch10	44	transnational-repression	non-target	title_en	Transnational Repression: Family Pressure, Overseas Proxies, and Host-State Protection	Transnational Repression: Family Pressure, Overseas Proxies, and Host-State Protection	NO	PASS_UNCHANGED
reread:batch10	44	transnational-repression	non-target	title_ja	越境弾圧：家族への圧力、海外代理人、滞在国の保護	越境弾圧：家族への圧力、海外代理人、滞在国の保護	NO	PASS_UNCHANGED
reread:batch10	44	transnational-repression	non-target	title_ko	초국경 탄압: 가족 압박, 해외 대리인과 체류국의 보호	초국경 탄압: 가족 압박, 해외 대리인과 체류국의 보호	NO	PASS_UNCHANGED
reread:batch10	44	transnational-repression	non-target	title_es	Represión transnacional: presión familiar, agentes en el extranjero y protección del Estado de acogida	Represión transnacional: presión familiar, agentes en el extranjero y protección del Estado de acogida	NO	PASS_UNCHANGED
reread:batch10	44	transnational-repression	non-target	title_de	Transnationale Repression: Familiendruck, Auslandsagenten und Schutz des Aufnahmestaats	Transnationale Repression: Familiendruck, Auslandsagenten und Schutz des Aufnahmestaats	NO	PASS_UNCHANGED
reread:batch10	44	transnational-repression	non-target	title_fr	Répression transnationale : pression familiale, relais à l’étranger et protection de l’État d’accueil	Répression transnationale : pression familiale, relais à l’étranger et protection de l’État d’accueil	NO	PASS_UNCHANGED
reread:batch10	44	transnational-repression	non-target	title_no	Transnasjonal undertrykkelse: familiepress, utenlandske agenter og vertsstatens beskyttelse	Transnasjonal undertrykkelse: familiepress, utenlandske agenter og vertsstatens beskyttelse	NO	PASS_UNCHANGED
reread:batch10	44	transnational-repression	non-target	title_nl	Transnationale repressie: familiedruk, buitenlandse agenten en bescherming door het gastland	Transnationale repressie: familiedruk, buitenlandse agenten en bescherming door het gastland	NO	PASS_UNCHANGED
reread:batch10	44	transnational-repression	non-target	title_it	Repressione transnazionale: pressioni sui familiari, agenti all’estero e protezione dello Stato ospitante	Repressione transnazionale: pressioni sui familiari, agenti all’estero e protezione dello Stato ospitante	NO	PASS_UNCHANGED
reread:batch10	44	transnational-repression	non-target	excerpt_zh	本專題記錄家屬施壓、護照限制、遣返風險、海外代理人、網絡騷擾和域外國安措施，並審查東道國警方、法院、移民機關與平台能否提供調查、司法保護和有效救濟。	本專題記錄家屬施壓、護照限制、遣返風險、海外代理人、網絡騷擾和域外國安措施，並審查東道國警方、法院、移民機關與平台能否提供調查、司法保護和有效救濟。	NO	PASS_UNCHANGED
reread:batch10	44	transnational-repression	non-target	excerpt_en	This file documents pressure on relatives, passport restrictions, refoulement risk, overseas proxies, online harassment, and extraterritorial security measures, and examines whether host-state police, courts, immigration bodies, and platforms provide investigation, judicial protection, and effective remedy.	This file documents pressure on relatives, passport restrictions, refoulement risk, overseas proxies, online harassment, and extraterritorial security measures, and examines whether host-state police, courts, immigration bodies, and platforms provide investigation, judicial protection, and effective remedy.	NO	PASS_UNCHANGED
reread:batch10	44	transnational-repression	non-target	excerpt_ja	家族への圧力、旅券制限、送還の危険、海外代理人、ネット上の嫌がらせ、域外的な国家安全措置を記録し、滞在国の警察・裁判所・入管機関・プラットフォームが捜査、司法的保護、実効的救済を提供できるかを検討する。	家族への圧力、旅券制限、送還の危険、海外代理人、ネット上の嫌がらせ、域外的な国家安全措置を記録し、滞在国の警察・裁判所・入管機関・プラットフォームが捜査、司法的保護、実効的救済を提供できるかを検討する。	NO	PASS_UNCHANGED
reread:batch10	44	transnational-repression	non-target	excerpt_ko	가족 압박, 여권 제한, 강제송환 위험, 해외 대리인, 온라인 괴롭힘과 역외 국가안보 조치를 기록하고 체류국 경찰·법원·이민기관·플랫폼이 수사, 사법적 보호와 실효적 구제를 제공하는지 살핀다.	가족 압박, 여권 제한, 강제송환 위험, 해외 대리인, 온라인 괴롭힘과 역외 국가안보 조치를 기록하고 체류국 경찰·법원·이민기관·플랫폼이 수사, 사법적 보호와 실효적 구제를 제공하는지 살핀다.	NO	PASS_UNCHANGED
reread:batch10	44	transnational-repression	non-target	excerpt_es	El archivo documenta presión sobre familiares, restricciones de pasaporte, riesgo de devolución, agentes en el extranjero, acoso digital y medidas extraterritoriales, y examina la investigación, protección judicial y recurso ofrecidos por policía, tribunales, inmigración y plataformas del Estado de acogida.	El archivo documenta presión sobre familiares, restricciones de pasaporte, riesgo de devolución, agentes en el extranjero, acoso digital y medidas extraterritoriales, y examina la investigación, protección judicial y recurso ofrecidos por policía, tribunales, inmigración y plataformas del Estado de acogida.	NO	PASS_UNCHANGED
reread:batch10	44	transnational-repression	non-target	excerpt_de	Die Akte dokumentiert Druck auf Angehörige, Passbeschränkungen, Abschiebungsrisiken, Auslandsagenten, Online-Belästigung und extraterritoriale Sicherheitsmaßnahmen und prüft Ermittlungen, gerichtlichen Schutz und wirksame Rechtsbehelfe durch Polizei, Gerichte, Einwanderungsbehörden und Plattformen des Aufnahmestaats.	Die Akte dokumentiert Druck auf Angehörige, Passbeschränkungen, Abschiebungsrisiken, Auslandsagenten, Online-Belästigung und extraterritoriale Sicherheitsmaßnahmen und prüft Ermittlungen, gerichtlichen Schutz und wirksame Rechtsbehelfe durch Polizei, Gerichte, Einwanderungsbehörden und Plattformen des Aufnahmestaats.	NO	PASS_UNCHANGED
reread:batch10	44	transnational-repression	non-target	excerpt_fr	Le dossier documente pressions sur les proches, restrictions de passeport, risque de refoulement, relais à l’étranger, harcèlement numérique et mesures extraterritoriales, puis examine l’enquête, la protection judiciaire et les recours fournis par la police, les tribunaux, l’immigration et les plateformes du pays d’accueil.	Le dossier documente pressions sur les proches, restrictions de passeport, risque de refoulement, relais à l’étranger, harcèlement numérique et mesures extraterritoriales, puis examine l’enquête, la protection judiciaire et les recours fournis par la police, les tribunaux, l’immigration et les plateformes du pays d’accueil.	NO	PASS_UNCHANGED
reread:batch10	44	transnational-repression	non-target	excerpt_no	Dokumentasjonen omfatter press mot familie, passrestriksjoner, utsendelsesrisiko, utenlandske agenter, netthets og ekstraterritoriale sikkerhetstiltak, og vurderer etterforskning, rettslig beskyttelse og effektive rettsmidler fra vertsstatens politi, domstoler, utlendingsmyndigheter og plattformer.	Dokumentasjonen omfatter press mot familie, passrestriksjoner, utsendelsesrisiko, utenlandske agenter, netthets og ekstraterritoriale sikkerhetstiltak, og vurderer etterforskning, rettslig beskyttelse og effektive rettsmidler fra vertsstatens politi, domstoler, utlendingsmyndigheter og plattformer.	NO	PASS_UNCHANGED
reread:batch10	44	transnational-repression	non-target	excerpt_nl	Het dossier documenteert druk op familie, paspoortbeperkingen, risico op terugzending, buitenlandse agenten, online intimidatie en extraterritoriale maatregelen, en onderzoekt onderzoek, rechtsbescherming en effectieve rechtsmiddelen door politie, rechtbanken, immigratiediensten en platforms in het gastland.	Het dossier documenteert druk op familie, paspoortbeperkingen, risico op terugzending, buitenlandse agenten, online intimidatie en extraterritoriale maatregelen, en onderzoekt onderzoek, rechtsbescherming en effectieve rechtsmiddelen door politie, rechtbanken, immigratiediensten en platforms in het gastland.	NO	PASS_UNCHANGED
reread:batch10	44	transnational-repression	non-target	excerpt_it	Il dossier documenta pressioni sui familiari, restrizioni dei passaporti, rischio di respingimento, agenti all’estero, molestie online e misure extraterritoriali, ed esamina indagini, protezione giudiziaria e rimedi effettivi offerti da polizia, tribunali, autorità migratorie e piattaforme del paese ospitante.	Il dossier documenta pressioni sui familiari, restrizioni dei passaporti, rischio di respingimento, agenti all’estero, molestie online e misure extraterritoriali, ed esamina indagini, protezione giudiziaria e rimedi effettivi offerti da polizia, tribunali, autorità migratorie e piattaforme del paese ospitante.	NO	PASS_UNCHANGED
reread:batch10	44	transnational-repression	non-target	date	2021-02-04	2021-02-04	NO	PASS_UNCHANGED
reread:batch10	44	transnational-repression	non-target	url	posts/transnational-repression.html	posts/transnational-repression.html	NO	PASS_UNCHANGED
reread:batch10	45	hu-xinyu-disappearance	non-target	slug	hu-xinyu-disappearance	hu-xinyu-disappearance	NO	PASS_UNCHANGED
reread:batch10	45	hu-xinyu-disappearance	non-target	title_zh	胡鑫宇失蹤、搜索失誤與調查透明度	胡鑫宇失蹤、搜索失誤與調查透明度	NO	PASS_UNCHANGED
reread:batch10	45	hu-xinyu-disappearance	non-target	title_en	Hu Xinyu: Disappearance, Search Failures, and Investigative Transparency	Hu Xinyu: Disappearance, Search Failures, and Investigative Transparency	NO	PASS_UNCHANGED
reread:batch10	45	hu-xinyu-disappearance	non-target	title_ja	胡鑫宇氏の失踪、捜索の不備と調査の透明性	胡鑫宇氏の失踪、捜索の不備と調査の透明性	NO	PASS_UNCHANGED
reread:batch10	45	hu-xinyu-disappearance	non-target	title_ko	후신위 실종, 수색 실패와 조사 투명성	후신위 실종, 수색 실패와 조사 투명성	NO	PASS_UNCHANGED
reread:batch10	45	hu-xinyu-disappearance	non-target	title_es	Hu Xinyu: desaparición, fallos de búsqueda y transparencia de la investigación	Hu Xinyu: desaparición, fallos de búsqueda y transparencia de la investigación	NO	PASS_UNCHANGED
reread:batch10	45	hu-xinyu-disappearance	non-target	title_de	Hu Xinyu: Verschwinden, Suchversagen und Transparenz der Ermittlungen	Hu Xinyu: Verschwinden, Suchversagen und Transparenz der Ermittlungen	NO	PASS_UNCHANGED
reread:batch10	45	hu-xinyu-disappearance	non-target	title_fr	Hu Xinyu : disparition, défaillances des recherches et transparence de l’enquête	Hu Xinyu : disparition, défaillances des recherches et transparence de l’enquête	NO	PASS_UNCHANGED
reread:batch10	45	hu-xinyu-disappearance	non-target	title_no	Hu Xinyu: forsvinning, søkesvikt og åpenhet i etterforskningen	Hu Xinyu: forsvinning, søkesvikt og åpenhet i etterforskningen	NO	PASS_UNCHANGED
reread:batch10	45	hu-xinyu-disappearance	non-target	title_nl	Hu Xinyu: verdwijning, falende zoekacties en transparantie van het onderzoek	Hu Xinyu: verdwijning, falende zoekacties en transparantie van het onderzoek	NO	PASS_UNCHANGED
reread:batch10	45	hu-xinyu-disappearance	non-target	title_it	Hu Xinyu: scomparsa, carenze nelle ricerche e trasparenza dell’indagine	Hu Xinyu: scomparsa, carenze nelle ricerche e trasparenza dell’indagine	NO	PASS_UNCHANGED
reread:batch10	45	hu-xinyu-disappearance	non-target	excerpt_zh	15歲胡鑫宇失蹤106天後，在距宿舍直線226米、步行約400米的糧庫林地被發現。官方認定自縊、稱器官完整並承認搜索不足；完整屍檢附件、錄音原檔和搜索記錄仍未公開，刪帖與封號又加重家屬和公眾求真的壓力。	15歲胡鑫宇失蹤106天後，在距宿舍直線226米、步行約400米的糧庫林地被發現。官方認定自縊、稱器官完整並承認搜索不足；完整屍檢附件、錄音原檔和搜索記錄仍未公開，刪帖與封號又加重家屬和公眾求真的壓力。	NO	PASS_UNCHANGED
reread:batch10	45	hu-xinyu-disappearance	non-target	excerpt_en	Hu Xinyu, 15, was found after 106 days in depot woodland 226 metres straight-line, about a 400-metre walk, from his dormitory. Authorities ruled suicide, said his organs were intact, and admitted search failures; full autopsy annexes, original recorder files, and search logs remain unpublished, while deletions and account sanctions intensify pressure on the family and public seeking answers.	Hu Xinyu, 15, was found after 106 days in depot woodland 226 metres straight-line, about a 400-metre walk, from his dormitory. Authorities ruled suicide, said his organs were intact, and admitted search failures; full autopsy annexes, original recorder files, and search logs remain unpublished, while deletions and account sanctions intensify pressure on the family and public seeking answers.	NO	PASS_UNCHANGED
reread:batch10	45	hu-xinyu-disappearance	non-target	excerpt_ja	15歳の胡鑫宇氏は失踪から106日後、寮から直線226メートル、徒歩約400メートルの穀物庫の林で発見された。当局は自殺と判断し、臓器は完全だったと述べ、捜索の不備を認めた。解剖の全付属資料、録音機の原ファイル、捜索記録はなお公開されず、投稿削除とアカウント処分が真相を求める家族と市民への圧力を強めている。	15歳の胡鑫宇氏は失踪から106日後、寮から直線226メートル、徒歩約400メートルの穀物庫の林で発見された。当局は自殺と判断し、臓器は完全だったと述べ、捜索の不備を認めた。解剖の全付属資料、録音機の原ファイル、捜索記録はなお公開されず、投稿削除とアカウント処分が真相を求める家族と市民への圧力を強めている。	NO	PASS_UNCHANGED
reread:batch10	45	hu-xinyu-disappearance	non-target	excerpt_ko	15세 후신위는 실종 106일 뒤 기숙사에서 직선 226미터, 도보 약 400미터 떨어진 곡물창고 숲에서 발견됐다. 당국은 자살로 결론 내리고 장기가 온전했다고 밝히며 수색 미흡을 인정했다. 그러나 부검 전체 첨부자료, 녹음기 원본 파일, 수색 기록은 공개되지 않았고 게시물 삭제와 계정 제재는 답을 요구하는 가족과 시민의 압박을 키웠다.	15세 후신위는 실종 106일 뒤 기숙사에서 직선 226미터, 도보 약 400미터 떨어진 곡물창고 숲에서 발견됐다. 당국은 자살로 결론 내리고 장기가 온전했다고 밝히며 수색 미흡을 인정했다. 그러나 부검 전체 첨부자료, 녹음기 원본 파일, 수색 기록은 공개되지 않았고 게시물 삭제와 계정 제재는 답을 요구하는 가족과 시민의 압박을 키웠다.	NO	PASS_UNCHANGED
reread:batch10	45	hu-xinyu-disappearance	non-target	excerpt_es	Hu Xinyu, de 15 años, fue hallado tras 106 días en un bosque del depósito de grano, a 226 metros en línea recta y unos 400 a pie de su dormitorio. Las autoridades declararon suicidio, dijeron que sus órganos estaban intactos y admitieron fallos de búsqueda; siguen sin publicarse los anexos completos de la autopsia, los archivos originales de la grabadora y los registros de búsqueda, mientras la censura aumenta la presión sobre la familia y el público que exigen respuestas.	Hu Xinyu, de 15 años, fue hallado tras 106 días en un bosque del depósito de grano, a 226 metros en línea recta y unos 400 a pie de su dormitorio. Las autoridades declararon suicidio, dijeron que sus órganos estaban intactos y admitieron fallos de búsqueda; siguen sin publicarse los anexos completos de la autopsia, los archivos originales de la grabadora y los registros de búsqueda, mientras la censura aumenta la presión sobre la familia y el público que exigen respuestas.	NO	PASS_UNCHANGED
reread:batch10	45	hu-xinyu-disappearance	non-target	excerpt_de	Der 15-jährige Hu Xinyu wurde nach 106 Tagen in einem Waldstück des Getreidedepots gefunden, 226 Meter Luftlinie und etwa 400 Meter Fußweg vom Wohnheim entfernt. Die Behörden werteten den Tod als Suizid, erklärten seine Organe für vollständig und räumten Suchmängel ein; vollständige Obduktionsanhänge, Originaldateien des Rekorders und Suchprotokolle bleiben unveröffentlicht, während Löschungen und Kontosperren den Druck auf Familie und Öffentlichkeit erhöhen.	Der 15-jährige Hu Xinyu wurde nach 106 Tagen in einem Waldstück des Getreidedepots gefunden, 226 Meter Luftlinie und etwa 400 Meter Fußweg vom Wohnheim entfernt. Die Behörden werteten den Tod als Suizid, erklärten seine Organe für vollständig und räumten Suchmängel ein; vollständige Obduktionsanhänge, Originaldateien des Rekorders und Suchprotokolle bleiben unveröffentlicht, während Löschungen und Kontosperren den Druck auf Familie und Öffentlichkeit erhöhen.	NO	PASS_UNCHANGED
reread:batch10	45	hu-xinyu-disappearance	non-target	excerpt_fr	Hu Xinyu, 15 ans, a été retrouvé après 106 jours dans le bois d’un dépôt de céréales, à 226 mètres à vol d’oiseau et environ 400 mètres à pied de son dortoir. Les autorités ont conclu au suicide, déclaré ses organes intacts et admis des lacunes dans les recherches ; les annexes complètes de l’autopsie, les fichiers originaux de l’enregistreur et les journaux de recherche restent inédits, tandis que suppressions et sanctions accentuent la pression sur la famille et le public qui demandent des réponses.	Hu Xinyu, 15 ans, a été retrouvé après 106 jours dans le bois d’un dépôt de céréales, à 226 mètres à vol d’oiseau et environ 400 mètres à pied de son dortoir. Les autorités ont conclu au suicide, déclaré ses organes intacts et admis des lacunes dans les recherches ; les annexes complètes de l’autopsie, les fichiers originaux de l’enregistreur et les journaux de recherche restent inédits, tandis que suppressions et sanctions accentuent la pression sur la famille et le public qui demandent des réponses.	NO	PASS_UNCHANGED
reread:batch10	45	hu-xinyu-disappearance	non-target	excerpt_no	15 år gamle Hu Xinyu ble funnet etter 106 dager i skogen ved et korndepot, 226 meter i luftlinje og rundt 400 meter til fots fra internatet. Myndighetene konkluderte med selvmord, sa at organene var intakte og erkjente søkesvikt; fullstendige obduksjonsvedlegg, opptakerens originalfiler og søkelogger er fortsatt ikke offentliggjort, mens sletting og kontosanksjoner øker presset på familien og publikum som krever svar.	15 år gamle Hu Xinyu ble funnet etter 106 dager i skogen ved et korndepot, 226 meter i luftlinje og rundt 400 meter til fots fra internatet. Myndighetene konkluderte med selvmord, sa at organene var intakte og erkjente søkesvikt; fullstendige obduksjonsvedlegg, opptakerens originalfiler og søkelogger er fortsatt ikke offentliggjort, mens sletting og kontosanksjoner øker presset på familien og publikum som krever svar.	NO	PASS_UNCHANGED
reread:batch10	45	hu-xinyu-disappearance	non-target	excerpt_nl	De 15-jarige Hu Xinyu werd na 106 dagen gevonden in bos bij een graandepot, 226 meter hemelsbreed en ongeveer 400 meter lopen van zijn slaapzaal. De autoriteiten concludeerden zelfdoding, zeiden dat zijn organen intact waren en erkenden zoekfouten; volledige autopsiebijlagen, originele recorderbestanden en zoeklogboeken blijven ongepubliceerd, terwijl verwijderingen en accountsancties de druk op familie en publiek die antwoorden vragen vergroten.	De 15-jarige Hu Xinyu werd na 106 dagen gevonden in bos bij een graandepot, 226 meter hemelsbreed en ongeveer 400 meter lopen van zijn slaapzaal. De autoriteiten concludeerden zelfdoding, zeiden dat zijn organen intact waren en erkenden zoekfouten; volledige autopsiebijlagen, originele recorderbestanden en zoeklogboeken blijven ongepubliceerd, terwijl verwijderingen en accountsancties de druk op familie en publiek die antwoorden vragen vergroten.	NO	PASS_UNCHANGED
reread:batch10	45	hu-xinyu-disappearance	non-target	excerpt_it	Hu Xinyu, 15 anni, è stato trovato dopo 106 giorni nel bosco di un deposito di cereali, a 226 metri in linea d’aria e circa 400 a piedi dal dormitorio. Le autorità hanno concluso per il suicidio, dichiarato integri gli organi e ammesso carenze nelle ricerche; gli allegati completi dell’autopsia, i file originali del registratore e i registri delle ricerche restano inediti, mentre rimozioni e sanzioni agli account aumentano la pressione sulla famiglia e sul pubblico che chiedono risposte.	Hu Xinyu, 15 anni, è stato trovato dopo 106 giorni nel bosco di un deposito di cereali, a 226 metri in linea d’aria e circa 400 a piedi dal dormitorio. Le autorità hanno concluso per il suicidio, dichiarato integri gli organi e ammesso carenze nelle ricerche; gli allegati completi dell’autopsia, i file originali del registratore e i registri delle ricerche restano inediti, mentre rimozioni e sanzioni agli account aumentano la pressione sulla famiglia e sul pubblico che chiedono risposte.	NO	PASS_UNCHANGED
reread:batch10	45	hu-xinyu-disappearance	non-target	date	2026-07-14	2026-07-14	NO	PASS_UNCHANGED
reread:batch10	45	hu-xinyu-disappearance	non-target	url	posts/hu-xinyu-disappearance.html	posts/hu-xinyu-disappearance.html	NO	PASS_UNCHANGED
reread:batch10	46	ningbo-xiaoluoxi-medical-case	non-target	slug	ningbo-xiaoluoxi-medical-case	ningbo-xiaoluoxi-medical-case	NO	PASS_UNCHANGED
reread:batch10	46	ningbo-xiaoluoxi-medical-case	non-target	title_zh	寧波“小洛熙”醫療事故：嬰兒死亡、醫療事故認定與家屬維權	寧波“小洛熙”醫療事故：嬰兒死亡、醫療事故認定與家屬維權	NO	PASS_UNCHANGED
reread:batch10	46	ningbo-xiaoluoxi-medical-case	non-target	title_en	Ningbo “Xiao Luoxi” Medical Case: Infant Death, Medical-Accident Determination, and Family Advocacy	Ningbo “Xiao Luoxi” Medical Case: Infant Death, Medical-Accident Determination, and Family Advocacy	NO	PASS_UNCHANGED
reread:batch10	46	ningbo-xiaoluoxi-medical-case	non-target	title_ja	寧波「小洛熙」医療事故：乳児の死亡、医療事故認定と家族の権利擁護	寧波「小洛熙」医療事故：乳児の死亡、医療事故認定と家族の権利擁護	NO	PASS_UNCHANGED
reread:batch10	46	ningbo-xiaoluoxi-medical-case	non-target	title_ko	닝보 ‘샤오뤄시’ 의료사고: 영아 사망, 의료사고 인정과 가족의 권리 옹호	닝보 ‘샤오뤄시’ 의료사고: 영아 사망, 의료사고 인정과 가족의 권리 옹호	NO	PASS_UNCHANGED
reread:batch10	46	ningbo-xiaoluoxi-medical-case	non-target	title_es	Caso médico de «Xiao Luoxi» en Ningbo: muerte de una bebé, determinación de accidente médico y reclamación familiar	Caso médico de «Xiao Luoxi» en Ningbo: muerte de una bebé, determinación de accidente médico y reclamación familiar	NO	PASS_UNCHANGED
reread:batch10	46	ningbo-xiaoluoxi-medical-case	non-target	title_de	Medizinischer Fall „Xiao Luoxi“ in Ningbo: Tod eines Säuglings, Feststellung eines medizinischen Unfalls und Familienforderung	Medizinischer Fall „Xiao Luoxi“ in Ningbo: Tod eines Säuglings, Feststellung eines medizinischen Unfalls und Familienforderung	NO	PASS_UNCHANGED
reread:batch10	46	ningbo-xiaoluoxi-medical-case	non-target	title_fr	Affaire médicale « Xiao Luoxi » à Ningbo : décès d’un nourrisson, reconnaissance d’un accident médical et action de la famille	Affaire médicale « Xiao Luoxi » à Ningbo : décès d’un nourrisson, reconnaissance d’un accident médical et action de la famille	NO	PASS_UNCHANGED
reread:batch10	46	ningbo-xiaoluoxi-medical-case	non-target	title_no	Den medisinske saken «Xiao Luoxi» i Ningbo: spedbarnsdød, fastsettelse av medisinsk ulykke og familiens rettighetsarbeid	Den medisinske saken «Xiao Luoxi» i Ningbo: spedbarnsdød, fastsettelse av medisinsk ulykke og familiens rettighetsarbeid	NO	PASS_UNCHANGED
reread:batch10	46	ningbo-xiaoluoxi-medical-case	non-target	title_nl	De medische zaak «Xiao Luoxi» in Ningbo: overlijden van een baby, vaststelling van een medisch ongeval en belangenbehartiging door de familie	De medische zaak «Xiao Luoxi» in Ningbo: overlijden van een baby, vaststelling van een medisch ongeval en belangenbehartiging door de familie	NO	PASS_UNCHANGED
reread:batch10	46	ningbo-xiaoluoxi-medical-case	non-target	title_it	Il caso medico «Xiao Luoxi» a Ningbo: morte di una neonata, accertamento di incidente medico e iniziativa della famiglia	Il caso medico «Xiao Luoxi» a Ningbo: morte di una neonata, accertamento di incidente medico e iniziativa della famiglia	NO	PASS_UNCHANGED
reread:batch10	46	ningbo-xiaoluoxi-medical-case	non-target	excerpt_zh	家屬視頻、聲援者現場記錄與海外報道共同保存醫療事故、維權受壓和信息封鎖的證據鏈。	家屬視頻、聲援者現場記錄與海外報道共同保存醫療事故、維權受壓和信息封鎖的證據鏈。	NO	PASS_UNCHANGED
reread:batch10	46	ningbo-xiaoluoxi-medical-case	non-target	excerpt_en	Family videos, supporters’ field records, and overseas reporting preserve the evidence chain of the medical accident, pressure on advocacy, and information control.	Family videos, supporters’ field records, and overseas reporting preserve the evidence chain of the medical accident, pressure on advocacy, and information control.	NO	PASS_UNCHANGED
reread:batch10	46	ningbo-xiaoluoxi-medical-case	non-target	excerpt_ja	家族の動画、支援者の現場記録、海外報道は、医療事故、権利擁護への圧力、情報統制の証拠連鎖を保存している。	家族の動画、支援者の現場記録、海外報道は、医療事故、権利擁護への圧力、情報統制の証拠連鎖を保存している。	NO	PASS_UNCHANGED
reread:batch10	46	ningbo-xiaoluoxi-medical-case	non-target	excerpt_ko	가족 영상, 지지자 현장 기록과 해외 보도는 의료사고, 권리 옹호 압박, 정보 통제의 증거 사슬을 보존한다.	가족 영상, 지지자 현장 기록과 해외 보도는 의료사고, 권리 옹호 압박, 정보 통제의 증거 사슬을 보존한다.	NO	PASS_UNCHANGED
reread:batch10	46	ningbo-xiaoluoxi-medical-case	non-target	excerpt_es	Los vídeos de la familia, los registros de apoyo en el lugar y la cobertura extranjera preservan la cadena de pruebas del accidente médico, la presión sobre la reclamación y el control de la información.	Los vídeos de la familia, los registros de apoyo en el lugar y la cobertura extranjera preservan la cadena de pruebas del accidente médico, la presión sobre la reclamación y el control de la información.	NO	PASS_UNCHANGED
reread:batch10	46	ningbo-xiaoluoxi-medical-case	non-target	excerpt_de	Familienvideos, Feldaufzeichnungen von Unterstützern und ausländische Berichte bewahren die Beweiskette zum medizinischen Unfall, zum Druck auf die Rechtearbeit und zur Informationskontrolle.	Familienvideos, Feldaufzeichnungen von Unterstützern und ausländische Berichte bewahren die Beweiskette zum medizinischen Unfall, zum Druck auf die Rechtearbeit und zur Informationskontrolle.	NO	PASS_UNCHANGED
reread:batch10	46	ningbo-xiaoluoxi-medical-case	non-target	excerpt_fr	Les vidéos de la famille, les archives de soutien sur place et les reportages étrangers préservent la chaîne de preuves de l’accident médical, des pressions sur la défense des droits et du contrôle de l’information.	Les vidéos de la famille, les archives de soutien sur place et les reportages étrangers préservent la chaîne de preuves de l’accident médical, des pressions sur la défense des droits et du contrôle de l’information.	NO	PASS_UNCHANGED
reread:batch10	46	ningbo-xiaoluoxi-medical-case	non-target	excerpt_no	Familievideoer, støttespillernes feltregistreringer og utenlandsk dekning bevarer beviskjeden om den medisinske ulykken, presset mot rettighetsarbeid og informasjonskontrollen.	Familievideoer, støttespillernes feltregistreringer og utenlandsk dekning bevarer beviskjeden om den medisinske ulykken, presset mot rettighetsarbeid og informasjonskontrollen.	NO	PASS_UNCHANGED
reread:batch10	46	ningbo-xiaoluoxi-medical-case	non-target	excerpt_nl	Familievideo’s, veldregistraties van steunverleners en buitenlandse verslaggeving bewaren de bewijsketen van het medische ongeval, druk op rechtenverdediging en informatiecontrole.	Familievideo’s, veldregistraties van steunverleners en buitenlandse verslaggeving bewaren de bewijsketen van het medische ongeval, druk op rechtenverdediging en informatiecontrole.	NO	PASS_UNCHANGED
reread:batch10	46	ningbo-xiaoluoxi-medical-case	non-target	excerpt_it	I video della famiglia, le registrazioni sul posto dei sostenitori e la copertura estera preservano la catena di prove dell’incidente medico, delle pressioni sulla rivendicazione e del controllo dell’informazione.	I video della famiglia, le registrazioni sul posto dei sostenitori e la copertura estera preservano la catena di prove dell’incidente medico, delle pressioni sulla rivendicazione e del controllo dell’informazione.	NO	PASS_UNCHANGED
reread:batch10	46	ningbo-xiaoluoxi-medical-case	non-target	date	2026-07-09	2026-07-09	NO	PASS_UNCHANGED
reread:batch10	46	ningbo-xiaoluoxi-medical-case	non-target	url	posts/ningbo-xiaoluoxi-medical-case.html	posts/ningbo-xiaoluoxi-medical-case.html	NO	PASS_UNCHANGED
reread:batch10	47	pucheng-student-death-protest	non-target	slug	pucheng-student-death-protest	pucheng-student-death-protest	NO	PASS_UNCHANGED
reread:batch10	47	pucheng-student-death-protest	non-target	title_zh	陝西蒲城職校學生死亡與後續抗議	陝西蒲城職校學生死亡與後續抗議	NO	PASS_UNCHANGED
reread:batch10	47	pucheng-student-death-protest	non-target	title_en	Shaanxi Pucheng Vocational-School Student Death and Protests	Shaanxi Pucheng Vocational-School Student Death and Protests	NO	PASS_UNCHANGED
reread:batch10	47	pucheng-student-death-protest	non-target	title_ja	陝西省蒲城県の職業学校生徒死亡と抗議	陝西省蒲城県の職業学校生徒死亡と抗議	NO	PASS_UNCHANGED
reread:batch10	47	pucheng-student-death-protest	non-target	title_ko	산시성 푸청 직업학교 학생 사망과 항의 시위	산시성 푸청 직업학교 학생 사망과 항의 시위	NO	PASS_UNCHANGED
reread:batch10	47	pucheng-student-death-protest	non-target	title_es	Muerte de un alumno de formación profesional en Pucheng, Shaanxi, y protestas posteriores	Muerte de un alumno de formación profesional en Pucheng, Shaanxi, y protestas posteriores	NO	PASS_UNCHANGED
reread:batch10	47	pucheng-student-death-protest	non-target	title_de	Tod eines Berufsschülers in Pucheng, Shaanxi, und anschließende Proteste	Tod eines Berufsschülers in Pucheng, Shaanxi, und anschließende Proteste	NO	PASS_UNCHANGED
reread:batch10	47	pucheng-student-death-protest	non-target	title_fr	Mort d’un élève d’un établissement professionnel à Pucheng, au Shaanxi, et manifestations	Mort d’un élève d’un établissement professionnel à Pucheng, au Shaanxi, et manifestations	NO	PASS_UNCHANGED
reread:batch10	47	pucheng-student-death-protest	non-target	title_no	Elevdødsfall ved yrkesskolen i Pucheng, Shaanxi, og protestene som fulgte	Elevdødsfall ved yrkesskolen i Pucheng, Shaanxi, og protestene som fulgte	NO	PASS_UNCHANGED
reread:batch10	47	pucheng-student-death-protest	non-target	title_nl	Dood van een leerling van een vakschool in Pucheng, Shaanxi, en daaropvolgende protesten	Dood van een leerling van een vakschool in Pucheng, Shaanxi, en daaropvolgende protesten	NO	PASS_UNCHANGED
reread:batch10	47	pucheng-student-death-protest	non-target	title_it	Morte di uno studente di un istituto professionale a Pucheng, nello Shaanxi, e proteste successive	Morte di uno studente di un istituto professionale a Pucheng, nello Shaanxi, e proteste successive	NO	PASS_UNCHANGED
reread:batch10	47	pucheng-student-death-protest	non-target	excerpt_zh	黨姓學生2025年1月在蒲城職教中心死亡後，家屬與居民質疑官方墜樓說法、監控缺失及查看遺體受阻；經核驗影像記錄防暴警察與要求說明的人群衝突。	黨姓學生2025年1月在蒲城職教中心死亡後，家屬與居民質疑官方墜樓說法、監控缺失及查看遺體受阻；經核驗影像記錄防暴警察與要求說明的人群衝突。	NO	PASS_UNCHANGED
reread:batch10	47	pucheng-student-death-protest	non-target	excerpt_en	After a student surnamed Dang died at Pucheng Vocational Education Center in January 2025, relatives and residents questioned the official fall account, missing surveillance, and restricted access to the body; verified video recorded riot police clashing with people seeking answers.	After a student surnamed Dang died at Pucheng Vocational Education Center in January 2025, relatives and residents questioned the official fall account, missing surveillance, and restricted access to the body; verified video recorded riot police clashing with people seeking answers.	NO	PASS_UNCHANGED
reread:batch10	47	pucheng-student-death-protest	non-target	excerpt_ja	2025年1月に蒲城県職業教育センターで党姓とされた生徒が死亡した後、家族と住民は当局の転落説明、監視映像の欠落、遺体確認の制限を疑問視した。検証済み映像は、説明を求める群衆と機動隊の衝突を記録した。	2025年1月に蒲城県職業教育センターで党姓とされた生徒が死亡した後、家族と住民は当局の転落説明、監視映像の欠落、遺体確認の制限を疑問視した。検証済み映像は、説明を求める群衆と機動隊の衝突を記録した。	NO	PASS_UNCHANGED
reread:batch10	47	pucheng-student-death-protest	non-target	excerpt_ko	2025년 1월 푸청 직업교육센터에서 당(Dang) 씨 성의 학생이 숨진 뒤 가족과 주민들은 당국의 추락 설명, 사라진 CCTV, 시신 확인 제한을 문제 삼았다. 검증된 영상은 답변을 요구하는 군중과 진압경찰의 충돌을 기록했다.	2025년 1월 푸청 직업교육센터에서 당(Dang) 씨 성의 학생이 숨진 뒤 가족과 주민들은 당국의 추락 설명, 사라진 CCTV, 시신 확인 제한을 문제 삼았다. 검증된 영상은 답변을 요구하는 군중과 진압경찰의 충돌을 기록했다.	NO	PASS_UNCHANGED
reread:batch10	47	pucheng-student-death-protest	non-target	excerpt_es	Tras la muerte de un alumno de apellido Dang en enero de 2025, familiares y vecinos cuestionaron la versión oficial de una caída, la falta de imágenes y las restricciones para ver el cuerpo; vídeos verificados mostraron choques entre antidisturbios y personas que exigían explicaciones.	Tras la muerte de un alumno de apellido Dang en enero de 2025, familiares y vecinos cuestionaron la versión oficial de una caída, la falta de imágenes y las restricciones para ver el cuerpo; vídeos verificados mostraron choques entre antidisturbios y personas que exigían explicaciones.	NO	PASS_UNCHANGED
reread:batch10	47	pucheng-student-death-protest	non-target	excerpt_de	Nach dem Tod eines Schülers namens Dang im Januar 2025 hinterfragten Angehörige und Einwohner die amtliche Sturzversion, fehlende Überwachungsaufnahmen und den beschränkten Zugang zum Leichnam; verifizierte Videos zeigten Zusammenstöße zwischen Bereitschaftspolizei und Menschen, die Aufklärung verlangten.	Nach dem Tod eines Schülers namens Dang im Januar 2025 hinterfragten Angehörige und Einwohner die amtliche Sturzversion, fehlende Überwachungsaufnahmen und den beschränkten Zugang zum Leichnam; verifizierte Videos zeigten Zusammenstöße zwischen Bereitschaftspolizei und Menschen, die Aufklärung verlangten.	NO	PASS_UNCHANGED
reread:batch10	47	pucheng-student-death-protest	non-target	excerpt_fr	Après la mort d’un élève nommé Dang en janvier 2025, des proches et des habitants ont contesté la version officielle d’une chute, l’absence d’images et les restrictions d’accès au corps ; des vidéos vérifiées ont montré des affrontements entre la police antiémeute et des personnes demandant des réponses.	Après la mort d’un élève nommé Dang en janvier 2025, des proches et des habitants ont contesté la version officielle d’une chute, l’absence d’images et les restrictions d’accès au corps ; des vidéos vérifiées ont montré des affrontements entre la police antiémeute et des personnes demandant des réponses.	NO	PASS_UNCHANGED
reread:batch10	47	pucheng-student-death-protest	non-target	excerpt_no	Etter at en elev med etternavnet Dang døde i januar 2025, stilte familie og innbyggere spørsmål ved den offisielle forklaringen om et fall, manglende overvåking og begrenset tilgang til kroppen; verifiserte videoer viste sammenstøt mellom opprørspoliti og mennesker som krevde svar.	Etter at en elev med etternavnet Dang døde i januar 2025, stilte familie og innbyggere spørsmål ved den offisielle forklaringen om et fall, manglende overvåking og begrenset tilgang til kroppen; verifiserte videoer viste sammenstøt mellom opprørspoliti og mennesker som krevde svar.	NO	PASS_UNCHANGED
reread:batch10	47	pucheng-student-death-protest	non-target	excerpt_nl	Na de dood van een leerling met de achternaam Dang in januari 2025 betwistten familie en inwoners de officiële lezing van een val, ontbrekende camerabeelden en beperkte toegang tot het lichaam; geverifieerde video’s toonden botsingen tussen oproerpolitie en mensen die uitleg eisten.	Na de dood van een leerling met de achternaam Dang in januari 2025 betwistten familie en inwoners de officiële lezing van een val, ontbrekende camerabeelden en beperkte toegang tot het lichaam; geverifieerde video’s toonden botsingen tussen oproerpolitie en mensen die uitleg eisten.	NO	PASS_UNCHANGED
reread:batch10	47	pucheng-student-death-protest	non-target	excerpt_it	Dopo la morte di uno studente di cognome Dang nel gennaio 2025, familiari e residenti hanno contestato la versione ufficiale della caduta, l’assenza di filmati e le restrizioni alla visione del corpo; video verificati hanno mostrato scontri tra polizia antisommossa e persone che chiedevano risposte.	Dopo la morte di uno studente di cognome Dang nel gennaio 2025, familiari e residenti hanno contestato la versione ufficiale della caduta, l’assenza di filmati e le restrizioni alla visione del corpo; video verificati hanno mostrato scontri tra polizia antisommossa e persone che chiedevano risposte.	NO	PASS_UNCHANGED
reread:batch10	47	pucheng-student-death-protest	non-target	date	2026-07-09	2026-07-09	NO	PASS_UNCHANGED
reread:batch10	47	pucheng-student-death-protest	non-target	url	posts/pucheng-student-death-protest.html	posts/pucheng-student-death-protest.html	NO	PASS_UNCHANGED
reread:batch10	48	jiangyou-school-bullying-protests	target	slug	jiangyou-school-bullying-protests	jiangyou-school-bullying-protests	NO	PASS_UNCHANGED
reread:batch10	48	jiangyou-school-bullying-protests	target	title_zh	四川江油校園欺凌與問責抗議	四川江油校園欺凌與問責抗議	NO	PASS_UNCHANGED
reread:batch10	48	jiangyou-school-bullying-protests	target	title_en	Jiangyou School Bullying and Accountability Protests	Jiangyou School Bullying and Accountability Protests	NO	PASS_UNCHANGED
reread:batch10	48	jiangyou-school-bullying-protests	target	title_ja	四川省江油市の学校いじめと責任追及デモ	四川省江油市の学校いじめと責任追及デモ	NO	PASS_UNCHANGED
reread:batch10	48	jiangyou-school-bullying-protests	target	title_ko	쓰촨성 장유 학교폭력과 책임 규명 시위	쓰촨성 장유 학교폭력과 책임 규명 시위	NO	PASS_UNCHANGED
reread:batch10	48	jiangyou-school-bullying-protests	target	title_es	Acoso escolar en Jiangyou, Sichuan, y protestas para exigir responsabilidades	Acoso escolar en Jiangyou, Sichuan, y protestas para exigir responsabilidades	NO	PASS_UNCHANGED
reread:batch10	48	jiangyou-school-bullying-protests	target	title_de	Schulmobbing in Jiangyou, Sichuan, und Proteste für Rechenschaft	Schulmobbing in Jiangyou, Sichuan, und Proteste für Rechenschaft	NO	PASS_UNCHANGED
reread:batch10	48	jiangyou-school-bullying-protests	target	title_fr	Harcèlement scolaire à Jiangyou, au Sichuan, et manifestations pour demander des comptes	Harcèlement scolaire à Jiangyou, au Sichuan, et manifestations pour demander des comptes	NO	PASS_UNCHANGED
reread:batch10	48	jiangyou-school-bullying-protests	target	title_no	Skolemobbing i Jiangyou, Sichuan, og protester for ansvar	Skolemobbing i Jiangyou, Sichuan, og protester for ansvar	NO	PASS_UNCHANGED
reread:batch10	48	jiangyou-school-bullying-protests	target	title_nl	Pesten op school in Jiangyou, Sichuan, en protesten voor verantwoording	Pesten op school in Jiangyou, Sichuan, en protesten voor verantwoording	NO	PASS_UNCHANGED
reread:batch10	48	jiangyou-school-bullying-protests	target	title_it	Bullismo scolastico a Jiangyou, nel Sichuan, e proteste per chiedere responsabilità	Bullismo scolastico a Jiangyou, nel Sichuan, e proteste per chiedere responsabilità	NO	PASS_UNCHANGED
reread:batch10	48	jiangyou-school-bullying-protests	target	excerpt_zh	一名14歲女生遭欺凌的影片傳開後，居民於2025年8月要求學校與地方政府問責；現場影像記錄警棍、胡椒噴霧與多人被帶走，其後相關影片和標籤遭刪除或限流。	一名14歲女生遭欺凌的影片傳開後，居民於2025年8月聚集聲援她和家屬。現場影像與報道記錄警方驅散人群、使用警棍和胡椒噴霧並帶走人員；平台刪帖與傳播限制又造成第二重傷害。學校、地方政府、警方和平台均須說明各自處置、接受問責並提供有效救濟。	YES	PASS_CHANGED_AUTHORIZED
reread:batch10	48	jiangyou-school-bullying-protests	target	excerpt_en	After video of a 14-year-old girl being bullied spread online, residents demanded school and local-government accountability in August 2025; footage recorded batons, pepper spray, and people being taken away, followed by deletion or suppression of videos and hashtags.	After video of a 14-year-old girl being bullied spread, residents gathered in August 2025 to support her and her family. Footage and reporting record police dispersing the crowd, using batons and pepper spray, and taking people away. Platform deletions and distribution limits compounded the harm; the school, local government, police, and platforms must each account for their actions and provide an effective remedy.	YES	PASS_CHANGED_AUTHORIZED
reread:batch10	48	jiangyou-school-bullying-protests	target	excerpt_ja	14歳の少女がいじめられる映像が拡散すると、住民は2025年8月、学校と地元政府の責任を求めた。現場映像は警棒、催涙スプレー、複数人の連行を記録し、その後、動画やハッシュタグが削除・表示制限された。	14歳の少女がいじめられる映像が拡散した後、住民は2025年8月、少女と家族を支援するために集まった。現場映像と報道は、警察が群衆を解散させ、警棒と催涙スプレーを使用し、人々を連行したと記録している。プラットフォームによる投稿削除と拡散制限は二次被害を生んだ。学校、地方政府、警察、プラットフォームには、それぞれの対応を説明し、責任を負い、実効的な救済を提供する義務がある。	YES	PASS_CHANGED_AUTHORIZED
reread:batch10	48	jiangyou-school-bullying-protests	target	excerpt_ko	14세 여학생이 괴롭힘을 당하는 영상이 퍼지자 주민들은 2025년 8월 학교와 지방정부의 책임을 요구했다. 현장 영상에는 경찰봉, 후추 스프레이, 여러 사람의 연행이 담겼고 이후 영상과 해시태그가 삭제되거나 노출이 제한됐다.	14세 여학생이 괴롭힘을 당하는 영상이 퍼진 뒤 주민들은 2025년 8월 피해 학생과 가족을 지지하려 모였다. 현장 영상과 보도는 경찰이 군중을 해산하고 경찰봉과 후추 스프레이를 사용하며 사람들을 연행한 사실을 기록했다. 플랫폼의 게시물 삭제와 유통 제한은 2차 피해를 낳았다. 학교·지방정부·경찰·플랫폼은 각자의 조치를 설명하고 책임을 지며 실효적 구제를 제공해야 한다.	YES	PASS_CHANGED_AUTHORIZED
reread:batch10	48	jiangyou-school-bullying-protests	target	excerpt_es	Tras difundirse el vídeo del acoso a una niña de 14 años, vecinos exigieron responsabilidades a la escuela y al gobierno local en agosto de 2025; las imágenes registraron porras, gas pimienta y detenciones, seguidas por la eliminación o menor difusión de vídeos y etiquetas.	Tras difundirse el vídeo del acoso a una niña de 14 años, vecinos se reunieron en agosto de 2025 para apoyar a la menor y a su familia. Las imágenes y los reportajes documentan cómo la policía dispersó a la multitud, utilizó porras y gas pimienta y se llevó a algunas personas. La eliminación de publicaciones y las restricciones de difusión de las plataformas agravaron el daño; la escuela, el gobierno local, la policía y las plataformas deben responder por sus actuaciones y ofrecer un recurso efectivo.	YES	PASS_CHANGED_AUTHORIZED
reread:batch10	48	jiangyou-school-bullying-protests	target	excerpt_de	Nachdem ein Video über das Mobbing einer 14-Jährigen verbreitet worden war, verlangten Einwohner im August 2025 Verantwortung von Schule und Lokalregierung; Aufnahmen zeigten Schlagstöcke, Pfefferspray und Abführungen, danach wurden Videos und Hashtags gelöscht oder gedrosselt.	Nachdem ein Video über das Mobbing einer 14-Jährigen verbreitet worden war, versammelten sich Einwohner im August 2025 zur Unterstützung des Mädchens und seiner Familie. Aufnahmen und Berichte dokumentieren, wie die Polizei die Menge zerstreute, Schlagstöcke und Pfefferspray einsetzte und Menschen abführte. Löschungen und Verbreitungsbeschränkungen der Plattformen verursachten weiteren Schaden; Schule, Lokalregierung, Polizei und Plattformen müssen ihr jeweiliges Handeln erklären, Verantwortung übernehmen und wirksame Abhilfe schaffen.	YES	PASS_CHANGED_AUTHORIZED
reread:batch10	48	jiangyou-school-bullying-protests	target	excerpt_fr	Après la diffusion d’une vidéo montrant le harcèlement d’une jeune fille de 14 ans, des habitants ont demandé des comptes à l’école et au gouvernement local en août 2025 ; les images ont montré matraques, gaz poivré et interpellations, puis des vidéos et mots-dièse ont été supprimés ou moins diffusés.	Après la diffusion d’une vidéo montrant le harcèlement d’une jeune fille de 14 ans, des habitants se sont rassemblés en août 2025 pour la soutenir, elle et sa famille. Des images et des reportages montrent la police dispersant la foule, utilisant des matraques et du gaz poivré et emmenant des personnes. La suppression de publications et les restrictions de diffusion par les plateformes ont ajouté un second préjudice ; l’école, le gouvernement local, la police et les plateformes doivent répondre de leurs actes et assurer un recours effectif.	YES	PASS_CHANGED_AUTHORIZED
reread:batch10	48	jiangyou-school-bullying-protests	target	excerpt_no	Etter at en video av mobbing av en 14 år gammel jente ble spredt, krevde innbyggere ansvar fra skolen og lokalmyndighetene i august 2025; opptak viste batonger, pepperspray og bortføringer, fulgt av sletting eller nedprioritering av videoer og emneknagger.	Etter at en video av mobbing av en 14 år gammel jente ble spredt, samlet innbyggere seg i august 2025 for å støtte henne og familien. Opptak og rapporter dokumenterer at politiet spredte folkemengden, brukte batonger og pepperspray og førte personer bort. Plattformenes sletting og spredningsbegrensninger påførte ytterligere skade; skolen, lokalmyndighetene, politiet og plattformene må redegjøre for sine handlinger, stilles til ansvar og sikre effektive rettsmidler.	YES	PASS_CHANGED_AUTHORIZED
reread:batch10	48	jiangyou-school-bullying-protests	target	excerpt_nl	Nadat video van het pesten van een 14-jarig meisje was verspreid, eisten inwoners in augustus 2025 verantwoording van school en lokaal bestuur; beelden toonden wapenstokken, pepperspray en afvoer van mensen, waarna video’s en hashtags werden verwijderd of minder zichtbaar gemaakt.	Nadat video van het pesten van een 14-jarig meisje was verspreid, kwamen inwoners in augustus 2025 bijeen om haar en haar familie te steunen. Beelden en berichtgeving leggen vast dat de politie de menigte uiteendreef, wapenstokken en pepperspray gebruikte en mensen meenam. Verwijdering van berichten en verspreidingsbeperkingen door platforms veroorzaakten verdere schade; school, lokaal bestuur, politie en platforms moeten ieder verantwoording afleggen en een doeltreffend rechtsmiddel bieden.	YES	PASS_CHANGED_AUTHORIZED
reread:batch10	48	jiangyou-school-bullying-protests	target	excerpt_it	Dopo la diffusione del video delle violenze contro una ragazza di 14 anni, nell’agosto 2025 i residenti hanno chiesto conto alla scuola e al governo locale; i filmati hanno mostrato manganelli, spray urticante e persone portate via, seguiti dalla rimozione o limitazione di video e hashtag.	Dopo la diffusione del video delle violenze contro una ragazza di 14 anni, nell’agosto 2025 i residenti si riunirono per sostenere la ragazza e la sua famiglia. Filmati e resoconti documentano che la polizia disperse la folla, usò manganelli e spray urticante e portò via alcune persone. La rimozione di contenuti e le restrizioni alla diffusione imposte dalle piattaforme provocarono un secondo danno; la scuola, il governo locale, la polizia e le piattaforme devono rispondere delle proprie azioni e garantire un ricorso effettivo.	YES	PASS_CHANGED_AUTHORIZED
reread:batch10	48	jiangyou-school-bullying-protests	target	date	2026-07-09	2025-08-04	YES	PASS_CHANGED_AUTHORIZED
reread:batch10	48	jiangyou-school-bullying-protests	target	url	posts/jiangyou-school-bullying-protests.html	posts/jiangyou-school-bullying-protests.html	NO	PASS_UNCHANGED
reread:batch10	49	tianshui-kindergarten-lead-poisoning	non-target	slug	tianshui-kindergarten-lead-poisoning	tianshui-kindergarten-lead-poisoning	NO	PASS_UNCHANGED
reread:batch10	49	tianshui-kindergarten-lead-poisoning	non-target	title_zh	甘肅天水幼兒園鉛中毒：兒童健康與問責	甘肅天水幼兒園鉛中毒：兒童健康與問責	NO	PASS_UNCHANGED
reread:batch10	49	tianshui-kindergarten-lead-poisoning	non-target	title_en	Tianshui Kindergarten Lead Poisoning: Children’s Health and Accountability	Tianshui Kindergarten Lead Poisoning: Children’s Health and Accountability	NO	PASS_UNCHANGED
reread:batch10	49	tianshui-kindergarten-lead-poisoning	non-target	title_ja	甘粛省天水市の幼稚園鉛中毒：子どもの健康と責任	甘粛省天水市の幼稚園鉛中毒：子どもの健康と責任	NO	PASS_UNCHANGED
reread:batch10	49	tianshui-kindergarten-lead-poisoning	non-target	title_ko	간쑤성 톈수이 유치원 납중독: 아동 건강과 책임	간쑤성 톈수이 유치원 납중독: 아동 건강과 책임	NO	PASS_UNCHANGED
reread:batch10	49	tianshui-kindergarten-lead-poisoning	non-target	title_es	Intoxicación por plomo en una guardería de Tianshui: salud infantil y responsabilidades	Intoxicación por plomo en una guardería de Tianshui: salud infantil y responsabilidades	NO	PASS_UNCHANGED
reread:batch10	49	tianshui-kindergarten-lead-poisoning	non-target	title_de	Bleivergiftung in einem Kindergarten in Tianshui: Kindergesundheit und Verantwortung	Bleivergiftung in einem Kindergarten in Tianshui: Kindergesundheit und Verantwortung	NO	PASS_UNCHANGED
reread:batch10	49	tianshui-kindergarten-lead-poisoning	non-target	title_fr	Intoxication au plomb dans une maternelle de Tianshui : santé des enfants et responsabilités	Intoxication au plomb dans une maternelle de Tianshui : santé des enfants et responsabilités	NO	PASS_UNCHANGED
reread:batch10	49	tianshui-kindergarten-lead-poisoning	non-target	title_no	Blyforgiftning i en barnehage i Tianshui: barns helse og ansvar	Blyforgiftning i en barnehage i Tianshui: barns helse og ansvar	NO	PASS_UNCHANGED
reread:batch10	49	tianshui-kindergarten-lead-poisoning	non-target	title_nl	Loodvergiftiging in een kleuterschool in Tianshui: kindergezondheid en verantwoordelijkheid	Loodvergiftiging in een kleuterschool in Tianshui: kindergezondheid en verantwoordelijkheid	NO	PASS_UNCHANGED
reread:batch10	49	tianshui-kindergarten-lead-poisoning	non-target	title_it	Intossicazione da piombo in un asilo di Tianshui: salute dei bambini e responsabilità	Intossicazione da piombo in un asilo di Tianshui: salute dei bambini e responsabilità	NO	PASS_UNCHANGED
reread:batch10	49	tianshui-kindergarten-lead-poisoning	non-target	excerpt_zh	褐石培心幼兒園自2024年5月起把不可食用顏料加入食品；251名幼兒中247人及28名教職工血鉛異常。6名嫌疑人被捕，但新華社只交代2人刑拘、3人取保，未說明第6人的措施；醫院改值和至少27名官員被查又凸顯獨立復檢、長期治療、賠償及有效行政與司法救濟的必要。	褐石培心幼兒園自2024年5月起把不可食用顏料加入食品；251名幼兒中247人及28名教職工血鉛異常。6名嫌疑人被捕，但新華社只交代2人刑拘、3人取保，未說明第6人的措施；醫院改值和至少27名官員被查又凸顯獨立復檢、長期治療、賠償及有效行政與司法救濟的必要。	NO	PASS_UNCHANGED
reread:batch10	49	tianshui-kindergarten-lead-poisoning	non-target	excerpt_en	Heshi Peixin Kindergarten (褐石培心幼儿园) added inedible pigment to food from May 2024; 247 of 251 children and 28 staff had abnormal blood-lead results. Six suspects were arrested, but Xinhua specified criminal detention for two and bail for three, leaving the sixth measure unstated; altered hospital data and later scrutiny of at least 27 officials reinforce the need for independent retesting, long-term care, compensation, and effective administrative and judicial remedies.	Heshi Peixin Kindergarten (褐石培心幼儿园) added inedible pigment to food from May 2024; 247 of 251 children and 28 staff had abnormal blood-lead results. Six suspects were arrested, but Xinhua specified criminal detention for two and bail for three, leaving the sixth measure unstated; altered hospital data and later scrutiny of at least 27 officials reinforce the need for independent retesting, long-term care, compensation, and effective administrative and judicial remedies.	NO	PASS_UNCHANGED
reread:batch10	49	tianshui-kindergarten-lead-poisoning	non-target	excerpt_ja	褐石培心幼稚園は2024年5月から食用不可の顔料を食品に加え、園児251人中247人と職員28人の血中鉛値が異常だった。容疑者6人が逮捕されたが、新華社が示したのは2人の刑事拘留と3人の保釈で、6人目の措置は記載されていない。病院による数値改変と少なくとも27人の当局者への調査は、独立再検査、長期治療、補償、実効的な行政・司法救済の必要性を強める。	褐石培心幼稚園は2024年5月から食用不可の顔料を食品に加え、園児251人中247人と職員28人の血中鉛値が異常だった。容疑者6人が逮捕されたが、新華社が示したのは2人の刑事拘留と3人の保釈で、6人目の措置は記載されていない。病院による数値改変と少なくとも27人の当局者への調査は、独立再検査、長期治療、補償、実効的な行政・司法救済の必要性を強める。	NO	PASS_UNCHANGED
reread:batch10	49	tianshui-kindergarten-lead-poisoning	non-target	excerpt_ko	허스페이신 유치원(褐石培心幼儿园)은 2024년 5월부터 식용 불가 안료를 음식에 넣었고, 원아 251명 중 247명과 교직원 28명의 혈중 납 수치가 비정상이었다. 용의자 6명이 체포됐지만 신화통신은 2명 형사구류와 3명 보석만 밝혀 여섯째 조치는 공개하지 않았다. 병원의 수치 변경과 최소 27명 관리 조사로 독립 재검사, 장기 치료, 배상, 실효적인 행정·사법 구제가 필요하다.	허스페이신 유치원(褐石培心幼儿园)은 2024년 5월부터 식용 불가 안료를 음식에 넣었고, 원아 251명 중 247명과 교직원 28명의 혈중 납 수치가 비정상이었다. 용의자 6명이 체포됐지만 신화통신은 2명 형사구류와 3명 보석만 밝혀 여섯째 조치는 공개하지 않았다. 병원의 수치 변경과 최소 27명 관리 조사로 독립 재검사, 장기 치료, 배상, 실효적인 행정·사법 구제가 필요하다.	NO	PASS_UNCHANGED
reread:batch10	49	tianshui-kindergarten-lead-poisoning	non-target	excerpt_es	El jardín de infancia Heshi Peixin (褐石培心幼儿园) añadió pigmento no comestible a los alimentos desde mayo de 2024; 247 de 251 niños y 28 empleados tuvieron resultados anómalos de plomo. Se arrestó a seis sospechosos, pero Xinhua solo precisó detención penal para dos y libertad bajo fianza para tres, sin indicar la medida del sexto. La alteración de datos hospitalarios y la investigación posterior de al menos 27 funcionarios exigen nuevas pruebas independientes, atención prolongada, indemnización y recursos administrativos y judiciales efectivos.	El jardín de infancia Heshi Peixin (褐石培心幼儿园) añadió pigmento no comestible a los alimentos desde mayo de 2024; 247 de 251 niños y 28 empleados tuvieron resultados anómalos de plomo. Se arrestó a seis sospechosos, pero Xinhua solo precisó detención penal para dos y libertad bajo fianza para tres, sin indicar la medida del sexto. La alteración de datos hospitalarios y la investigación posterior de al menos 27 funcionarios exigen nuevas pruebas independientes, atención prolongada, indemnización y recursos administrativos y judiciales efectivos.	NO	PASS_UNCHANGED
reread:batch10	49	tianshui-kindergarten-lead-poisoning	non-target	excerpt_de	Der Heshi-Peixin-Kindergarten (褐石培心幼儿园) mischte seit Mai 2024 nicht essbare Pigmente in Speisen; 247 von 251 Kindern und 28 Beschäftigte hatten auffällige Blutbleiwerte. Sechs Verdächtige wurden festgenommen, doch Xinhua nannte nur zwei in Strafhaft und drei gegen Kaution; die Maßnahme gegen die sechste Person blieb offen. Manipulierte Krankenhauswerte und spätere Ermittlungen gegen mindestens 27 Beamte unterstreichen den Bedarf an unabhängigen Nachtests, Langzeitversorgung, Entschädigung sowie wirksamen Verwaltungs- und Rechtsbehelfen.	Der Heshi-Peixin-Kindergarten (褐石培心幼儿园) mischte seit Mai 2024 nicht essbare Pigmente in Speisen; 247 von 251 Kindern und 28 Beschäftigte hatten auffällige Blutbleiwerte. Sechs Verdächtige wurden festgenommen, doch Xinhua nannte nur zwei in Strafhaft und drei gegen Kaution; die Maßnahme gegen die sechste Person blieb offen. Manipulierte Krankenhauswerte und spätere Ermittlungen gegen mindestens 27 Beamte unterstreichen den Bedarf an unabhängigen Nachtests, Langzeitversorgung, Entschädigung sowie wirksamen Verwaltungs- und Rechtsbehelfen.	NO	PASS_UNCHANGED
reread:batch10	49	tianshui-kindergarten-lead-poisoning	non-target	excerpt_fr	La maternelle Heshi Peixin (褐石培心幼儿园) a ajouté un pigment non comestible aux aliments dès mai 2024 ; 247 enfants sur 251 et 28 employés présentaient une plombémie anormale. Six suspects ont été arrêtés, mais Xinhua n’a précisé que deux placements en détention pénale et trois libérations sous caution, sans indiquer la mesure visant le sixième. Les valeurs hospitalières modifiées et l’enquête ultérieure sur au moins 27 responsables imposent des contre-expertises indépendantes, des soins durables, une indemnisation et des recours administratifs et judiciaires effectifs.	La maternelle Heshi Peixin (褐石培心幼儿园) a ajouté un pigment non comestible aux aliments dès mai 2024 ; 247 enfants sur 251 et 28 employés présentaient une plombémie anormale. Six suspects ont été arrêtés, mais Xinhua n’a précisé que deux placements en détention pénale et trois libérations sous caution, sans indiquer la mesure visant le sixième. Les valeurs hospitalières modifiées et l’enquête ultérieure sur au moins 27 responsables imposent des contre-expertises indépendantes, des soins durables, une indemnisation et des recours administratifs et judiciaires effectifs.	NO	PASS_UNCHANGED
reread:batch10	49	tianshui-kindergarten-lead-poisoning	non-target	excerpt_no	Heshi Peixin-barnehagen (褐石培心幼儿园) tilsatte pigment som ikke var egnet til mat fra mai 2024; 247 av 251 barn og 28 ansatte hadde unormale blyverdier. Seks mistenkte ble pågrepet, men Xinhua oppga bare to i strafferettslig varetekt og tre løslatt mot kausjon; tiltaket mot den sjette ble ikke opplyst. Endrede sykehusverdier og senere granskning av minst 27 tjenestepersoner viser behovet for uavhengige nye prøver, langvarig behandling, erstatning og effektive administrative og rettslige klagemidler.	Heshi Peixin-barnehagen (褐石培心幼儿园) tilsatte pigment som ikke var egnet til mat fra mai 2024; 247 av 251 barn og 28 ansatte hadde unormale blyverdier. Seks mistenkte ble pågrepet, men Xinhua oppga bare to i strafferettslig varetekt og tre løslatt mot kausjon; tiltaket mot den sjette ble ikke opplyst. Endrede sykehusverdier og senere granskning av minst 27 tjenestepersoner viser behovet for uavhengige nye prøver, langvarig behandling, erstatning og effektive administrative og rettslige klagemidler.	NO	PASS_UNCHANGED
reread:batch10	49	tianshui-kindergarten-lead-poisoning	non-target	excerpt_nl	De Heshi Peixin-kleuterschool (褐石培心幼儿园) voegde vanaf mei 2024 niet-eetbaar pigment aan voedsel toe; 247 van 251 kinderen en 28 medewerkers hadden afwijkende bloedloodwaarden. Zes verdachten werden aangehouden, maar Xinhua meldde alleen twee in strafrechtelijke detentie en drie op borgtocht; de maatregel tegen de zesde bleef onvermeld. Gewijzigde ziekenhuiswaarden en later onderzoek naar minstens 27 functionarissen maken onafhankelijke hertests, langdurige zorg, schadevergoeding en doeltreffende bestuurlijke en gerechtelijke rechtsmiddelen noodzakelijk.	De Heshi Peixin-kleuterschool (褐石培心幼儿园) voegde vanaf mei 2024 niet-eetbaar pigment aan voedsel toe; 247 van 251 kinderen en 28 medewerkers hadden afwijkende bloedloodwaarden. Zes verdachten werden aangehouden, maar Xinhua meldde alleen twee in strafrechtelijke detentie en drie op borgtocht; de maatregel tegen de zesde bleef onvermeld. Gewijzigde ziekenhuiswaarden en later onderzoek naar minstens 27 functionarissen maken onafhankelijke hertests, langdurige zorg, schadevergoeding en doeltreffende bestuurlijke en gerechtelijke rechtsmiddelen noodzakelijk.	NO	PASS_UNCHANGED
reread:batch10	49	tianshui-kindergarten-lead-poisoning	non-target	excerpt_it	L’asilo Heshi Peixin (褐石培心幼儿园) ha aggiunto pigmento non commestibile agli alimenti dal maggio 2024; 247 bambini su 251 e 28 dipendenti avevano livelli anomali di piombo nel sangue. Sei sospettati sono stati arrestati, ma Xinhua ha indicato solo due detenzioni penali e tre rilasci su cauzione, senza specificare la misura per il sesto. Valori ospedalieri alterati e la successiva indagine su almeno 27 funzionari richiedono nuovi test indipendenti, cure a lungo termine, risarcimento e rimedi amministrativi e giudiziari efficaci.	L’asilo Heshi Peixin (褐石培心幼儿园) ha aggiunto pigmento non commestibile agli alimenti dal maggio 2024; 247 bambini su 251 e 28 dipendenti avevano livelli anomali di piombo nel sangue. Sei sospettati sono stati arrestati, ma Xinhua ha indicato solo due detenzioni penali e tre rilasci su cauzione, senza specificare la misura per il sesto. Valori ospedalieri alterati e la successiva indagine su almeno 27 funzionari richiedono nuovi test indipendenti, cure a lungo termine, risarcimento e rimedi amministrativi e giudiziari efficaci.	NO	PASS_UNCHANGED
reread:batch10	49	tianshui-kindergarten-lead-poisoning	non-target	date	2026-07-09	2026-07-09	NO	PASS_UNCHANGED
reread:batch10	49	tianshui-kindergarten-lead-poisoning	non-target	url	posts/tianshui-kindergarten-lead-poisoning.html	posts/tianshui-kindergarten-lead-poisoning.html	NO	PASS_UNCHANGED
reread:batch10	50	henan-bank-depositor-protests	non-target	slug	henan-bank-depositor-protests	henan-bank-depositor-protests	NO	PASS_UNCHANGED
reread:batch10	50	henan-bank-depositor-protests	non-target	title_zh	河南村鎮銀行儲戶抗議與健康碼濫用	河南村鎮銀行儲戶抗議與健康碼濫用	NO	PASS_UNCHANGED
reread:batch10	50	henan-bank-depositor-protests	non-target	title_en	Henan Bank Depositor Protests and Misuse of COVID Health Codes	Henan Bank Depositor Protests and Misuse of COVID Health Codes	NO	PASS_UNCHANGED
reread:batch10	50	henan-bank-depositor-protests	non-target	title_ja	河南村鎮銀行の預金者抗議と健康コードの濫用	河南村鎮銀行の預金者抗議と健康コードの濫用	NO	PASS_UNCHANGED
reread:batch10	50	henan-bank-depositor-protests	non-target	title_ko	허난 농촌은행 예금주 시위와 코로나 건강코드 악용	허난 농촌은행 예금주 시위와 코로나 건강코드 악용	NO	PASS_UNCHANGED
reread:batch10	50	henan-bank-depositor-protests	non-target	title_es	Protestas de depositantes en Henan y uso indebido de los códigos sanitarios de COVID	Protestas de depositantes en Henan y uso indebido de los códigos sanitarios de COVID	NO	PASS_UNCHANGED
reread:batch10	50	henan-bank-depositor-protests	non-target	title_de	Proteste von Bankeinlegern in Henan und Missbrauch von Covid-Gesundheitscodes	Proteste von Bankeinlegern in Henan und Missbrauch von Covid-Gesundheitscodes	NO	PASS_UNCHANGED
reread:batch10	50	henan-bank-depositor-protests	non-target	title_fr	Manifestations de déposants au Henan et détournement des codes sanitaires Covid	Manifestations de déposants au Henan et détournement des codes sanitaires Covid	NO	PASS_UNCHANGED
reread:batch10	50	henan-bank-depositor-protests	non-target	title_no	Bankkunders protester i Henan og misbruk av covid-helsekoder	Bankkunders protester i Henan og misbruk av covid-helsekoder	NO	PASS_UNCHANGED
reread:batch10	50	henan-bank-depositor-protests	non-target	title_nl	Protesten van bankspaarders in Henan en misbruik van COVID-gezondheidscodes	Protesten van bankspaarders in Henan en misbruik van COVID-gezondheidscodes	NO	PASS_UNCHANGED
reread:batch10	50	henan-bank-depositor-protests	non-target	title_it	Proteste dei depositanti nello Henan e abuso dei codici sanitari COVID	Proteste dei depositanti nello Henan e abuso dei codici sanitari COVID	NO	PASS_UNCHANGED
reread:batch10	50	henan-bank-depositor-protests	non-target	excerpt_zh	村鎮銀行存款無法支取後，官員曾為1,317名赴鄭州維權的儲戶賦紅碼；7月10日集會影像又記錄人員被拖走和毆打，事件涉及存款返還、資料濫用、行動自由與和平集會權。	村鎮銀行存款無法支取後，官員曾為1,317名赴鄭州維權的儲戶賦紅碼；7月10日集會影像又記錄人員被拖走和毆打，事件涉及存款返還、資料濫用、行動自由與和平集會權。	NO	PASS_UNCHANGED
reread:batch10	50	henan-bank-depositor-protests	non-target	excerpt_en	After rural-bank deposits became inaccessible, officials assigned red COVID health codes to 1,317 depositors seeking redress in Zhengzhou; footage from the 10 July rally recorded people dragged away and beaten, raising issues of repayment, data misuse, movement, and peaceful assembly.	After rural-bank deposits became inaccessible, officials assigned red COVID health codes to 1,317 depositors seeking redress in Zhengzhou; footage from the 10 July rally recorded people dragged away and beaten, raising issues of repayment, data misuse, movement, and peaceful assembly.	NO	PASS_UNCHANGED
reread:batch10	50	henan-bank-depositor-protests	non-target	excerpt_ja	村鎮銀行の預金が引き出せなくなった後、当局者は鄭州で救済を求める預金者1,317人の健康コードを赤に変更した。7月10日の映像は人々が引きずられ殴られる様子を記録し、返金、データ濫用、移動と平和的集会の権利が問題となった。	村鎮銀行の預金が引き出せなくなった後、当局者は鄭州で救済を求める預金者1,317人の健康コードを赤に変更した。7月10日の映像は人々が引きずられ殴られる様子を記録し、返金、データ濫用、移動と平和的集会の権利が問題となった。	NO	PASS_UNCHANGED
reread:batch10	50	henan-bank-depositor-protests	non-target	excerpt_ko	농촌은행 예금을 찾지 못하게 된 뒤 당국자들은 정저우에서 구제를 요구하려던 예금주 1,317명의 코로나 건강코드를 적색으로 바꿨다. 7월 10일 집회 영상에는 사람들이 끌려가고 구타당하는 모습이 담겨 상환, 정보 악용, 이동·평화집회의 권리가 쟁점이 됐다.	농촌은행 예금을 찾지 못하게 된 뒤 당국자들은 정저우에서 구제를 요구하려던 예금주 1,317명의 코로나 건강코드를 적색으로 바꿨다. 7월 10일 집회 영상에는 사람들이 끌려가고 구타당하는 모습이 담겨 상환, 정보 악용, 이동·평화집회의 권리가 쟁점이 됐다.	NO	PASS_UNCHANGED
reread:batch10	50	henan-bank-depositor-protests	non-target	excerpt_es	Tras quedar inaccesibles los depósitos, funcionarios asignaron códigos sanitarios rojos a 1.317 ahorradores que buscaban reclamar en Zhengzhou; las imágenes del 10 de julio mostraron personas arrastradas y golpeadas, planteando la devolución del dinero, el uso de datos, la movilidad y la reunión pacífica.	Tras quedar inaccesibles los depósitos, funcionarios asignaron códigos sanitarios rojos a 1.317 ahorradores que buscaban reclamar en Zhengzhou; las imágenes del 10 de julio mostraron personas arrastradas y golpeadas, planteando la devolución del dinero, el uso de datos, la movilidad y la reunión pacífica.	NO	PASS_UNCHANGED
reread:batch10	50	henan-bank-depositor-protests	non-target	excerpt_de	Nachdem Einlagen nicht mehr verfügbar waren, versahen Beamte 1.317 Sparer, die in Zhengzhou Abhilfe suchten, mit roten Covid-Gesundheitscodes; Aufnahmen vom 10. Juli zeigten, wie Menschen weggezerrt und geschlagen wurden. Es geht um Rückzahlung, Datenmissbrauch, Bewegungsfreiheit und friedliche Versammlung.	Nachdem Einlagen nicht mehr verfügbar waren, versahen Beamte 1.317 Sparer, die in Zhengzhou Abhilfe suchten, mit roten Covid-Gesundheitscodes; Aufnahmen vom 10. Juli zeigten, wie Menschen weggezerrt und geschlagen wurden. Es geht um Rückzahlung, Datenmissbrauch, Bewegungsfreiheit und friedliche Versammlung.	NO	PASS_UNCHANGED
reread:batch10	50	henan-bank-depositor-protests	non-target	excerpt_fr	Après le blocage des dépôts, des agents ont attribué un code sanitaire Covid rouge à 1 317 épargnants voulant demander réparation à Zhengzhou ; les images du 10 juillet ont montré des personnes traînées et frappées, soulevant les questions du remboursement, des données, de la circulation et du rassemblement pacifique.	Après le blocage des dépôts, des agents ont attribué un code sanitaire Covid rouge à 1 317 épargnants voulant demander réparation à Zhengzhou ; les images du 10 juillet ont montré des personnes traînées et frappées, soulevant les questions du remboursement, des données, de la circulation et du rassemblement pacifique.	NO	PASS_UNCHANGED
reread:batch10	50	henan-bank-depositor-protests	non-target	excerpt_no	Etter at bankinnskudd ble utilgjengelige, ga tjenestepersoner røde covid-helsekoder til 1 317 innskytere som ville kreve oppreisning i Zhengzhou; opptak fra 10. juli viste mennesker bli dratt bort og slått, og reiste spørsmål om tilbakebetaling, datamisbruk, bevegelse og fredelig forsamling.	Etter at bankinnskudd ble utilgjengelige, ga tjenestepersoner røde covid-helsekoder til 1 317 innskytere som ville kreve oppreisning i Zhengzhou; opptak fra 10. juli viste mennesker bli dratt bort og slått, og reiste spørsmål om tilbakebetaling, datamisbruk, bevegelse og fredelig forsamling.	NO	PASS_UNCHANGED
reread:batch10	50	henan-bank-depositor-protests	non-target	excerpt_nl	Nadat banktegoeden onbereikbaar waren geworden, gaven functionarissen 1.317 spaarders die in Zhengzhou verhaal zochten een rode COVID-gezondheidscode; beelden van 10 juli toonden mensen die werden weggesleept en geslagen, met vragen over terugbetaling, datamisbruik, beweging en vreedzame vergadering.	Nadat banktegoeden onbereikbaar waren geworden, gaven functionarissen 1.317 spaarders die in Zhengzhou verhaal zochten een rode COVID-gezondheidscode; beelden van 10 juli toonden mensen die werden weggesleept en geslagen, met vragen over terugbetaling, datamisbruik, beweging en vreedzame vergadering.	NO	PASS_UNCHANGED
reread:batch10	50	henan-bank-depositor-protests	non-target	excerpt_it	Dopo il blocco dei depositi, funzionari hanno assegnato codici sanitari COVID rossi a 1.317 risparmiatori diretti a Zhengzhou per chiedere tutela; i filmati del 10 luglio hanno mostrato persone trascinate e picchiate, sollevando questioni di rimborso, abuso dei dati, movimento e riunione pacifica.	Dopo il blocco dei depositi, funzionari hanno assegnato codici sanitari COVID rossi a 1.317 risparmiatori diretti a Zhengzhou per chiedere tutela; i filmati del 10 luglio hanno mostrato persone trascinate e picchiate, sollevando questioni di rimborso, abuso dei dati, movimento e riunione pacifica.	NO	PASS_UNCHANGED
reread:batch10	50	henan-bank-depositor-protests	non-target	date	2026-07-09	2026-07-09	NO	PASS_UNCHANGED
reread:batch10	50	henan-bank-depositor-protests	non-target	url	posts/henan-bank-depositor-protests.html	posts/henan-bank-depositor-protests.html	NO	PASS_UNCHANGED
reread:batch10	51	zhengzhou-foxconn-worker-protests	non-target	slug	zhengzhou-foxconn-worker-protests	zhengzhou-foxconn-worker-protests	NO	PASS_UNCHANGED
reread:batch10	51	zhengzhou-foxconn-worker-protests	non-target	title_zh	鄭州富士康工人抗議：工資、疫情隔離條件與勞工權利	鄭州富士康工人抗議：工資、疫情隔離條件與勞工權利	NO	PASS_UNCHANGED
reread:batch10	51	zhengzhou-foxconn-worker-protests	non-target	title_en	Zhengzhou Foxconn Worker Protests: Pay, COVID Quarantine Conditions, and Labour Rights	Zhengzhou Foxconn Worker Protests: Pay, COVID Quarantine Conditions, and Labour Rights	NO	PASS_UNCHANGED
reread:batch10	51	zhengzhou-foxconn-worker-protests	non-target	title_ja	鄭州フォックスコン労働者の抗議：賃金、防疫隔離の条件と労働者の権利	鄭州フォックスコン労働者の抗議：賃金、防疫隔離の条件と労働者の権利	NO	PASS_UNCHANGED
reread:batch10	51	zhengzhou-foxconn-worker-protests	non-target	title_ko	정저우 폭스콘 노동자 시위: 임금, 방역 격리 조건과 노동권	정저우 폭스콘 노동자 시위: 임금, 방역 격리 조건과 노동권	NO	PASS_UNCHANGED
reread:batch10	51	zhengzhou-foxconn-worker-protests	non-target	title_es	Protestas de trabajadores de Foxconn en Zhengzhou: salarios, condiciones de cuarentena por COVID y derechos laborales	Protestas de trabajadores de Foxconn en Zhengzhou: salarios, condiciones de cuarentena por COVID y derechos laborales	NO	PASS_UNCHANGED
reread:batch10	51	zhengzhou-foxconn-worker-protests	non-target	title_de	Proteste der Foxconn-Arbeiter in Zhengzhou: Lohn, COVID-Quarantänebedingungen und Arbeitsrechte	Proteste der Foxconn-Arbeiter in Zhengzhou: Lohn, COVID-Quarantänebedingungen und Arbeitsrechte	NO	PASS_UNCHANGED
reread:batch10	51	zhengzhou-foxconn-worker-protests	non-target	title_fr	Manifestations des travailleurs de Foxconn à Zhengzhou : salaires, conditions de quarantaine liée au COVID et droits du travail	Manifestations des travailleurs de Foxconn à Zhengzhou : salaires, conditions de quarantaine liée au COVID et droits du travail	NO	PASS_UNCHANGED
reread:batch10	51	zhengzhou-foxconn-worker-protests	non-target	title_no	Foxconn-arbeiderprotester i Zhengzhou: lønn, COVID-karanteneforhold og arbeidsrettigheter	Foxconn-arbeiderprotester i Zhengzhou: lønn, COVID-karanteneforhold og arbeidsrettigheter	NO	PASS_UNCHANGED
reread:batch10	51	zhengzhou-foxconn-worker-protests	non-target	title_nl	Foxconn-arbeidersprotesten in Zhengzhou: loon, COVID-quarantainevoorwaarden en arbeidsrechten	Foxconn-arbeidersprotesten in Zhengzhou: loon, COVID-quarantainevoorwaarden en arbeidsrechten	NO	PASS_UNCHANGED
reread:batch10	51	zhengzhou-foxconn-worker-protests	non-target	title_it	Proteste dei lavoratori Foxconn a Zhengzhou: salari, condizioni di quarantena COVID e diritti del lavoro	Proteste dei lavoratori Foxconn a Zhengzhou: salari, condizioni di quarantena COVID e diritti del lavoro	NO	PASS_UNCHANGED
reread:batch10	51	zhengzhou-foxconn-worker-protests	non-target	excerpt_zh	工資承諾、招聘獎金、疫情封控與隔離條件引發工人維權，現場記錄保存了勞動申訴與執法介入。	工資承諾、招聘獎金、疫情封控與隔離條件引發工人維權，現場記錄保存了勞動申訴與執法介入。	NO	PASS_UNCHANGED
reread:batch10	51	zhengzhou-foxconn-worker-protests	non-target	excerpt_en	Pay promises, recruitment bonuses, COVID controls, and quarantine conditions prompted worker advocacy; field records preserve labour grievances and enforcement intervention.	Pay promises, recruitment bonuses, COVID controls, and quarantine conditions prompted worker advocacy; field records preserve labour grievances and enforcement intervention.	NO	PASS_UNCHANGED
reread:batch10	51	zhengzhou-foxconn-worker-protests	non-target	excerpt_ja	賃金の約束、採用ボーナス、防疫措置と隔離条件が労働者の権利擁護を促し、現場記録は労働申立てと執行介入を保存している。	賃金の約束、採用ボーナス、防疫措置と隔離条件が労働者の権利擁護を促し、現場記録は労働申立てと執行介入を保存している。	NO	PASS_UNCHANGED
reread:batch10	51	zhengzhou-foxconn-worker-protests	non-target	excerpt_ko	임금 약속, 채용 보너스, 방역 조치와 격리 조건이 노동자들의 권리 요구를 촉발했으며, 현장 기록은 노동 고충과 집행 개입을 보존한다.	임금 약속, 채용 보너스, 방역 조치와 격리 조건이 노동자들의 권리 요구를 촉발했으며, 현장 기록은 노동 고충과 집행 개입을 보존한다.	NO	PASS_UNCHANGED
reread:batch10	51	zhengzhou-foxconn-worker-protests	non-target	excerpt_es	Las promesas salariales, las bonificaciones de contratación, los controles contra el COVID y las condiciones de cuarentena impulsaron la reclamación de los trabajadores; los registros del lugar preservan las quejas laborales y la intervención de las autoridades.	Las promesas salariales, las bonificaciones de contratación, los controles contra el COVID y las condiciones de cuarentena impulsaron la reclamación de los trabajadores; los registros del lugar preservan las quejas laborales y la intervención de las autoridades.	NO	PASS_UNCHANGED
reread:batch10	51	zhengzhou-foxconn-worker-protests	non-target	excerpt_de	Lohnzusagen, Einstellungsprämien, COVID-Maßnahmen und Quarantänebedingungen führten zu Rechteforderungen der Arbeiter; Feldaufzeichnungen bewahren Arbeitsbeschwerden und behördliche Eingriffe.	Lohnzusagen, Einstellungsprämien, COVID-Maßnahmen und Quarantänebedingungen führten zu Rechteforderungen der Arbeiter; Feldaufzeichnungen bewahren Arbeitsbeschwerden und behördliche Eingriffe.	NO	PASS_UNCHANGED
reread:batch10	51	zhengzhou-foxconn-worker-protests	non-target	excerpt_fr	Les promesses salariales, les primes de recrutement, les mesures contre le COVID et les conditions de quarantaine ont conduit les travailleurs à faire valoir leurs droits ; les archives du terrain préservent les griefs professionnels et l’intervention des autorités.	Les promesses salariales, les primes de recrutement, les mesures contre le COVID et les conditions de quarantaine ont conduit les travailleurs à faire valoir leurs droits ; les archives du terrain préservent les griefs professionnels et l’intervention des autorités.	NO	PASS_UNCHANGED
reread:batch10	51	zhengzhou-foxconn-worker-protests	non-target	excerpt_no	Lønnsløfter, rekrutteringsbonuser, COVID-tiltak og karanteneforhold førte til at arbeiderne hevdet sine rettigheter; feltregistreringer bevarer arbeidsklager og myndighetsinngrep.	Lønnsløfter, rekrutteringsbonuser, COVID-tiltak og karanteneforhold førte til at arbeiderne hevdet sine rettigheter; feltregistreringer bevarer arbeidsklager og myndighetsinngrep.	NO	PASS_UNCHANGED
reread:batch10	51	zhengzhou-foxconn-worker-protests	non-target	excerpt_nl	Loonbeloften, wervingsbonussen, COVID-maatregelen en quarantainevoorwaarden brachten werknemers ertoe hun rechten op te eisen; veldregistraties bewaren arbeidsklachten en optreden van autoriteiten.	Loonbeloften, wervingsbonussen, COVID-maatregelen en quarantainevoorwaarden brachten werknemers ertoe hun rechten op te eisen; veldregistraties bewaren arbeidsklachten en optreden van autoriteiten.	NO	PASS_UNCHANGED
reread:batch10	51	zhengzhou-foxconn-worker-protests	non-target	excerpt_it	Promesse salariali, bonus di reclutamento, misure COVID e condizioni di quarantena hanno spinto i lavoratori a rivendicare i propri diritti; le registrazioni sul posto preservano le lamentele sul lavoro e l’intervento delle autorità.	Promesse salariali, bonus di reclutamento, misure COVID e condizioni di quarantena hanno spinto i lavoratori a rivendicare i propri diritti; le registrazioni sul posto preservano le lamentele sul lavoro e l’intervento delle autorità.	NO	PASS_UNCHANGED
reread:batch10	51	zhengzhou-foxconn-worker-protests	non-target	date	2026-07-09	2026-07-09	NO	PASS_UNCHANGED
reread:batch10	51	zhengzhou-foxconn-worker-protests	non-target	url	posts/zhengzhou-foxconn-worker-protests.html	posts/zhengzhou-foxconn-worker-protests.html	NO	PASS_UNCHANGED
reread:batch10	52	wuhan-pensioner-protests	non-target	slug	wuhan-pensioner-protests	wuhan-pensioner-protests	NO	PASS_UNCHANGED
reread:batch10	52	wuhan-pensioner-protests	non-target	title_zh	武漢退休人員醫保抗議：社會保障與表達空間	武漢退休人員醫保抗議：社會保障與表達空間	NO	PASS_UNCHANGED
reread:batch10	52	wuhan-pensioner-protests	non-target	title_en	Wuhan Retirees’ Health-Insurance Protests: Social Security and Free Expression	Wuhan Retirees’ Health-Insurance Protests: Social Security and Free Expression	NO	PASS_UNCHANGED
reread:batch10	52	wuhan-pensioner-protests	non-target	title_ja	武漢の退職者による医療保険抗議：社会保障と表現の自由	武漢の退職者による医療保険抗議：社会保障と表現の自由	NO	PASS_UNCHANGED
reread:batch10	52	wuhan-pensioner-protests	non-target	title_ko	우한 퇴직자 의료보험 시위: 사회보장과 표현의 자유	우한 퇴직자 의료보험 시위: 사회보장과 표현의 자유	NO	PASS_UNCHANGED
reread:batch10	52	wuhan-pensioner-protests	non-target	title_es	Protestas de jubilados de Wuhan por el seguro médico: protección social y libertad de expresión	Protestas de jubilados de Wuhan por el seguro médico: protección social y libertad de expresión	NO	PASS_UNCHANGED
reread:batch10	52	wuhan-pensioner-protests	non-target	title_de	Krankenversicherungsproteste von Rentnern in Wuhan: soziale Sicherheit und freie Meinungsäußerung	Krankenversicherungsproteste von Rentnern in Wuhan: soziale Sicherheit und freie Meinungsäußerung	NO	PASS_UNCHANGED
reread:batch10	52	wuhan-pensioner-protests	non-target	title_fr	Manifestations de retraités à Wuhan contre la réforme de l’assurance maladie : protection sociale et expression	Manifestations de retraités à Wuhan contre la réforme de l’assurance maladie : protection sociale et expression	NO	PASS_UNCHANGED
reread:batch10	52	wuhan-pensioner-protests	non-target	title_no	Wuhan-pensjonistenes protester mot helseforsikringsreformen: sosial trygghet og ytringsfrihet	Wuhan-pensjonistenes protester mot helseforsikringsreformen: sosial trygghet og ytringsfrihet	NO	PASS_UNCHANGED
reread:batch10	52	wuhan-pensioner-protests	non-target	title_nl	Zorgverzekeringsprotesten van gepensioneerden in Wuhan: sociale zekerheid en vrije meningsuiting	Zorgverzekeringsprotesten van gepensioneerden in Wuhan: sociale zekerheid en vrije meningsuiting	NO	PASS_UNCHANGED
reread:batch10	52	wuhan-pensioner-protests	non-target	title_it	Proteste dei pensionati di Wuhan contro la riforma sanitaria: protezione sociale e libertà di espressione	Proteste dei pensionati di Wuhan contro la riforma sanitaria: protezione sociale e libertà di espressione	NO	PASS_UNCHANGED
reread:batch10	52	wuhan-pensioner-protests	non-target	excerpt_zh	退休人員因醫保個人帳戶縮減於2023年2月8日及15日在武漢集會；現場出現大批警力，相關帖文和影片被刪，爭議關乎購藥與門診負擔、政策協商及和平表達。	退休人員因醫保個人帳戶縮減於2023年2月8日及15日在武漢集會；現場出現大批警力，相關帖文和影片被刪，爭議關乎購藥與門診負擔、政策協商及和平表達。	NO	PASS_UNCHANGED
reread:batch10	52	wuhan-pensioner-protests	non-target	excerpt_en	Retirees rallied in Wuhan on 8 and 15 February 2023 after cuts to personal medical-insurance accounts; a heavy police presence and deleted posts and videos turned concerns about medicine, outpatient costs, and consultation into an issue of peaceful expression.	Retirees rallied in Wuhan on 8 and 15 February 2023 after cuts to personal medical-insurance accounts; a heavy police presence and deleted posts and videos turned concerns about medicine, outpatient costs, and consultation into an issue of peaceful expression.	NO	PASS_UNCHANGED
reread:batch10	52	wuhan-pensioner-protests	non-target	excerpt_ja	医療保険の個人口座削減を受け、退職者は2023年2月8日と15日に武漢で集会した。多数の警察官が配置され、投稿や動画が削除されたことで、薬代・外来負担と政策協議への不満は平和的表現の問題にもなった。	医療保険の個人口座削減を受け、退職者は2023年2月8日と15日に武漢で集会した。多数の警察官が配置され、投稿や動画が削除されたことで、薬代・外来負担と政策協議への不満は平和的表現の問題にもなった。	NO	PASS_UNCHANGED
reread:batch10	52	wuhan-pensioner-protests	non-target	excerpt_ko	의료보험 개인계정 축소에 반발한 퇴직자들은 2023년 2월 8일과 15일 우한에서 집회를 열었다. 대규모 경찰 배치와 게시물·영상 삭제로 약값과 외래비, 정책 협의에 대한 우려는 평화적 표현의 문제로 확대됐다.	의료보험 개인계정 축소에 반발한 퇴직자들은 2023년 2월 8일과 15일 우한에서 집회를 열었다. 대규모 경찰 배치와 게시물·영상 삭제로 약값과 외래비, 정책 협의에 대한 우려는 평화적 표현의 문제로 확대됐다.	NO	PASS_UNCHANGED
reread:batch10	52	wuhan-pensioner-protests	non-target	excerpt_es	Los jubilados se concentraron en Wuhan los días 8 y 15 de febrero de 2023 tras el recorte de sus cuentas médicas personales; la fuerte presencia policial y la eliminación de publicaciones y vídeos convirtieron las preocupaciones por medicamentos, atención ambulatoria y consulta pública en una cuestión de expresión pacífica.	Los jubilados se concentraron en Wuhan los días 8 y 15 de febrero de 2023 tras el recorte de sus cuentas médicas personales; la fuerte presencia policial y la eliminación de publicaciones y vídeos convirtieron las preocupaciones por medicamentos, atención ambulatoria y consulta pública en una cuestión de expresión pacífica.	NO	PASS_UNCHANGED
reread:batch10	52	wuhan-pensioner-protests	non-target	excerpt_de	Rentner versammelten sich am 8. und 15. Februar 2023 in Wuhan nach Kürzungen ihrer persönlichen Krankenversicherungskonten; starke Polizeipräsenz und gelöschte Beiträge und Videos machten Sorgen um Medikamente, ambulante Kosten und Mitsprache auch zu einer Frage friedlicher Meinungsäußerung.	Rentner versammelten sich am 8. und 15. Februar 2023 in Wuhan nach Kürzungen ihrer persönlichen Krankenversicherungskonten; starke Polizeipräsenz und gelöschte Beiträge und Videos machten Sorgen um Medikamente, ambulante Kosten und Mitsprache auch zu einer Frage friedlicher Meinungsäußerung.	NO	PASS_UNCHANGED
reread:batch10	52	wuhan-pensioner-protests	non-target	excerpt_fr	Des retraités se sont rassemblés à Wuhan les 8 et 15 février 2023 après la réduction de leurs comptes médicaux individuels ; la forte présence policière et la suppression de publications et vidéos ont transformé les inquiétudes sur les médicaments, les soins ambulatoires et la concertation en question d’expression pacifique.	Des retraités se sont rassemblés à Wuhan les 8 et 15 février 2023 après la réduction de leurs comptes médicaux individuels ; la forte présence policière et la suppression de publications et vidéos ont transformé les inquiétudes sur les médicaments, les soins ambulatoires et la concertation en question d’expression pacifique.	NO	PASS_UNCHANGED
reread:batch10	52	wuhan-pensioner-protests	non-target	excerpt_no	Pensjonister samlet seg i Wuhan 8. og 15. februar 2023 etter kutt i personlige helseforsikringskontoer; stort politioppbud og slettede innlegg og videoer gjorde bekymringer om medisiner, polikliniske kostnader og medvirkning til et spørsmål om fredelig ytring.	Pensjonister samlet seg i Wuhan 8. og 15. februar 2023 etter kutt i personlige helseforsikringskontoer; stort politioppbud og slettede innlegg og videoer gjorde bekymringer om medisiner, polikliniske kostnader og medvirkning til et spørsmål om fredelig ytring.	NO	PASS_UNCHANGED
reread:batch10	52	wuhan-pensioner-protests	non-target	excerpt_nl	Gepensioneerden kwamen op 8 en 15 februari 2023 in Wuhan bijeen na verlaging van persoonlijke zorgverzekeringsrekeningen; veel politie en verwijderde berichten en video’s maakten zorgen over medicijnen, poliklinische kosten en inspraak ook tot een kwestie van vreedzame meningsuiting.	Gepensioneerden kwamen op 8 en 15 februari 2023 in Wuhan bijeen na verlaging van persoonlijke zorgverzekeringsrekeningen; veel politie en verwijderde berichten en video’s maakten zorgen over medicijnen, poliklinische kosten en inspraak ook tot een kwestie van vreedzame meningsuiting.	NO	PASS_UNCHANGED
reread:batch10	52	wuhan-pensioner-protests	non-target	excerpt_it	I pensionati si sono riuniti a Wuhan l’8 e il 15 febbraio 2023 dopo i tagli ai conti sanitari personali; la forte presenza di polizia e la rimozione di post e video hanno trasformato le preoccupazioni per farmaci, cure ambulatoriali e consultazione in una questione di espressione pacifica.	I pensionati si sono riuniti a Wuhan l’8 e il 15 febbraio 2023 dopo i tagli ai conti sanitari personali; la forte presenza di polizia e la rimozione di post e video hanno trasformato le preoccupazioni per farmaci, cure ambulatoriali e consultazione in una questione di espressione pacifica.	NO	PASS_UNCHANGED
reread:batch10	52	wuhan-pensioner-protests	non-target	date	2026-07-09	2026-07-09	NO	PASS_UNCHANGED
reread:batch10	52	wuhan-pensioner-protests	non-target	url	posts/wuhan-pensioner-protests.html	posts/wuhan-pensioner-protests.html	NO	PASS_UNCHANGED
reread:batch10	53	guiyang-quarantine-bus-crash	non-target	slug	guiyang-quarantine-bus-crash	guiyang-quarantine-bus-crash	NO	PASS_UNCHANGED
reread:batch10	53	guiyang-quarantine-bus-crash	non-target	title_zh	貴陽隔離轉運大巴事故：生命權與防疫權力問責	貴陽隔離轉運大巴事故：生命權與防疫權力問責	NO	PASS_UNCHANGED
reread:batch10	53	guiyang-quarantine-bus-crash	non-target	title_en	Guiyang Quarantine-Transfer Bus Crash: Right to Life and Accountability for Pandemic Controls	Guiyang Quarantine-Transfer Bus Crash: Right to Life and Accountability for Pandemic Controls	NO	PASS_UNCHANGED
reread:batch10	53	guiyang-quarantine-bus-crash	non-target	title_ja	貴陽の隔離移送バス事故：生命への権利と防疫行政の責任	貴陽の隔離移送バス事故：生命への権利と防疫行政の責任	NO	PASS_UNCHANGED
reread:batch10	53	guiyang-quarantine-bus-crash	non-target	title_ko	구이양 격리 이송 버스 참사: 생명권과 방역 행정의 책임	구이양 격리 이송 버스 참사: 생명권과 방역 행정의 책임	NO	PASS_UNCHANGED
reread:batch10	53	guiyang-quarantine-bus-crash	non-target	title_es	Accidente del autobús de traslado a cuarentena en Guiyang: derecho a la vida y responsabilidad de la política sanitaria	Accidente del autobús de traslado a cuarentena en Guiyang: derecho a la vida y responsabilidad de la política sanitaria	NO	PASS_UNCHANGED
reread:batch10	53	guiyang-quarantine-bus-crash	non-target	title_de	Busunglück bei einem Quarantänetransport aus Guiyang: Recht auf Leben und Verantwortung der Seuchenpolitik	Busunglück bei einem Quarantänetransport aus Guiyang: Recht auf Leben und Verantwortung der Seuchenpolitik	NO	PASS_UNCHANGED
reread:batch10	53	guiyang-quarantine-bus-crash	non-target	title_fr	Accident du bus de transfert vers la quarantaine à Guiyang : droit à la vie et responsabilité des politiques sanitaires	Accident du bus de transfert vers la quarantaine à Guiyang : droit à la vie et responsabilité des politiques sanitaires	NO	PASS_UNCHANGED
reread:batch10	53	guiyang-quarantine-bus-crash	non-target	title_no	Bussulykken under karantenetransporten fra Guiyang: retten til liv og ansvar for smitteverntiltak	Bussulykken under karantenetransporten fra Guiyang: retten til liv og ansvar for smitteverntiltak	NO	PASS_UNCHANGED
reread:batch10	53	guiyang-quarantine-bus-crash	non-target	title_nl	Busongeval tijdens quarantainetransport uit Guiyang: recht op leven en verantwoordelijkheid voor coronabeleid	Busongeval tijdens quarantainetransport uit Guiyang: recht op leven en verantwoordelijkheid voor coronabeleid	NO	PASS_UNCHANGED
reread:batch10	53	guiyang-quarantine-bus-crash	non-target	title_it	Incidente dell’autobus per il trasferimento in quarantena da Guiyang: diritto alla vita e responsabilità delle politiche sanitarie	Incidente dell’autobus per il trasferimento in quarantena da Guiyang: diritto alla vita e responsabilità delle politiche sanitarie	NO	PASS_UNCHANGED
reread:batch10	53	guiyang-quarantine-bus-crash	non-target	excerpt_zh	一輛深夜轉運隔離人員的大巴翻覆，造成27人死亡、20人受傷，事故引發對防疫清零、強制轉運、道路安全與政府問責的持續追問。	一輛深夜轉運隔離人員的大巴翻覆，造成27人死亡、20人受傷，事故引發對防疫清零、強制轉運、道路安全與政府問責的持續追問。	NO	PASS_UNCHANGED
reread:batch10	53	guiyang-quarantine-bus-crash	non-target	excerpt_en	A bus carrying people to quarantine overturned during an overnight transfer, killing 27 and injuring 20 and prompting sustained questions about zero-COVID controls, compulsory transport, road safety, and government accountability.	A bus carrying people to quarantine overturned during an overnight transfer, killing 27 and injuring 20 and prompting sustained questions about zero-COVID controls, compulsory transport, road safety, and government accountability.	NO	PASS_UNCHANGED
reread:batch10	53	guiyang-quarantine-bus-crash	non-target	excerpt_ja	隔離対象者を深夜に移送していたバスが横転し、27人が死亡、20人が負傷した。事故はゼロコロナ政策、強制移送、道路の安全、政府の説明責任への問いを広げた。	隔離対象者を深夜に移送していたバスが横転し、27人が死亡、20人が負傷した。事故はゼロコロナ政策、強制移送、道路の安全、政府の説明責任への問いを広げた。	NO	PASS_UNCHANGED
reread:batch10	53	guiyang-quarantine-bus-crash	non-target	excerpt_ko	격리 대상자를 심야에 이송하던 버스가 전복돼 27명이 숨지고 20명이 다쳤다. 이 참사는 ‘제로 코로나’ 정책과 강제 이송, 도로 안전, 정부 책임에 대한 지속적인 질문을 낳았다.	격리 대상자를 심야에 이송하던 버스가 전복돼 27명이 숨지고 20명이 다쳤다. 이 참사는 ‘제로 코로나’ 정책과 강제 이송, 도로 안전, 정부 책임에 대한 지속적인 질문을 낳았다.	NO	PASS_UNCHANGED
reread:batch10	53	guiyang-quarantine-bus-crash	non-target	excerpt_es	Un autobús que trasladaba de noche a personas hacia un centro de cuarentena volcó, con 27 muertos y 20 heridos, y abrió un debate duradero sobre la política de «cero COVID», el transporte obligatorio, la seguridad vial y la rendición de cuentas.	Un autobús que trasladaba de noche a personas hacia un centro de cuarentena volcó, con 27 muertos y 20 heridos, y abrió un debate duradero sobre la política de «cero COVID», el transporte obligatorio, la seguridad vial y la rendición de cuentas.	NO	PASS_UNCHANGED
reread:batch10	53	guiyang-quarantine-bus-crash	non-target	excerpt_de	Ein Bus, der Menschen nachts in eine Quarantäneeinrichtung bringen sollte, überschlug sich; 27 Menschen starben und 20 wurden verletzt. Das Unglück warf anhaltende Fragen zu Null-Covid, Zwangstransporten, Verkehrssicherheit und staatlicher Verantwortung auf.	Ein Bus, der Menschen nachts in eine Quarantäneeinrichtung bringen sollte, überschlug sich; 27 Menschen starben und 20 wurden verletzt. Das Unglück warf anhaltende Fragen zu Null-Covid, Zwangstransporten, Verkehrssicherheit und staatlicher Verantwortung auf.	NO	PASS_UNCHANGED
reread:batch10	53	guiyang-quarantine-bus-crash	non-target	excerpt_fr	Un bus qui transportait de nuit des personnes vers un centre de quarantaine s’est renversé, faisant 27 morts et 20 blessés. L’accident a suscité des questions durables sur le « zéro Covid », les transferts imposés, la sécurité routière et la responsabilité publique.	Un bus qui transportait de nuit des personnes vers un centre de quarantaine s’est renversé, faisant 27 morts et 20 blessés. L’accident a suscité des questions durables sur le « zéro Covid », les transferts imposés, la sécurité routière et la responsabilité publique.	NO	PASS_UNCHANGED
reread:batch10	53	guiyang-quarantine-bus-crash	non-target	excerpt_no	En buss som fraktet mennesker til karantene om natten veltet; 27 ble drept og 20 skadet. Ulykken reiste varige spørsmål om nullsmittepolitikken, tvungen transport, trafikksikkerhet og offentlig ansvar.	En buss som fraktet mennesker til karantene om natten veltet; 27 ble drept og 20 skadet. Ulykken reiste varige spørsmål om nullsmittepolitikken, tvungen transport, trafikksikkerhet og offentlig ansvar.	NO	PASS_UNCHANGED
reread:batch10	53	guiyang-quarantine-bus-crash	non-target	excerpt_nl	Een bus die ’s nachts mensen naar quarantaine vervoerde sloeg om; 27 mensen kwamen om en 20 raakten gewond. Het ongeval leidde tot blijvende vragen over het zero-COVID-beleid, gedwongen vervoer, verkeersveiligheid en overheidsverantwoording.	Een bus die ’s nachts mensen naar quarantaine vervoerde sloeg om; 27 mensen kwamen om en 20 raakten gewond. Het ongeval leidde tot blijvende vragen over het zero-COVID-beleid, gedwongen vervoer, verkeersveiligheid en overheidsverantwoording.	NO	PASS_UNCHANGED
reread:batch10	53	guiyang-quarantine-bus-crash	non-target	excerpt_it	Un autobus che trasportava di notte persone verso la quarantena si è ribaltato, causando 27 morti e 20 feriti. L’incidente ha sollevato interrogativi duraturi sulla politica «zero COVID», sui trasferimenti obbligati, sulla sicurezza stradale e sulla responsabilità pubblica.	Un autobus che trasportava di notte persone verso la quarantena si è ribaltato, causando 27 morti e 20 feriti. L’incidente ha sollevato interrogativi duraturi sulla politica «zero COVID», sui trasferimenti obbligati, sulla sicurezza stradale e sulla responsabilità pubblica.	NO	PASS_UNCHANGED
reread:batch10	53	guiyang-quarantine-bus-crash	non-target	date	2026-07-09	2026-07-09	NO	PASS_UNCHANGED
reread:batch10	53	guiyang-quarantine-bus-crash	non-target	url	posts/guiyang-quarantine-bus-crash.html	posts/guiyang-quarantine-bus-crash.html	NO	PASS_UNCHANGED
reread:batch10	54	guangzhou-haizhu-lockdown-protests	non-target	slug	guangzhou-haizhu-lockdown-protests	guangzhou-haizhu-lockdown-protests	NO	PASS_UNCHANGED
reread:batch10	54	guangzhou-haizhu-lockdown-protests	non-target	title_zh	廣州海珠封控抗議：生計、行動自由與警務處置	廣州海珠封控抗議：生計、行動自由與警務處置	NO	PASS_UNCHANGED
reread:batch10	54	guangzhou-haizhu-lockdown-protests	non-target	title_en	Guangzhou’s Haizhu Lockdown Protests: Livelihoods, Freedom of Movement, and Policing	Guangzhou’s Haizhu Lockdown Protests: Livelihoods, Freedom of Movement, and Policing	NO	PASS_UNCHANGED
reread:batch10	54	guangzhou-haizhu-lockdown-protests	non-target	title_ja	広州・海珠区の封鎖抗議：生計、移動の自由、警察対応	広州・海珠区の封鎖抗議：生計、移動の自由、警察対応	NO	PASS_UNCHANGED
reread:batch10	54	guangzhou-haizhu-lockdown-protests	non-target	title_ko	광저우 하이주 봉쇄 시위: 생계, 이동의 자유와 경찰 대응	광저우 하이주 봉쇄 시위: 생계, 이동의 자유와 경찰 대응	NO	PASS_UNCHANGED
reread:batch10	54	guangzhou-haizhu-lockdown-protests	non-target	title_es	Protestas contra el confinamiento en Haizhu, Guangzhou: sustento, libertad de circulación y actuación policial	Protestas contra el confinamiento en Haizhu, Guangzhou: sustento, libertad de circulación y actuación policial	NO	PASS_UNCHANGED
reread:batch10	54	guangzhou-haizhu-lockdown-protests	non-target	title_de	Lockdown-Proteste in Haizhu, Guangzhou: Lebensunterhalt, Bewegungsfreiheit und Polizeieinsatz	Lockdown-Proteste in Haizhu, Guangzhou: Lebensunterhalt, Bewegungsfreiheit und Polizeieinsatz	NO	PASS_UNCHANGED
reread:batch10	54	guangzhou-haizhu-lockdown-protests	non-target	title_fr	Manifestations contre le confinement à Haizhu, Guangzhou : moyens de subsistance, liberté de circulation et action policière	Manifestations contre le confinement à Haizhu, Guangzhou : moyens de subsistance, liberté de circulation et action policière	NO	PASS_UNCHANGED
reread:batch10	54	guangzhou-haizhu-lockdown-protests	non-target	title_no	Nedstengningsprotester i Haizhu, Guangzhou: levebrød, bevegelsesfrihet og politiinnsats	Nedstengningsprotester i Haizhu, Guangzhou: levebrød, bevegelsesfrihet og politiinnsats	NO	PASS_UNCHANGED
reread:batch10	54	guangzhou-haizhu-lockdown-protests	non-target	title_nl	Lockdownprotesten in Haizhu, Guangzhou: levensonderhoud, bewegingsvrijheid en politieoptreden	Lockdownprotesten in Haizhu, Guangzhou: levensonderhoud, bewegingsvrijheid en politieoptreden	NO	PASS_UNCHANGED
reread:batch10	54	guangzhou-haizhu-lockdown-protests	non-target	title_it	Proteste contro il confinamento a Haizhu, Guangzhou: mezzi di sussistenza, libertà di movimento e intervento della polizia	Proteste contro il confinamento a Haizhu, Guangzhou: mezzi di sussistenza, libertà di movimento e intervento della polizia	NO	PASS_UNCHANGED
reread:batch10	54	guangzhou-haizhu-lockdown-protests	non-target	excerpt_zh	嚴格封控使海珠居民和外來務工者承受停工、食物、住房與行動壓力；2022年11月影像記錄人群衝破障礙和警民對峙，其後全國性的參與者追蹤與網絡審查把民生危機擴大為表達、集會和有效救濟問題。	嚴格封控使海珠居民和外來務工者承受停工、食物、住房與行動壓力；2022年11月影像記錄人群衝破障礙和警民對峙，其後全國性的參與者追蹤與網絡審查把民生危機擴大為表達、集會和有效救濟問題。	NO	PASS_UNCHANGED
reread:batch10	54	guangzhou-haizhu-lockdown-protests	non-target	excerpt_en	Strict controls disrupted work, food access, housing and movement for Haizhu residents and migrant workers; November 2022 footage recorded crowds breaking through barriers and confronting police, while nationwide protester tracking and censorship turned a livelihood crisis into an issue of expression, assembly and effective remedy.	Strict controls disrupted work, food access, housing and movement for Haizhu residents and migrant workers; November 2022 footage recorded crowds breaking through barriers and confronting police, while nationwide protester tracking and censorship turned a livelihood crisis into an issue of expression, assembly and effective remedy.	NO	PASS_UNCHANGED
reread:batch10	54	guangzhou-haizhu-lockdown-protests	non-target	excerpt_ja	厳格な封鎖は海珠区の住民と移住労働者の仕事、食料、住居、移動を圧迫した。2022年11月の映像は障壁の突破と警察との対峙を記録し、その後の全国的な参加者追跡と検閲は、生計危機を表現、集会、実効的救済の問題へ広げた。	厳格な封鎖は海珠区の住民と移住労働者の仕事、食料、住居、移動を圧迫した。2022年11月の映像は障壁の突破と警察との対峙を記録し、その後の全国的な参加者追跡と検閲は、生計危機を表現、集会、実効的救済の問題へ広げた。	NO	PASS_UNCHANGED
reread:batch10	54	guangzhou-haizhu-lockdown-protests	non-target	excerpt_ko	엄격한 봉쇄는 하이주 주민과 이주노동자의 일, 식량, 주거, 이동을 압박했다. 2022년 11월 영상은 장벽 돌파와 경찰 대치를 기록했고, 이후 전국적 참가자 추적과 검열은 생계 위기를 표현·집회·실효적 구제의 문제로 확대했다.	엄격한 봉쇄는 하이주 주민과 이주노동자의 일, 식량, 주거, 이동을 압박했다. 2022년 11월 영상은 장벽 돌파와 경찰 대치를 기록했고, 이후 전국적 참가자 추적과 검열은 생계 위기를 표현·집회·실효적 구제의 문제로 확대했다.	NO	PASS_UNCHANGED
reread:batch10	54	guangzhou-haizhu-lockdown-protests	non-target	excerpt_es	Los controles estrictos alteraron el trabajo, la alimentación, la vivienda y la movilidad de residentes y trabajadores migrantes de Haizhu; las imágenes de noviembre de 2022 registraron el cruce de barreras y los enfrentamientos con la policía, y el posterior seguimiento nacional de manifestantes y la censura convirtieron la crisis de sustento en una cuestión de expresión, reunión y recurso efectivo.	Los controles estrictos alteraron el trabajo, la alimentación, la vivienda y la movilidad de residentes y trabajadores migrantes de Haizhu; las imágenes de noviembre de 2022 registraron el cruce de barreras y los enfrentamientos con la policía, y el posterior seguimiento nacional de manifestantes y la censura convirtieron la crisis de sustento en una cuestión de expresión, reunión y recurso efectivo.	NO	PASS_UNCHANGED
reread:batch10	54	guangzhou-haizhu-lockdown-protests	non-target	excerpt_de	Strenge Kontrollen beeinträchtigten Arbeit, Nahrung, Unterkunft und Bewegungsfreiheit von Einwohnern und Wanderarbeitern in Haizhu; Aufnahmen vom November 2022 zeigten das Durchbrechen von Sperren und Konfrontationen mit der Polizei, während die spätere landesweite Verfolgung von Demonstrierenden und Zensur die Existenzkrise zu einer Frage von Meinungsfreiheit, Versammlungsfreiheit und wirksamem Rechtsbehelf machten.	Strenge Kontrollen beeinträchtigten Arbeit, Nahrung, Unterkunft und Bewegungsfreiheit von Einwohnern und Wanderarbeitern in Haizhu; Aufnahmen vom November 2022 zeigten das Durchbrechen von Sperren und Konfrontationen mit der Polizei, während die spätere landesweite Verfolgung von Demonstrierenden und Zensur die Existenzkrise zu einer Frage von Meinungsfreiheit, Versammlungsfreiheit und wirksamem Rechtsbehelf machten.	NO	PASS_UNCHANGED
reread:batch10	54	guangzhou-haizhu-lockdown-protests	non-target	excerpt_fr	Les restrictions strictes ont perturbé le travail, l’alimentation, le logement et les déplacements des habitants et travailleurs migrants de Haizhu ; les images de novembre 2022 ont montré le franchissement de barrières et les affrontements avec la police, puis le traçage national des manifestants et la censure ont transformé la crise de subsistance en enjeu d’expression, de réunion et de recours effectif.	Les restrictions strictes ont perturbé le travail, l’alimentation, le logement et les déplacements des habitants et travailleurs migrants de Haizhu ; les images de novembre 2022 ont montré le franchissement de barrières et les affrontements avec la police, puis le traçage national des manifestants et la censure ont transformé la crise de subsistance en enjeu d’expression, de réunion et de recours effectif.	NO	PASS_UNCHANGED
reread:batch10	54	guangzhou-haizhu-lockdown-protests	non-target	excerpt_no	Strenge tiltak forstyrret arbeid, mattilgang, bolig og bevegelse for innbyggere og migrantarbeidere i Haizhu; opptak fra november 2022 viste gjennombrudd av sperringer og konfrontasjoner med politiet, mens senere landsomfattende sporing av demonstranter og sensur gjorde levebrødskrisen til et spørsmål om ytring, forsamling og effektivt rettsmiddel.	Strenge tiltak forstyrret arbeid, mattilgang, bolig og bevegelse for innbyggere og migrantarbeidere i Haizhu; opptak fra november 2022 viste gjennombrudd av sperringer og konfrontasjoner med politiet, mens senere landsomfattende sporing av demonstranter og sensur gjorde levebrødskrisen til et spørsmål om ytring, forsamling og effektivt rettsmiddel.	NO	PASS_UNCHANGED
reread:batch10	54	guangzhou-haizhu-lockdown-protests	non-target	excerpt_nl	Strenge maatregelen verstoorden werk, voedselvoorziening, huisvesting en beweging van inwoners en arbeidsmigranten in Haizhu; beelden uit november 2022 toonden het doorbreken van barrières en confrontaties met de politie, waarna landelijke opsporing van demonstranten en censuur de bestaanscrisis tot een kwestie van meningsuiting, vergadering en effectief rechtsmiddel maakten.	Strenge maatregelen verstoorden werk, voedselvoorziening, huisvesting en beweging van inwoners en arbeidsmigranten in Haizhu; beelden uit november 2022 toonden het doorbreken van barrières en confrontaties met de politie, waarna landelijke opsporing van demonstranten en censuur de bestaanscrisis tot een kwestie van meningsuiting, vergadering en effectief rechtsmiddel maakten.	NO	PASS_UNCHANGED
reread:batch10	54	guangzhou-haizhu-lockdown-protests	non-target	excerpt_it	Le severe restrizioni hanno compromesso lavoro, cibo, alloggio e movimento di residenti e lavoratori migranti di Haizhu; i filmati del novembre 2022 hanno mostrato il superamento delle barriere e gli scontri con la polizia, mentre il successivo tracciamento nazionale dei manifestanti e la censura hanno trasformato la crisi dei mezzi di sussistenza in una questione di espressione, riunione e ricorso effettivo.	Le severe restrizioni hanno compromesso lavoro, cibo, alloggio e movimento di residenti e lavoratori migranti di Haizhu; i filmati del novembre 2022 hanno mostrato il superamento delle barriere e gli scontri con la polizia, mentre il successivo tracciamento nazionale dei manifestanti e la censura hanno trasformato la crisi dei mezzi di sussistenza in una questione di espressione, riunione e ricorso effettivo.	NO	PASS_UNCHANGED
reread:batch10	54	guangzhou-haizhu-lockdown-protests	non-target	date	2026-07-09	2026-07-09	NO	PASS_UNCHANGED
reread:batch10	54	guangzhou-haizhu-lockdown-protests	non-target	url	posts/guangzhou-haizhu-lockdown-protests.html	posts/guangzhou-haizhu-lockdown-protests.html	NO	PASS_UNCHANGED
