slug	source_id	source_type	url	title_zh	audited_date	precision	verification_status	evidence_locator	accessed_at	note
2024-report	s1	human-rights-organization	https://www.hrw.org/report/2024/05/22/educate-masses-change-their-minds/chinas-forced-relocation-rural-tibetans	Human Rights Watch — 「教育群眾轉變觀念」：中國強迫農村藏人搬遷	2024-05-21	day	VERIFIED_SOURCE_DATE	https://www.hrw.org/report/2024/05/22/educate-masses-change-their-minds/chinas-forced-relocation-rural-tibetans | publication marker, document metadata, or bibliographic record	2026-07-15	Retained after source-page and metadata consistency audit; no contradiction identified
2024-report	s2	institutional-public	https://www.cecc.gov/publications/annual-reports/2024-annual-report	Congressional-Executive Commission on China — 2024年年度報告	2024-12-16	day	VERIFIED_SOURCE_DATE	https://www.cecc.gov/publications/annual-reports/2024-annual-report | publication marker, document metadata, or bibliographic record	2026-07-15	Retained after source-page and metadata consistency audit; no contradiction identified
2024-report	s3	institutional-public	https://www.legco.gov.hk/yr2024/english/ord/2024ord006-e.pdf	Hong Kong Legislative Council — 維護國家安全條例	2024-03-23	day	MANUAL_REVIEW_REQUIRED	https://www.legco.gov.hk/yr2024/english/ord/2024ord006-e.pdf | publication marker, document metadata, or bibliographic record	2026-07-15	HTTP 406 during the final direct-link audit
2024-report	s4	human-rights-organization	https://rsf.org/en/2024-world-press-freedom-index-journalism-under-political-pressure	Reporters Without Borders — 2024 年世界新聞自由指數－政治壓力下的新聞業	2024-05-03	day	VERIFIED_SOURCE_DATE	https://rsf.org/en/2024-world-press-freedom-index-journalism-under-political-pressure | publication marker, document metadata, or bibliographic record	2026-07-15	Retained after source-page and metadata consistency audit; no contradiction identified
2024-report	s5	united-nations-document	https://docs.un.org/en/A/HRC/56/6	United Nations — Report of the Working Group on the Universal Periodic Review: China	2024-01-26	day	VERIFIED_SOURCE_DATE	https://docs.un.org/en/A/HRC/56/6 | publication marker, document metadata, or bibliographic record	2026-07-15	Retained after source-page and metadata consistency audit; no contradiction identified
2026-report	q26-s1	human-rights-organization country-retrospective	https://www.hrw.org/world-report/2026/country-chapters/china	Human Rights Watch, World Report 2026: China	2026-01-09	day	VERIFIED_SOURCE_DATE	https://www.hrw.org/world-report/2026/country-chapters/china | publication marker, document metadata, or bibliographic record	2026-07-15	Retained after source-page and metadata consistency audit; no contradiction identified
2026-report	q26-s2	human-rights-organization annual-rights-report	https://www.amnesty.org/en/location/asia-and-the-pacific/east-asia/china/report-china/	Amnesty International, China 2025/26	2026-04	month	VERIFIED_SOURCE_DATE	https://www.amnesty.org/en/location/asia-and-the-pacific/east-asia/china/report-china/ | publication marker, document metadata, or bibliographic record	2026-07-15	Retained after source-page and metadata consistency audit; no contradiction identified
2026-report	q26-s3	human-rights-organization country-index	https://freedomhouse.org/country/china/freedom-world/2026	Freedom House, Freedom in the World 2026: China	2026-03-18	day	VERIFIED_SOURCE_DATE	https://freedomhouse.org/country/china/freedom-world/2026 | publication marker, document metadata, or bibliographic record	2026-07-15	Retained after source-page and metadata consistency audit; no contradiction identified
2026-report	q26-s4	human-rights-organization protest-dataset	https://freedomhouse.org/report/china-dissent-monitor/2025/issue-11-october-december-2025	Freedom House, China Dissent Monitor Issue 11: Oct–Dec 2025	2026-02-18	day	VERIFIED_SOURCE_DATE	https://freedomhouse.org/report/china-dissent-monitor/2025/issue-11-october-december-2025 | publication marker, document metadata, or bibliographic record	2026-07-15	Retained after source-page and metadata consistency audit; no contradiction identified
2026-report	q26-s5	human-rights-organization press-freedom-index	https://rsf.org/en/2026-rsf-index-press-freedom-25-year-low	Reporters Without Borders, 2026 World Press Freedom Index	2026-04-30	day	VERIFIED_SOURCE_DATE	https://rsf.org/en/2026-rsf-index-press-freedom-25-year-low | publication marker, document metadata, or bibliographic record	2026-07-15	Retained after source-page and metadata consistency audit; no contradiction identified
2026-report	q26-s6	human-rights-organization journalist-prison-census	https://cpj.org/special-reports/2025-journalist-jailings-remain-stubbornly-high-harsh-prison-conditions-pervasive/	Committee to Protect Journalists, 2025 prison census	2026-01-21	day	VERIFIED_SOURCE_DATE	https://cpj.org/special-reports/2025-journalist-jailings-remain-stubbornly-high-harsh-prison-conditions-pervasive/ | publication marker, document metadata, or bibliographic record	2026-07-15	Retained after source-page and metadata consistency audit; no contradiction identified
2026-report	q26-s7	institutional-public legislative-commission-analysis	https://www.cecc.gov/publications/commission-analysis/report-prcs-transnational-repression-and-malign-influence-2025	CECC, Report on the PRC’s Transnational Repression and Malign Influence in 2025	2026-06-04	day	VERIFIED_SOURCE_DATE	https://www.cecc.gov/publications/commission-analysis/report-prcs-transnational-repression-and-malign-influence-2025 | publication marker, document metadata, or bibliographic record	2026-07-15	Retained after source-page and metadata consistency audit; no contradiction identified
709-crackdown	s1	human-rights-organization campaign-background	https://www.amnesty.org/en/latest/campaigns/2016/07/one-year-since-chinas-crackdown-on-human-rights-lawyers/	Amnesty International — 中國對人權律師的鎮壓	2016-07-07	day	VERIFIED_SOURCE_DATE	https://www.amnesty.org/en/latest/campaigns/2016/07/one-year-since-chinas-crackdown-on-human-rights-lawyers/ | publication marker, document metadata, or bibliographic record	2026-07-15	Retained after source-page and metadata consistency audit; no contradiction identified
709-crackdown	s2	human-rights-organization sentencing-case-record	https://www.amnesty.org/en/latest/news/2019/01/china-disgraceful-prison-term-fo-human-rights-lawyer-wang-quanzhang/	Amnesty International — 中國：王全璋被判四年半徒刑令人震驚	2019-01-28	day	VERIFIED_SOURCE_DATE	https://www.amnesty.org/en/latest/news/2019/01/china-disgraceful-prison-term-fo-human-rights-lawyer-wang-quanzhang/ | publication marker, document metadata, or bibliographic record	2026-07-15	Retained after source-page and metadata consistency audit; no contradiction identified
709-crackdown	s3	human-rights-organization urgent-action	https://www.amnesty.org/en/documents/asa17/6056/2017/en/	Amnesty International — 中國：被拘留的人權律師下落不明：謝陽	2017-04-12	day	VERIFIED_SOURCE_DATE	https://www.amnesty.org/en/documents/asa17/6056/2017/en/ | publication marker, document metadata, or bibliographic record	2026-07-15	Retained after source-page and metadata consistency audit; no contradiction identified
709-crackdown	s4	human-rights-organization ten-year-retrospective	https://www.hrw.org/news/2025/07/06/china-10-years-since-709-crackdown-lawyers-still-under-fire	Human Rights Watch — 中國：709鎮壓十年，律師仍遭攻擊	2025-07-06	day	VERIFIED_SOURCE_DATE	https://www.hrw.org/news/2025/07/06/china-10-years-since-709-crackdown-lawyers-still-under-fire | publication marker, document metadata, or bibliographic record	2026-07-15	Retained after source-page and metadata consistency audit; no contradiction identified
ai-weiwei	s1	human-rights-organization detention-case-report	https://www.amnesty.org/en/latest/news/2011/04/china-detains-ai-weiwei-as-warning-against-dissent/	Amnesty International — 中國拘留艾未未以警告異議	2011-04-04	day	VERIFIED_SOURCE_DATE	https://www.amnesty.org/en/latest/news/2011/04/china-detains-ai-weiwei-as-warning-against-dissent/ | publication marker, document metadata, or bibliographic record	2026-07-15	Retained after source-page and metadata consistency audit; no contradiction identified
ai-weiwei	s2	human-rights-organization release-update	https://www.amnesty.org/en/latest/news/2011/06/china-releases-ai-weiwei-associates-detention/	Amnesty International — 中國釋放艾未未及同夥	2011-06-25	day	VERIFIED_SOURCE_DATE	https://www.amnesty.org/en/latest/news/2011/06/china-releases-ai-weiwei-associates-detention/ | publication marker, document metadata, or bibliographic record	2026-07-15	Retained after source-page and metadata consistency audit; no contradiction identified
ai-weiwei	s3	independent-media tax-case-report	https://www.theguardian.com/world/2011/nov/01/ai-weiwei-ordered-pay-tax-china	The Guardian — 中國因逃稅對艾未未處以罰款	2011-11-01	day	VERIFIED_SOURCE_DATE	https://www.theguardian.com/world/2011/nov/01/ai-weiwei-ordered-pay-tax-china | publication marker, document metadata, or bibliographic record	2026-07-15	Retained after source-page and metadata consistency audit; no contradiction identified
ai-weiwei	s4	independent-media passport-status-update	https://www.theguardian.com/artanddesign/2015/jul/22/ai-weiwei-free-to-travel-overseas-again-after-china-returns-his-passport	The Guardian — 中國歸還護照後，艾未未可再次自由出國旅行	2015-07-22	day	VERIFIED_SOURCE_DATE	https://www.theguardian.com/artanddesign/2015/jul/22/ai-weiwei-free-to-travel-overseas-again-after-china-returns-his-passport | publication marker, document metadata, or bibliographic record	2026-07-15	Retained after source-page and metadata consistency audit; no contradiction identified
ai-weiwei	s5	independent-media bail-status-report	https://www.theguardian.com/artanddesign/2012/jun/21/ai-weiwei-bail-conditions-lifted	The Guardian — 艾未未保釋條件解除後仍被告知不得離境	2012-06-21	day	VERIFIED_SOURCE_DATE	https://www.theguardian.com/artanddesign/2012/jun/21/ai-weiwei-bail-conditions-lifted | publication marker, document metadata, or bibliographic record	2026-07-15	Retained after source-page and metadata consistency audit; no contradiction identified
causeway-bay-books	s1	human-rights-organization	https://www.hrw.org/news/2017/10/25/where-bookseller-china-released	Human Rights Watch — 《書商中國》「發布」在哪裡？	2017-10-25	day	VERIFIED_SOURCE_DATE	https://www.hrw.org/news/2017/10/25/where-bookseller-china-released | publication marker, document metadata, or bibliographic record	2026-07-15	Retained after source-page and metadata consistency audit; no contradiction identified
causeway-bay-books	s2	overseas-media	https://www.theguardian.com/world/2016/jan/17/missing-hong-kong-bookseller-gui-minhai-reappears-on-chinese-tv	The Guardian — 失蹤的香港書商桂民海在中國國家電視臺露面	2016-01-17	day	VERIFIED_SOURCE_DATE	https://www.theguardian.com/world/2016/jan/17/missing-hong-kong-bookseller-gui-minhai-reappears-on-chinese-tv | publication marker, document metadata, or bibliographic record	2026-07-15	Retained after source-page and metadata consistency audit; no contradiction identified
causeway-bay-books	s3	institutional-public	https://www.eeas.europa.eu/eeas/china-statement-spokesperson-case-gui-minhai_en	歐盟對外事務部 — 關於桂民海案的聲明	2020-02-25	day	VERIFIED_SOURCE_DATE	https://www.eeas.europa.eu/eeas/china-statement-spokesperson-case-gui-minhai_en | publication marker, document metadata, or bibliographic record	2026-07-15	Retained after source-page and metadata consistency audit; no contradiction identified
chen-guangcheng	s1	human-rights-organization protection-case-report	https://www.hrw.org/news/2012/04/27/china-protect-chen-guangcheng-extrajudicial-violence	Human Rights Watch — 中國：保護陳光誠免遭法外暴力	2012-04-27	day	VERIFIED_SOURCE_DATE	https://www.hrw.org/news/2012/04/27/china-protect-chen-guangcheng-extrajudicial-violence | publication marker, document metadata, or bibliographic record	2026-07-15	Retained after source-page and metadata consistency audit; no contradiction identified
chen-guangcheng	s2	human-rights-organization legislative-testimony	https://www.hrw.org/news/2011/11/03/congressional-executive-commission-china-2011-annual-report	Human Rights Watch — 蘇菲・理查森就 CECC 2011 年度報告所作證詞	2011-11-03	day	VERIFIED_SOURCE_DATE	https://www.hrw.org/news/2011/11/03/congressional-executive-commission-china-2011-annual-report | publication marker, document metadata, or bibliographic record	2026-07-15	Retained after source-page and metadata consistency audit; no contradiction identified
chen-guangcheng	s3	overseas-media contemporaneous-wire-report	https://news.trust.org/item/20120519113100-abt5u	Reuters — 陳光誠離開北京前往美國	2012-05-19	day	VERIFIED_SOURCE_DATE	https://news.trust.org/item/20120519113100-abt5u | publication marker, document metadata, or bibliographic record	2026-07-15	Retained after source-page and metadata consistency audit; no contradiction identified
chen-qiushi	cq-s1	human-rights-organization press-freedom-case-alert	https://cpj.org/2020/02/chinese-video-journalist-chen-qiushi-who-covered-c/	CPJ, Chinese video journalist Chen Qiushi disappears after covering coronavirus outbreak	2020-02-10	day	VERIFIED_SOURCE_DATE	https://cpj.org/2020/02/chinese-video-journalist-chen-qiushi-who-covered-c/ | publication marker, document metadata, or bibliographic record	2026-07-15	Retained after source-page and metadata consistency audit; no contradiction identified
chen-qiushi	cq-s2	human-rights-organization rights-case-analysis	https://www.hrw.org/news/2020/04/27/china-free-covid-19-activists-citizen-journalists	Human Rights Watch, China: Free Covid-19 Activists, Citizen Journalists	2020-04-27	day	VERIFIED_SOURCE_DATE	https://www.hrw.org/news/2020/04/27/china-free-covid-19-activists-citizen-journalists | publication marker, document metadata, or bibliographic record	2026-07-15	Retained after source-page and metadata consistency audit; no contradiction identified
chen-qiushi	cq-s3	overseas-media contemporaneous-media	https://www.theguardian.com/world/2020/sep/24/wuhan-covid-journalist-missing-since-february-found-says-friend-chen-qiushi-china	The Guardian, Wuhan Covid journalist missing since February found, says friend	2020-09-24	day	VERIFIED_SOURCE_DATE	https://www.theguardian.com/world/2020/sep/24/wuhan-covid-journalist-missing-since-february-found-says-friend-chen-qiushi-china | publication marker, document metadata, or bibliographic record	2026-07-15	Retained after source-page and metadata consistency audit; no contradiction identified
chen-qiushi	cq-s4	human-rights-organization retrospective-case-tracking	https://safeguarddefenders.com/en/blog/whatever-happened-chinas-covid-citizen-journalists	Safeguard Defenders, Whatever happened to China’s COVID citizen journalists?	2023-04-25	day	VERIFIED_SOURCE_DATE	https://safeguarddefenders.com/en/blog/whatever-happened-chinas-covid-citizen-journalists | publication marker, document metadata, or bibliographic record	2026-07-15	Retained after source-page and metadata consistency audit; no contradiction identified
chen-qiushi	cq-s5	overseas-media wire-retrospective	https://apnews.com/article/52aacbbea65df93b77caaabfc9f9e5b4	Associated Press retrospective: Chen Qiushi resurfaced in September 2021 after disappearing in Wuhan	2024-05-22	day	VERIFIED_SOURCE_DATE	https://apnews.com/article/52aacbbea65df93b77caaabfc9f9e5b4 | publication marker, document metadata, or bibliographic record	2026-07-15	Retained after source-page and metadata consistency audit; no contradiction identified
china-dissent-monitor-2025	cdm25-s1	human-rights-organization protest-database	https://freedomhouse.org/report/china-dissent-monitor	Freedom House, China Dissent Monitor	UNDATED	none	UNDATED_CONFIRMED	https://freedomhouse.org/report/china-dissent-monitor | publication marker, document metadata, or bibliographic record	2026-07-15	Dynamic landing/archive page exposes no stable publication date; no date was inferred
china-dissent-monitor-2025	cdm25-s2	human-rights-organization quarterly-dataset	https://freedomhouse.org/report/china-dissent-monitor/2025/issue-11-october-december-2025	Freedom House, China Dissent Monitor Issue 11: Oct–Dec 2025	2026-02-18	day	VERIFIED_SOURCE_DATE	https://freedomhouse.org/report/china-dissent-monitor/2025/issue-11-october-december-2025 | publication marker, document metadata, or bibliographic record	2026-07-15	Retained after source-page and metadata consistency audit; no contradiction identified
china-dissent-monitor-2025	cdm25-s3	human-rights-organization country-index	https://freedomhouse.org/country/china/freedom-world/2026	Freedom House, Freedom in the World 2026: China	2026-03-18	day	VERIFIED_SOURCE_DATE	https://freedomhouse.org/country/china/freedom-world/2026 | publication marker, document metadata, or bibliographic record	2026-07-15	Retained after source-page and metadata consistency audit; no contradiction identified
china-dissent-monitor-2025	cdm25-s4	human-rights-organization annual-rights-report	https://www.amnesty.org/en/location/asia-and-the-pacific/east-asia/china/report-china/	Amnesty International, China 2025/26	2026-04	month	VERIFIED_SOURCE_DATE	https://www.amnesty.org/en/location/asia-and-the-pacific/east-asia/china/report-china/ | publication marker, document metadata, or bibliographic record	2026-07-15	Retained after source-page and metadata consistency audit; no contradiction identified
china-human-rights-cases-supplement-2026	s1	human-rights-organization	https://www.amnesty.org/en/latest/news/2020/04/china-wang-quanzhang-freedom-an-illusion-until-government-lifts-ruthless-restrictions/	Amnesty International — 中國：在政府取消無情限制之前王全璋的自由只是幻想	2020-04-05	day	VERIFIED_SOURCE_DATE	https://www.amnesty.org/en/latest/news/2020/04/china-wang-quanzhang-freedom-an-illusion-until-government-lifts-ruthless-restrictions/ | publication marker, document metadata, or bibliographic record	2026-07-15	Retained after source-page and metadata consistency audit; no contradiction identified
china-human-rights-cases-supplement-2026	s2	human-rights-organization	https://www.amnesty.org/en/documents/asa17/3496/2021/en/	Amnesty International — 中國：更多資訊：COVID-19 記者張展因揭露真相被判 4 年徒刑	2021-01-08	day	VERIFIED_SOURCE_DATE	https://www.amnesty.org/en/documents/asa17/3496/2021/en/ | publication marker, document metadata, or bibliographic record	2026-07-15	Retained after source-page and metadata consistency audit; no contradiction identified
china-human-rights-cases-supplement-2026	s3	human-rights-organization	https://www.hrw.org/news/2020/09/28/china-12-hong-kong-protesters-held-incommunicado	Human Rights Watch — 中國：12名香港抗議者被單獨監禁	2020-09-28	day	VERIFIED_SOURCE_DATE	https://www.hrw.org/news/2020/09/28/china-12-hong-kong-protesters-held-incommunicado | publication marker, document metadata, or bibliographic record	2026-07-15	Retained after source-page and metadata consistency audit; no contradiction identified
china-human-rights-cases-supplement-2026	s4	human-rights-organization	https://www.hrw.org/news/2021/03/02/hong-kong-47-charged-under-abusive-security-law	Human Rights Watch — 香港：47 人被控濫用國安法	2021-03-02	day	VERIFIED_SOURCE_DATE	https://www.hrw.org/news/2021/03/02/hong-kong-47-charged-under-abusive-security-law | publication marker, document metadata, or bibliographic record	2026-07-15	Retained after source-page and metadata consistency audit; no contradiction identified
china-human-rights-cases-supplement-2026	s5	human-rights-organization	https://www.nchrd.org/2025/07/chinese-dissidents-peng-lifa-beijings-banner-man-sentenced-to-nine-years-in-prison/	Chinese Human Rights Defenders — 中國異議人士、北京旗人彭利發被判九年徒刑	2025-07-08	day	VERIFIED_SOURCE_DATE	https://www.nchrd.org/2025/07/chinese-dissidents-peng-lifa-beijings-banner-man-sentenced-to-nine-years-in-prison/ | publication marker, document metadata, or bibliographic record	2026-07-15	Retained after source-page and metadata consistency audit; no contradiction identified
china-human-rights-cases-supplement-2026	s6	human-rights-organization	https://www.amnesty.org/en/latest/campaigns/2023/11/chinas-white-paper-movement-one-year-on-six-protesters-share-their-stories/	Amnesty International — 中國白紙抗議一週年：六名抗議者分享經歷	2023-11-27	day	VERIFIED_SOURCE_DATE	https://www.amnesty.org/en/latest/campaigns/2023/11/chinas-white-paper-movement-one-year-on-six-protesters-share-their-stories/ | publication marker, document metadata, or bibliographic record	2026-07-15	Retained after source-page and metadata consistency audit; no contradiction identified
china-human-rights-cases-supplement-2026	s7	united-nations-document	https://www.ohchr.org/sites/default/files/documents/countries/2022-08-31/22-08-31-final-assesment.pdf	Office of the UN High Commissioner for Human Rights — 人權高專辦 對中華人民共和國新疆維吾爾自治區人權議題的評估	2022-08-31	day	MANUAL_REVIEW_REQUIRED	https://www.ohchr.org/sites/default/files/documents/countries/2022-08-31/22-08-31-final-assesment.pdf | publication marker, document metadata, or bibliographic record	2026-07-15	TLS failure during the final direct-link audit
china-human-rights-cases-supplement-2026	s8	overseas-media	https://www.euronews.com/2022/10/14/china-congress-protests-beijing	Euronews／Reuters — 北京罕見政治抗議橫幅被移除	2022-10-14	day	VERIFIED_SOURCE_DATE	https://www.euronews.com/2022/10/14/china-congress-protests-beijing | publication marker, document metadata, or bibliographic record	2026-07-15	Retained after source-page and metadata consistency audit; no contradiction identified
dong-yaoqiong-ink-protest	dyi-s1	overseas-media	https://www.rfa.org/english/news/china/hospitalized-07232018105734.html	Radio Free Asia, Woman Who Splashed Xi Jinping Poster Sent to Psychiatric Hospital	2018-07-23	day	VERIFIED_SOURCE_DATE	https://www.rfa.org/english/news/china/hospitalized-07232018105734.html | publication marker, document metadata, or bibliographic record	2026-07-15	Retained after source-page and metadata consistency audit; no contradiction identified
dong-yaoqiong-ink-protest	dyi-s2	human-rights-organization	https://www.nchrd.org/2020/01/ink-girl-who-defaced-xi-jinping-poster-released-from-chinese-psychiatric-facility/	CHRD, “Ink Girl” released from Chinese psychiatric facility	2020-01-07	day	VERIFIED_SOURCE_DATE	https://www.nchrd.org/2020/01/ink-girl-who-defaced-xi-jinping-poster-released-from-chinese-psychiatric-facility/ | publication marker, document metadata, or bibliographic record	2026-07-15	Retained after source-page and metadata consistency audit; no contradiction identified
dong-yaoqiong-ink-protest	dyi-s3	overseas-media	https://www.rfa.org/english/news/china/ink-girl-father-09262022133150.html	Radio Free Asia, Father of woman who splashed Xi Jinping poster dies in jail	2022-09-26	day	VERIFIED_SOURCE_DATE	https://www.rfa.org/english/news/china/ink-girl-father-09262022133150.html | publication marker, document metadata, or bibliographic record	2026-07-15	Retained after source-page and metadata consistency audit; no contradiction identified
dong-yaoqiong-ink-protest	dyi-s4	human-rights-organization	https://safeguarddefenders.com/en/blog/letter-dong-yaoqiong-chinas-disappeared-ink-girl	Safeguard Defenders, A letter to Dong Yaoqiong — China’s disappeared “ink girl”	2025-09-23	day	VERIFIED_SOURCE_DATE	https://safeguarddefenders.com/en/blog/letter-dong-yaoqiong-chinas-disappeared-ink-girl | publication marker, document metadata, or bibliographic record	2026-07-15	Retained after source-page and metadata consistency audit; no contradiction identified
dong-yaoqiong-ink-protest	dyi-s5	united-nations-document	https://www.who.int/publications/i/item/9789240080737	WHO/OHCHR, Mental health, human rights and legislation: guidance and practice	2023-10-09	day	VERIFIED_SOURCE_DATE	https://www.who.int/publications/i/item/9789240080737 | publication marker, document metadata, or bibliographic record	2026-07-15	Retained after source-page and metadata consistency audit; no contradiction identified
fang-bin-citizen-journalist	fb-s1	overseas-media secret-trial-report	https://www.rfa.org/english/news/china/citizen-journalist-wuhan-04182023145947.html	Radio Free Asia, Chinese pandemic whistleblower tried in secret was given 3-year sentence	2023-04-18	day	VERIFIED_SOURCE_DATE	https://www.rfa.org/english/news/china/citizen-journalist-wuhan-04182023145947.html | publication marker, document metadata, or bibliographic record	2026-07-15	Retained after source-page and metadata consistency audit; no contradiction identified
fang-bin-citizen-journalist	fb-s2	overseas-media release-wire-report	https://www.pbs.org/newshour/world/chinese-citizen-who-reported-on-covid-outbreak-to-be-released-after-3-years-in-prison	AP / PBS, Chinese citizen who reported on COVID outbreak to be released after 3 years	2023-04-30	day	VERIFIED_SOURCE_DATE	https://www.pbs.org/newshour/world/chinese-citizen-who-reported-on-covid-outbreak-to-be-released-after-3-years-in-prison | publication marker, document metadata, or bibliographic record	2026-07-15	Retained after source-page and metadata consistency audit; no contradiction identified
fang-bin-citizen-journalist	fb-s3	human-rights-organization press-freedom-case-alert	https://www.ifj.org/media-centre/news/detail/category/press-releases/article/china-businessman-and-journalist-fang-bin-remains-in-detention	International Federation of Journalists, China: Businessman and journalist Fang Bin remains in detention	2021-11-30	day	VERIFIED_SOURCE_DATE	https://www.ifj.org/media-centre/news/detail/category/press-releases/article/china-businessman-and-journalist-fang-bin-remains-in-detention | publication marker, document metadata, or bibliographic record	2026-07-15	Retained after source-page and metadata consistency audit; no contradiction identified
fang-bin-citizen-journalist	fb-s4	overseas-media post-release-housing-report	https://www.rfa.org/english/news/china/blogger-evicted-05022024105602.html	Radio Free Asia, Pandemic citizen journalist evicted from newly leased home in Wuhan	2024-05-02	day	VERIFIED_SOURCE_DATE	https://www.rfa.org/english/news/china/blogger-evicted-05022024105602.html | publication marker, document metadata, or bibliographic record	2026-07-15	Retained after source-page and metadata consistency audit; no contradiction identified
feng-county-chained-woman	s1	archived-primary-source	https://www.youtube.com/watch?v=ElSqUN9HVBs	Original footage — 豐縣女子被鎖的視頻	2022-01-27	day	VERIFIED_SOURCE_DATE	https://www.youtube.com/watch?v=ElSqUN9HVBs | publication marker, document metadata, or bibliographic record	2026-07-15	Retained after source-page and metadata consistency audit; no contradiction identified
feng-county-chained-woman	s2	institutional-public	https://www.xz.gov.cn/xwzx/001001/20220207/0adf8633-ae86-4e2a-a73d-0cbdcb02d64d.html	Xuzhou Municipal Government — 關於豐縣婦女案的聲明	2022-02-07	day	VERIFIED_SOURCE_DATE	https://www.xz.gov.cn/xwzx/001001/20220207/0adf8633-ae86-4e2a-a73d-0cbdcb02d64d.html | publication marker, document metadata, or bibliographic record	2026-07-15	Retained after source-page and metadata consistency audit; no contradiction identified
feng-county-chained-woman	s3	institutional-public	https://www.news.cn/politics/2022-02/23/c_1128408553.htm	新華社 — 江蘇省委省政府調查組公佈「豐縣生育八孩女子」事件調查結果	2022-02-23	day	VERIFIED_SOURCE_DATE	https://www.news.cn/politics/2022-02/23/c_1128408553.htm | publication marker, document metadata, or bibliographic record	2026-07-15	Retained after source-page and metadata consistency audit; no contradiction identified
feng-county-chained-woman	s4	human-rights-organization	https://freedomhouse.org/sites/default/files/2022-02/Eng_FH_CMB_2022_Feb_160.pdf	Freedom House — 中國媒體快報：2022年2月	2022-02-16	day	VERIFIED_SOURCE_DATE	https://freedomhouse.org/sites/default/files/2022-02/Eng_FH_CMB_2022_Feb_160.pdf | publication marker, document metadata, or bibliographic record	2026-07-15	Retained after source-page and metadata consistency audit; no contradiction identified
feng-county-chained-woman	s5	institutional-public	https://www.news.cn/2023-04/07/c_1129501525.htm	新華社 — 「豐縣生育八孩女子」事件相關案件一審宣判：董志民獲刑九年	2023-04-07	day	VERIFIED_SOURCE_DATE	https://www.news.cn/2023-04/07/c_1129501525.htm | publication marker, document metadata, or bibliographic record	2026-07-15	Retained after source-page and metadata consistency audit; no contradiction identified
gao-yu	gy-s1	overseas-media sentencing-report	https://www.rfa.org/english/news/china/gao-yu-receives-seven-year-jail-sentence-04172015104121.html	Radio Free Asia, Veteran Journalist Gao Yu Receives Seven-Year Jail Sentence	2015-04-17	day	VERIFIED_SOURCE_DATE	https://www.rfa.org/english/news/china/gao-yu-receives-seven-year-jail-sentence-04172015104121.html | publication marker, document metadata, or bibliographic record	2026-07-15	Retained after source-page and metadata consistency audit; no contradiction identified
gao-yu	gy-s2	human-rights-organization press-freedom-profile	https://cpj.org/campaigns/pressuncuffed/gao-yu/	CPJ, Gao Yu - #FreeThePress	2015-08-25	day	VERIFIED_SOURCE_DATE	https://cpj.org/campaigns/pressuncuffed/gao-yu/ | publication marker, document metadata, or bibliographic record	2026-07-15	Retained after source-page and metadata consistency audit; no contradiction identified
gao-yu	gy-s3	human-rights-organization defender-case-history	https://www.frontlinedefenders.org/en/case/case-history-gao-yu	Front Line Defenders, Case history: Gao Yu	2015-03-31	day	VERIFIED_SOURCE_DATE	https://www.frontlinedefenders.org/en/case/case-history-gao-yu | publication marker, document metadata, or bibliographic record	2026-07-15	Retained after source-page and metadata consistency audit; no contradiction identified
gao-yu	gy-s4	human-rights-organization medical-parole-update	https://www.ifj.org/media-centre/news/detail/category/press-releases/article/update-gao-yu-released-on-medical-parole-following-sentence-reduction	IFJ, Gao Yu released on medical parole following sentence reduction	2015-11-26	day	VERIFIED_SOURCE_DATE	https://www.ifj.org/media-centre/news/detail/category/press-releases/article/update-gao-yu-released-on-medical-parole-following-sentence-reduction | publication marker, document metadata, or bibliographic record	2026-07-15	Retained after source-page and metadata consistency audit; no contradiction identified
guangzhou-haizhu-lockdown-protests	ghz-s1	original-footage independent-media	https://www.theguardian.com/world/video/2022/nov/15/rare-unrest-chinese-city-guangzhou-people-protest-covid-restrictions-video	《衛報》：海珠人群衝破疫情障礙及誤用2017年片段的更正	2022-11-15	day	VERIFIED_SOURCE_DATE	https://www.theguardian.com/world/video/2022/nov/15/rare-unrest-chinese-city-guangzhou-people-protest-covid-restrictions-video | publication marker, document metadata, or bibliographic record	2026-07-15	Retained after source-page and metadata consistency audit; no contradiction identified
guangzhou-haizhu-lockdown-protests	ghz-s2	human-rights-organization	https://www.hrw.org/news/2022/11/28/china-respect-right-peaceful-protest	Human Rights Watch：尊重和平抗議權	2022-11-28	day	VERIFIED_SOURCE_DATE	https://www.hrw.org/news/2022/11/28/china-respect-right-peaceful-protest | publication marker, document metadata, or bibliographic record	2026-07-15	Retained after source-page and metadata consistency audit; no contradiction identified
guangzhou-haizhu-lockdown-protests	ghz-s3	original-footage overseas-media	https://www.theguardian.com/world/video/2022/nov/30/protesters-clash-with-hazmat-suit-clad-riot-police-in-guangzhou-china-video	《衛報》：海珠抗議者與防護服警力衝突	2022-11-30	day	VERIFIED_SOURCE_DATE	https://www.theguardian.com/world/video/2022/nov/30/protesters-clash-with-hazmat-suit-clad-riot-police-in-guangzhou-china-video | publication marker, document metadata, or bibliographic record	2026-07-15	Retained after source-page and metadata consistency audit; no contradiction identified
guangzhou-haizhu-lockdown-protests	ghz-s4	institutional-public municipal-transport-control-record	https://www.gz.gov.cn/guangzhouinternational/home/citynews/content/post_8659078.html	廣州市政府：海珠區11月8日至11日延續公共交通停運與臨時交通管制	2022-11-08	day	VERIFIED_SOURCE_DATE	https://www.gz.gov.cn/guangzhouinternational/home/citynews/content/post_8659078.html | publication marker, document metadata, or bibliographic record	2026-07-15	Retained after source-page and metadata consistency audit; no contradiction identified
guangzhou-haizhu-lockdown-protests	ghz-s5	independent-media overseas-media	https://www.theguardian.com/world/2022/nov/15/covid-curbs-fuel-unrest-in-southern-chinese-city-video-shows	《衛報》：移工街區與衝破封控障礙的抗議	2022-11-15	day	VERIFIED_SOURCE_DATE	https://www.theguardian.com/world/2022/nov/15/covid-curbs-fuel-unrest-in-southern-chinese-city-video-shows | publication marker, document metadata, or bibliographic record	2026-07-15	Retained after source-page and metadata consistency audit; no contradiction identified
guangzhou-haizhu-lockdown-protests	ghz-s6	independent-media overseas-media	https://www.theguardian.com/world/2022/nov/29/china-police-move-to-deter-zero-covid-demonstrations-and-trace-protesters	《衛報》：警方阻止示威並追蹤參與者	2022-11-29	day	VERIFIED_SOURCE_DATE	https://www.theguardian.com/world/2022/nov/29/china-police-move-to-deter-zero-covid-demonstrations-and-trace-protesters | publication marker, document metadata, or bibliographic record	2026-07-15	Retained after source-page and metadata consistency audit; no contradiction identified
guangzhou-haizhu-lockdown-protests	ghz-s7	independent-media censorship-record	https://www.theguardian.com/world/2022/dec/02/china-brings-in-emergency-level-censorship-over-zero-covid-protests	《衛報》：抗議後的一級網絡審查、追蹤與詢問	2022-12-02	day	VERIFIED_SOURCE_DATE	https://www.theguardian.com/world/2022/dec/02/china-brings-in-emergency-level-censorship-over-zero-covid-protests | publication marker, document metadata, or bibliographic record	2026-07-15	Retained after source-page and metadata consistency audit; no contradiction identified
guiyang-quarantine-bus-crash	gqb-s1	institutional-public overseas-media	https://www.gmanetwork.com/news/topstories/world/845263/27-people-killed-in-china-quarantine-bus-crash/story/	Reuters轉引：事故與轉運信息	2022-09-18	day	VERIFIED_SOURCE_DATE	https://www.gmanetwork.com/news/topstories/world/845263/27-people-killed-in-china-quarantine-bus-crash/story/ | publication marker, document metadata, or bibliographic record	2026-07-15	Retained after source-page and metadata consistency audit; no contradiction identified
guiyang-quarantine-bus-crash	gqb-s2	overseas-media	https://www.aljazeera.com/news/2022/9/18/twenty-seven-people-killed-in-china-bus-crash	Al Jazeera：事故背景與公共反應	2022-09-18	day	VERIFIED_SOURCE_DATE	https://www.aljazeera.com/news/2022/9/18/twenty-seven-people-killed-in-china-bus-crash | publication marker, document metadata, or bibliographic record	2026-07-15	Retained after source-page and metadata consistency audit; no contradiction identified
guiyang-quarantine-bus-crash	gqb-s3	institutional-public	https://www.gzxw.gov.cn/tt/7878	Guizhou authorities: rescue, medical treatment, investigation and aftercare teams established	2022-09-18	day	VERIFIED_SOURCE_DATE	https://www.gzxw.gov.cn/tt/7878 | publication marker, document metadata, or bibliographic record	2026-07-15	Retained after source-page and metadata consistency audit; no contradiction identified
guiyang-quarantine-bus-crash	gqb-s4	affected-person-material independent-media	https://theinitium.com/20220920-mainland-zero-covid-policy-guiyang-quarantine-story-zh-hans/	端傳媒：隔離居民自述與強制轉運環境	2022-09-20	day	VERIFIED_SOURCE_DATE	https://theinitium.com/20220920-mainland-zero-covid-policy-guiyang-quarantine-story-zh-hans/ | publication marker, document metadata, or bibliographic record	2026-07-15	Retained after source-page and metadata consistency audit; no contradiction identified
henan-bank-depositor-protests	hbd-s1	affected-person-material independent-media	https://www.investing.com/news/economy/china-bank-protest-stopped-by-health-codes-turning-red-depositors-say-2836815	Reuters：儲戶紅碼陳述	2022-06-14	day	MANUAL_REVIEW_REQUIRED	https://www.investing.com/news/economy/china-bank-protest-stopped-by-health-codes-turning-red-depositors-say-2836815 | publication marker, document metadata, or bibliographic record	2026-07-15	HTTP 403 during the final direct-link audit
henan-bank-depositor-protests	hbd-s2	independent-media eyewitness-and-video-report	https://www.theguardian.com/world/2022/jul/11/china-violent-clashes-at-protest-over-frozen-rural-bank-accounts	衛報：河南凍結存款抗議遭暴力驅散	2022-07-12	day	VERIFIED_SOURCE_DATE	https://www.theguardian.com/world/2022/jul/11/china-violent-clashes-at-protest-over-frozen-rural-bank-accounts | publication marker, document metadata, or bibliographic record	2026-07-15	Retained after source-page and metadata consistency audit; no contradiction identified
henan-bank-depositor-protests	hbd-s3	independent-media regulator-notice-report	https://indianexpress.com/article/world/china-two-provinces-bank-deposit-protests-repayments-8023992/	印度快報：河南、安徽分批向部分村鎮銀行客戶墊付	2022-07-12	day	VERIFIED_SOURCE_DATE	https://indianexpress.com/article/world/china-two-provinces-bank-deposit-protests-repayments-8023992/ | publication marker, document metadata, or bibliographic record	2026-07-15	Retained after source-page and metadata consistency audit; no contradiction identified
henan-bank-depositor-protests	hbd-s4	institutional-public	https://www.lzxq.gov.cn/system/2022/06/23/030579873.shtml	Zhengzhou inquiry: five officials disciplined over red health codes for rural-bank depositors	2022-06-23	day	VERIFIED_SOURCE_DATE	https://www.lzxq.gov.cn/system/2022/06/23/030579873.shtml | publication marker, document metadata, or bibliographic record	2026-07-15	Retained after source-page and metadata consistency audit; no contradiction identified
hk-12	s1	human-rights-organization urgent-action	https://www.amnesty.org/en/documents/asa17/3075/2020/en/	Amnesty International — 中國：12名香港人在中國被單獨監禁	2020-09-17	day	VERIFIED_SOURCE_DATE	https://www.amnesty.org/en/documents/asa17/3075/2020/en/ | publication marker, document metadata, or bibliographic record	2026-07-15	Retained after source-page and metadata consistency audit; no contradiction identified
hk-12	s2	human-rights-organization incommunicado-case-report	https://www.hrw.org/news/2020/09/28/china-12-hong-kong-protesters-held-incommunicado	Human Rights Watch — 中國：12名香港抗議者被單獨監禁	2020-09-28	day	VERIFIED_SOURCE_DATE	https://www.hrw.org/news/2020/09/28/china-12-hong-kong-protesters-held-incommunicado | publication marker, document metadata, or bibliographic record	2026-07-15	Retained after source-page and metadata consistency audit; no contradiction identified
hk-12	s3	overseas-media trial-report	https://www.aljazeera.com/news/2020/12/28/ten-of-hong-kong-12-set-to	Al Jazeera — 中國：開始審判海上被扣的「香港12人」中的10人	2020-12-28	day	VERIFIED_SOURCE_DATE	https://www.aljazeera.com/news/2020/12/28/ten-of-hong-kong-12-set-to | publication marker, document metadata, or bibliographic record	2026-07-15	Retained after source-page and metadata consistency audit; no contradiction identified
hk-12	s4	overseas-media sentencing-report	https://www.aljazeera.com/news/2020/12/30/china-jails-10-hong-kong-activists-for-illegal-border-crossing	半島電視台：十名香港活動人士被判刑，兩名未成年人被遣返	2020-12-30	day	VERIFIED_SOURCE_DATE	https://www.aljazeera.com/news/2020/12/30/china-jails-10-hong-kong-activists-for-illegal-border-crossing | publication marker, document metadata, or bibliographic record	2026-07-15	Retained after source-page and metadata consistency audit; no contradiction identified
hk-12	s5	human-rights-organization advocacy-case-dossier	https://www.hongkongwatch.org/all-posts/2020/10/14/the-campaign-to-save-the-12-hong-kong-youths	Hong Kong Watch — 拯救12位香港青少年的行動	2020-10-14	day	VERIFIED_SOURCE_DATE	https://www.hongkongwatch.org/all-posts/2020/10/14/the-campaign-to-save-the-12-hong-kong-youths | publication marker, document metadata, or bibliographic record	2026-07-15	Retained after source-page and metadata consistency audit; no contradiction identified
hk-47	s1	institutional-public	https://www.info.gov.hk/gia/general/202101/06/P2021010600675.htm	Hong Kong Government Information Services — 香港特區政府不會容忍任何顛覆國家政權的罪行	2021-01-06	day	VERIFIED_SOURCE_DATE	https://www.info.gov.hk/gia/general/202101/06/P2021010600675.htm | publication marker, document metadata, or bibliographic record	2026-07-15	Retained after source-page and metadata consistency audit; no contradiction identified
hk-47	s2	human-rights-organization	https://www.hrw.org/news/2021/03/02/hong-kong-47-charged-under-abusive-security-law	Human Rights Watch — 香港：47 人被控濫用國安法	2021-03-02	day	VERIFIED_SOURCE_DATE	https://www.hrw.org/news/2021/03/02/hong-kong-47-charged-under-abusive-security-law | publication marker, document metadata, or bibliographic record	2026-07-15	Retained after source-page and metadata consistency audit; no contradiction identified
hk-47	s3	human-rights-organization	https://www.hrw.org/news/2022/08/22/hong-kong-47-lawmakers-activists-face-unfair-trial	Human Rights Watch — 香港：47名立法會議員、活動人士面臨不公平審判	2022-08-22	day	VERIFIED_SOURCE_DATE	https://www.hrw.org/news/2022/08/22/hong-kong-47-lawmakers-activists-face-unfair-trial | publication marker, document metadata, or bibliographic record	2026-07-15	Retained after source-page and metadata consistency audit; no contradiction identified
hk-47	s4	court-document	https://legalref.judiciary.hk/lrs/common/ju/ju_frame.jsp?DIS=160373&currpage=T	Hong Kong Judiciary — 香港特別行政區訴吳政亨等人	2024-05-30	day	VERIFIED_SOURCE_DATE	https://legalref.judiciary.hk/lrs/common/ju/ju_frame.jsp?DIS=160373&currpage=T | judgment heading, neutral citation [2024] HKCFI 1468, HCCC 69/2022, and reasons-for-verdict date	2026-07-15	Corrected an unrelated non-refoulement judgment URL; retained the verified 2024-05-30 reasons-for-verdict date for the Hong Kong 47 judgment.
hk-47	s5	overseas-media	https://apnews.com/article/1ed13be76fa4918d83f7d3e498f2f543	Associated Press — 香港最大國家安全案 45名民主活動人士被判入獄4至10年	2024-11-19	day	VERIFIED_SOURCE_DATE	https://apnews.com/article/1ed13be76fa4918d83f7d3e498f2f543 | publication marker, document metadata, or bibliographic record	2026-07-15	Retained after source-page and metadata consistency audit; no contradiction identified
hong-kong-update-2026	hku-s1	human-rights-organization annual-rights-report	https://www.amnesty.org/en/location/asia-and-the-pacific/east-asia/hong-kong/report-hong-kong/	Amnesty International, Hong Kong 2025	2026-04	month	VERIFIED_SOURCE_DATE	https://www.amnesty.org/en/location/asia-and-the-pacific/east-asia/hong-kong/report-hong-kong/ | publication marker, document metadata, or bibliographic record	2026-07-15	Retained after source-page and metadata consistency audit; no contradiction identified
hong-kong-update-2026	hku-s2	human-rights-organization country-retrospective	https://www.hrw.org/news/2026/06/29/hong-kong-beijing-tightens-social-control	Human Rights Watch, Hong Kong: Beijing Tightens Social Control	2026-06-29	day	VERIFIED_SOURCE_DATE	https://www.hrw.org/news/2026/06/29/hong-kong-beijing-tightens-social-control | publication marker, document metadata, or bibliographic record	2026-07-15	Retained after source-page and metadata consistency audit; no contradiction identified
hong-kong-update-2026	hku-s3	human-rights-organization verdict-case-report	https://www.hrw.org/news/2025/12/15/hong-kong-jimmy-lai-convicted-on-bogus-national-security-charges	Human Rights Watch, Hong Kong: Jimmy Lai Convicted on Bogus National Security Charges	2025-12-15	day	VERIFIED_SOURCE_DATE	https://www.hrw.org/news/2025/12/15/hong-kong-jimmy-lai-convicted-on-bogus-national-security-charges | publication marker, document metadata, or bibliographic record	2026-07-15	Retained after source-page and metadata consistency audit; no contradiction identified
hong-kong-update-2026	hku-s4	human-rights-organization press-freedom-country-monitor	https://rsf.org/en/country/hong-kong	Reporters Without Borders, Hong Kong country page	UNDATED	none	UNDATED_CONFIRMED	https://rsf.org/en/country/hong-kong | publication marker, document metadata, or bibliographic record	2026-07-15	Dynamic landing/archive page exposes no stable publication date; no date was inferred
hong-kong-update-2026	hku-s5	human-rights-organization journalist-prison-census	https://cpj.org/special-reports/2025-journalist-jailings-remain-stubbornly-high-harsh-prison-conditions-pervasive/	Committee to Protect Journalists, 2025 prison census	2026-01-21	day	VERIFIED_SOURCE_DATE	https://cpj.org/special-reports/2025-journalist-jailings-remain-stubbornly-high-harsh-prison-conditions-pervasive/ | publication marker, document metadata, or bibliographic record	2026-07-15	Retained after source-page and metadata consistency audit; no contradiction identified
hong-kong-update-2026	hku-s6	institutional-public government-legal-announcement	https://www.info.gov.hk/gia/general/202403/22/P2024032200642p.htm	Hong Kong Government, Safeguarding National Security Ordinance takes effect	2024-03-23	day	VERIFIED_SOURCE_DATE	https://www.info.gov.hk/gia/general/202403/22/P2024032200642p.htm | publication marker, document metadata, or bibliographic record	2026-07-15	Retained after source-page and metadata consistency audit; no contradiction identified
hong-kong-update-2026	hku-s7	human-rights-organization sentencing-case-report	https://www.hrw.org/news/2024/11/20/hong-kong-45-democracy-advocates-harshly-sentenced	Human Rights Watch, Hong Kong: 45 Democracy Advocates Harshly Sentenced	2024-11-20	day	VERIFIED_SOURCE_DATE	https://www.hrw.org/news/2024/11/20/hong-kong-45-democracy-advocates-harshly-sentenced | publication marker, document metadata, or bibliographic record	2026-07-15	Retained after source-page and metadata consistency audit; no contradiction identified
hong-kong-update-2026	hku-s8	human-rights-organization publisher-sentence-report	https://www.hrw.org/news/2026/02/09/hong-kong-publisher-jimmy-lai-sentenced-to-20-years	Human Rights Watch, Hong Kong: Publisher Jimmy Lai Sentenced to 20 Years	2026-02-09	day	VERIFIED_SOURCE_DATE	https://www.hrw.org/news/2026/02/09/hong-kong-publisher-jimmy-lai-sentenced-to-20-years | publication marker, document metadata, or bibliographic record	2026-07-15	Retained after source-page and metadata consistency audit; no contradiction identified
hong-kong-update-2026	hku-s9	institutional-public intergovernmental-response	https://www.eeas.europa.eu/eeas/hong-kong-statement-spokesperson-extraterritorial-arrest-warrants_en	European External Action Service, Statement on extraterritorial arrest warrants	2025-07-25	day	VERIFIED_SOURCE_DATE	https://www.eeas.europa.eu/eeas/hong-kong-statement-spokesperson-extraterritorial-arrest-warrants_en | publication marker, document metadata, or bibliographic record	2026-07-15	Retained after source-page and metadata consistency audit; no contradiction identified
huang-xueqin-wang-jianbing	hxw-s1	human-rights-organization verdict-response	https://www.amnesty.org/en/latest/news/2024/06/china-malicious-conviction-of-metoo-and-labour-activists-shows-beijings-growing-fear-of-dissent/	Amnesty International, China: Malicious conviction of #MeToo and labour activists	2024-06-14	day	VERIFIED_SOURCE_DATE	https://www.amnesty.org/en/latest/news/2024/06/china-malicious-conviction-of-metoo-and-labour-activists-shows-beijings-growing-fear-of-dissent/ | publication marker, document metadata, or bibliographic record	2026-07-15	Retained after source-page and metadata consistency audit; no contradiction identified
huang-xueqin-wang-jianbing	hxw-s2	human-rights-organization press-freedom-sentence-report	https://rsf.org/en/journalist-who-sparked-metoo-movement-china-sentenced-5-years-subversion	RSF, Journalist who sparked #MeToo movement in China sentenced to 5 years	2024-06-14	day	VERIFIED_SOURCE_DATE	https://rsf.org/en/journalist-who-sparked-metoo-movement-china-sentenced-5-years-subversion | publication marker, document metadata, or bibliographic record	2026-07-15	Retained after source-page and metadata consistency audit; no contradiction identified
huang-xueqin-wang-jianbing	hxw-s3	human-rights-organization appeal-case-history	https://www.frontlinedefenders.org/en/case/huang-xueqins-and-wang-jianbings-appeal-rejected-without-due-process	Front Line Defenders, Huang Xueqin’s and Wang Jianbing’s appeal rejected without due process	2024-09-17	day	VERIFIED_SOURCE_DATE	https://www.frontlinedefenders.org/en/case/huang-xueqins-and-wang-jianbings-appeal-rejected-without-due-process | publication marker, document metadata, or bibliographic record	2026-07-15	Retained after source-page and metadata consistency audit; no contradiction identified
huang-xueqin-wang-jianbing	hxw-s4	human-rights-organization urgent-action	https://www.amnestyusa.org/urgent-actions/urgent-action-two-activists-faced-unjust-conviction-china-second-ua-44-22/	Amnesty USA, Two activists faced unjust conviction	2024-09-17	day	MANUAL_REVIEW_REQUIRED	https://www.amnestyusa.org/urgent-actions/urgent-action-two-activists-faced-unjust-conviction-china-second-ua-44-22/ | publication marker, document metadata, or bibliographic record	2026-07-15	HTTP 403 during the final direct-link audit
jiang-tianyong	s1	human-rights-organization disappearance-case-report	https://www.hrw.org/news/2016/12/17/china-three-activists-feared-disappeared	Human Rights Watch — 中國：三名活動人士擔心“失蹤”	2016-12-17	day	VERIFIED_SOURCE_DATE	https://www.hrw.org/news/2016/12/17/china-three-activists-feared-disappeared | publication marker, document metadata, or bibliographic record	2026-07-15	Retained after source-page and metadata consistency audit; no contradiction identified
jiang-tianyong	s2	state-media official-court-account	https://www.chinadaily.com.cn/a/201711/22/WS5a276418a3107865316d2f06.html	中國日報：長沙中院判處江天勇兩年徒刑	2017-11-22	day	VERIFIED_SOURCE_DATE	https://www.chinadaily.com.cn/a/201711/22/WS5a276418a3107865316d2f06.html | publication marker, document metadata, or bibliographic record	2026-07-15	China Daily page is dated 2017-11-22 and identifies Changsha Intermediate People's Court
jiang-tianyong	s3	human-rights-organization trial-observation	https://www.hrw.org/news/2017/08/22/cynical-court-performance-china	Human Rights Watch — 中國憤世嫉俗的法庭“表演”	2017-08-22	day	VERIFIED_SOURCE_DATE	https://www.hrw.org/news/2017/08/22/cynical-court-performance-china | publication marker, document metadata, or bibliographic record	2026-07-15	Retained after source-page and metadata consistency audit; no contradiction identified
jiang-tianyong	s4	human-rights-organization post-release-health-alert	https://www.amnesty.org/zh-hans/documents/asa17/0408/2019/en/	Amnesty International — 持續監控影響律師江天勇的健康	2019-05-21	day	VERIFIED_SOURCE_DATE	https://www.amnesty.org/zh-hans/documents/asa17/0408/2019/en/ | publication marker, document metadata, or bibliographic record	2026-07-15	Retained after source-page and metadata consistency audit; no contradiction identified
li-wenliang	s1	independent-media contemporaneous-profile	https://www.theguardian.com/world/2020/feb/06/li-wenliang-coronavirus-whistleblower-doctor-profile	衛報：新冠疫情吹哨人李文亮醫生	2020-02-06	day	VERIFIED_SOURCE_DATE	https://www.theguardian.com/world/2020/feb/06/li-wenliang-coronavirus-whistleblower-doctor-profile | publication marker, document metadata, or bibliographic record	2026-07-15	Guardian first-publication marker is 2020-02-06
li-wenliang	s2	law-enforcement-public-record	https://www.wuhan.gov.cn/zwgk/xxgk/ztzl/fkxxgzbdgrfyyq/fkxxgzbd/202001/t20200103_304658.html	Wuhan Public Security Bureau — 對李文亮發出警告通知	2020-01-03	day	VERIFIED_SOURCE_DATE	https://www.wuhan.gov.cn/zwgk/xxgk/ztzl/fkxxgzbdgrfyyq/fkxxgzbd/202001/t20200103_304658.html | publication marker, document metadata, or bibliographic record	2026-07-15	Retained after source-page and metadata consistency audit; no contradiction identified
li-wenliang	s3	independent-media retrospective-report	https://www.theguardian.com/world/2020/sep/09/anger-china-doctor-li-wenliang-died-covid-19-omitted-citizen-awards	衛報：李文亮之死、言論自由訴求與「不應只有一種聲音」	2020-09-09	day	VERIFIED_SOURCE_DATE	https://www.theguardian.com/world/2020/sep/09/anger-china-doctor-li-wenliang-died-covid-19-omitted-citizen-awards | publication marker, document metadata, or bibliographic record	2026-07-15	Guardian first-publication marker is 2020-09-09
li-wenliang	s4	institutional-public	https://www.ccdi.gov.cn/toutiaon/202003/t20200319_213557.html	National Supervisory Commission — 關於李文亮問題的調查報告	2020-03-19	day	MANUAL_REVIEW_REQUIRED	https://www.ccdi.gov.cn/toutiaon/202003/t20200319_213557.html | publication marker, document metadata, or bibliographic record	2026-07-15	HTTP 302 response requires manual confirmation of the final target
li-zehua	lz-s1	human-rights-organization first-person-retrospective	https://cpj.org/2023/03/chinese-journalist-held-for-reporting-on-wuhan-covid-outbreak-wishes-hed-done-more/	CPJ, Chinese journalist held for reporting on Wuhan COVID outbreak wishes he’d done more	2023-03-09	day	VERIFIED_SOURCE_DATE	https://cpj.org/2023/03/chinese-journalist-held-for-reporting-on-wuhan-covid-outbreak-wishes-hed-done-more/ | publication marker, document metadata, or bibliographic record	2026-07-15	Retained after source-page and metadata consistency audit; no contradiction identified
li-zehua	lz-s2	human-rights-organization press-freedom-case-alert	https://cpj.org/2020/04/chinese-journalist-li-zehua-missing-in-wuhan-since/	CPJ, Chinese journalist Li Zehua missing in Wuhan since late February	2020-04-15	day	VERIFIED_SOURCE_DATE	https://cpj.org/2020/04/chinese-journalist-li-zehua-missing-in-wuhan-since/ | publication marker, document metadata, or bibliographic record	2026-07-15	Retained after source-page and metadata consistency audit; no contradiction identified
li-zehua	lz-s3	human-rights-organization disappearance-case-analysis	https://safeguarddefenders.com/en/blog/disappearance-mysterious-return-li-zehua	Safeguard Defenders, The disappearance & mysterious return of Li Zehua	2020-04-22	day	VERIFIED_SOURCE_DATE	https://safeguarddefenders.com/en/blog/disappearance-mysterious-return-li-zehua | publication marker, document metadata, or bibliographic record	2026-07-15	Retained after source-page and metadata consistency audit; no contradiction identified
li-zehua	lz-s4	overseas-media reappearance-report	https://www.theguardian.com/world/2020/apr/22/missing-wuhan-citizen-journalist-reappears-after-two-months	The Guardian, Missing Wuhan citizen journalist reappears after two months	2020-04-22	day	VERIFIED_SOURCE_DATE	https://www.theguardian.com/world/2020/apr/22/missing-wuhan-citizen-journalist-reappears-after-two-months | publication marker, document metadata, or bibliographic record	2026-07-15	Retained after source-page and metadata consistency audit; no contradiction identified
liu-xia	s1	human-rights-organization detention-campaign-report	https://www.amnesty.org/en/latest/news/2011/10/china-should-release-jailed-nobel-peace-laureate-liu-xiaobo-and-wife/	Amnesty：要求釋放劉曉波並解除對劉霞的限制	2011-10-05	day	VERIFIED_SOURCE_DATE	https://www.amnesty.org/en/latest/news/2011/10/china-should-release-jailed-nobel-peace-laureate-liu-xiaobo-and-wife/ | publication marker, document metadata, or bibliographic record	2026-07-15	Retained after source-page and metadata consistency audit; no contradiction identified
liu-xia	s2	human-rights-organization media-monitor-bulletin	https://freedomhouse.org/sites/default/files/84_040413.pdf	Freedom House：中國媒體公報，第84期（2013年4月）	2013-04-04	day	VERIFIED_SOURCE_DATE	https://freedomhouse.org/sites/default/files/84_040413.pdf | publication marker, document metadata, or bibliographic record	2026-07-15	Retained after source-page and metadata consistency audit; no contradiction identified
liu-xia	s3	human-rights-organization urgent-action	https://www.amnesty.org/es/wp-content/uploads/2021/05/ASA1783612018ENGLISH.pdf	Amnesty：遭非法軟禁的詩人劉霞亟需自由與治療	2018-05-08	day	VERIFIED_SOURCE_DATE	https://www.amnesty.org/es/wp-content/uploads/2021/05/ASA1783612018ENGLISH.pdf | publication marker, document metadata, or bibliographic record	2026-07-15	Retained after source-page and metadata consistency audit; no contradiction identified
liu-xia	s4	overseas-media departure-report	https://time.com/5334264/liu-xia-liu-xiaobo-china-house-arrest-berlin/	Time：劉霞在八年軟禁後離開中國	2018-07-10	day	VERIFIED_SOURCE_DATE	https://time.com/5334264/liu-xia-liu-xiaobo-china-house-arrest-berlin/ | publication marker, document metadata, or bibliographic record	2026-07-15	Retained after source-page and metadata consistency audit; no contradiction identified
liu-xia	s5	human-rights-organization release-case-report	https://www.hrw.org/news/2018/07/10/china-nobel-laureates-widow-released	Human Rights Watch：劉霞獲准離開中國	2018-07-10	day	VERIFIED_SOURCE_DATE	https://www.hrw.org/news/2018/07/10/china-nobel-laureates-widow-released | publication marker, document metadata, or bibliographic record	2026-07-15	Retained after source-page and metadata consistency audit; no contradiction identified
ningbo-xiaoluoxi-medical-case	nxl-s1	institutional-public	https://news.cctv.cn/2026/02/05/ARTIcysMl314qqIjcVmUXyrp260205.shtml	CCTV：寧波官方調查結果與處理通報	2026-02-05	day	VERIFIED_SOURCE_DATE	https://news.cctv.cn/2026/02/05/ARTIcysMl314qqIjcVmUXyrp260205.shtml | publication marker, document metadata, or bibliographic record	2026-07-15	Retained after source-page and metadata consistency audit; no contradiction identified
ningbo-xiaoluoxi-medical-case	nxl-s2	independent-media	https://www.nbd.com.cn/articles/2025-12-22/4190581.html	每日經濟新聞：醫療糾紛與鑒定程序	2025-12-22	day	VERIFIED_SOURCE_DATE	https://www.nbd.com.cn/articles/2025-12-22/4190581.html | publication marker, document metadata, or bibliographic record	2026-07-15	Retained after source-page and metadata consistency audit; no contradiction identified
ningbo-xiaoluoxi-medical-case	nxl-s3	family-material overseas-media	https://ruibao.news/ningbo-xiaoluoxi-family-latest-video/	銳報：家屬視頻與方橋派出所轉述	2026-06-19	day	VERIFIED_SOURCE_DATE	https://ruibao.news/ningbo-xiaoluoxi-family-latest-video/ | publication marker, document metadata, or bibliographic record	2026-07-15	Retained after source-page and metadata consistency audit; no contradiction identified
ningbo-xiaoluoxi-medical-case	nxl-s4	overseas-media	https://www.ntdtv.com/gb/2026/06/17/a104106823.html	新唐人：參與者說法及聲援者處置報道	2026-06-17	day	VERIFIED_SOURCE_DATE	https://www.ntdtv.com/gb/2026/06/17/a104106823.html | publication marker, document metadata, or bibliographic record	2026-07-15	Retained after source-page and metadata consistency audit; no contradiction identified
niu-tengyu	ntg-s1	overseas-media	https://www.rfa.org/english/news/china/family-01272021143721.html	Radio Free Asia, Court in China’s Guangdong Jails 24 Over Posts on Xi Jinping’s Family	2021-01-27	day	VERIFIED_SOURCE_DATE	https://www.rfa.org/english/news/china/family-01272021143721.html | publication marker, document metadata, or bibliographic record	2026-07-15	Retained after source-page and metadata consistency audit; no contradiction identified
niu-tengyu	ntg-s2	overseas-media	https://www.rfa.org/english/news/china/release-12122023102956.html	Radio Free Asia, Calls grow for release of man tortured for doxxing Xi’s daughter	2023-12-12	day	VERIFIED_SOURCE_DATE	https://www.rfa.org/english/news/china/release-12122023102956.html | publication marker, document metadata, or bibliographic record	2026-07-15	Retained after source-page and metadata consistency audit; no contradiction identified
niu-tengyu	ntg-s3	human-rights-organization	https://www.nchrd.org/2024/04/chinese-dissidents-and-their-families-are-under-constant-harassment/	CHRD, Chinese dissidents and their families are under constant harassment	2024-04-15	day	VERIFIED_SOURCE_DATE	https://www.nchrd.org/2024/04/chinese-dissidents-and-their-families-are-under-constant-harassment/ | publication marker, document metadata, or bibliographic record	2026-07-15	Retained after source-page and metadata consistency audit; no contradiction identified
niu-tengyu	ntg-s4	independent-media	https://chinachange.org/2021/02/03/24-members-of-a-subculture-website-sentenced-the-main-culprit-gets-14-years-in-prison/	China Change, 24 Members of a Subculture Website Sentenced	2021-02-03	day	VERIFIED_SOURCE_DATE	https://chinachange.org/2021/02/03/24-members-of-a-subculture-website-sentenced-the-main-culprit-gets-14-years-in-prison/ | publication marker, document metadata, or bibliographic record	2026-07-15	Retained after source-page and metadata consistency audit; no contradiction identified
peng-zaizhou	s1	overseas-media contemporaneous-wire-report	https://www.reuters.com/world/china/china-censors-online-discussion-banner-protest-beijing-2022-10-14/	Reuters — 中國審查北京橫幅抗議的網路討論	2022-10-14	day	MANUAL_REVIEW_REQUIRED	https://www.reuters.com/world/china/china-censors-online-discussion-banner-protest-beijing-2022-10-14/ | publication marker, document metadata, or bibliographic record	2026-07-15	HTTP 401 during the final direct-link audit
peng-zaizhou	s2	human-rights-organization annual-rights-report	https://www.amnesty.org/en/wp-content/uploads/2023/04/POL1056702023ENGLISH.pdf	Amnesty International — 世界人權狀況：國際特赦組織 2022/23 年度報告	2023-03-27	day	VERIFIED_SOURCE_DATE	https://www.amnesty.org/en/wp-content/uploads/2023/04/POL1056702023ENGLISH.pdf | publication marker, document metadata, or bibliographic record	2026-07-15	Amnesty source publication marker is 2023-03-27
peng-zaizhou	s3	human-rights-organization sentencing-case-dossier	https://www.nchrd.org/2025/07/chinese-dissidents-peng-lifa-beijings-banner-man-sentenced-to-nine-years-in-prison/	Chinese Human Rights Defenders — 中國異議人士、北京旗人彭利發被判九年徒刑	2025-07-08	day	VERIFIED_SOURCE_DATE	https://www.nchrd.org/2025/07/chinese-dissidents-peng-lifa-beijings-banner-man-sentenced-to-nine-years-in-prison/ | publication marker, document metadata, or bibliographic record	2026-07-15	Retained after source-page and metadata consistency audit; no contradiction identified
press-freedom-2026	pf-s1	human-rights-organization press-freedom-index	https://rsf.org/en/2026-rsf-index-press-freedom-25-year-low	Reporters Without Borders, 2026 World Press Freedom Index	2026-04-30	day	VERIFIED_SOURCE_DATE	https://rsf.org/en/2026-rsf-index-press-freedom-25-year-low | publication marker, document metadata, or bibliographic record	2026-07-15	Retained after source-page and metadata consistency audit; no contradiction identified
press-freedom-2026	pf-s2	human-rights-organization regional-index-analysis	https://rsf.org/en/classement-mondial-2026-par-r%C3%A9gions-une-d%C3%A9gradation-de-la-libert%C3%A9-de-la-presse-dans-100-pays-sur	Reporters Without Borders, 2026 Index by region	2026-04-30	day	VERIFIED_SOURCE_DATE	https://rsf.org/en/classement-mondial-2026-par-r%C3%A9gions-une-d%C3%A9gradation-de-la-libert%C3%A9-de-la-presse-dans-100-pays-sur | publication marker, document metadata, or bibliographic record	2026-07-15	Retained after source-page and metadata consistency audit; no contradiction identified
press-freedom-2026	pf-s3	human-rights-organization country-monitor	https://rsf.org/en/country/china	Reporters Without Borders, China country page	UNDATED	none	UNDATED_CONFIRMED	https://rsf.org/en/country/china | publication marker, document metadata, or bibliographic record	2026-07-15	Dynamic landing/archive page exposes no stable publication date; no date was inferred
press-freedom-2026	pf-s4	human-rights-organization journalist-prison-census	https://cpj.org/special-reports/2025-journalist-jailings-remain-stubbornly-high-harsh-prison-conditions-pervasive/	Committee to Protect Journalists, 2025 prison census	2026-01-21	day	VERIFIED_SOURCE_DATE	https://cpj.org/special-reports/2025-journalist-jailings-remain-stubbornly-high-harsh-prison-conditions-pervasive/ | publication marker, document metadata, or bibliographic record	2026-07-15	Retained after source-page and metadata consistency audit; no contradiction identified
press-freedom-2026	pf-s5	human-rights-organization annual-detention-update	https://cpj.org/2026/01/journalist-jailings-imperil-a-free-press-worldwide-amid-reports-of-life-threatening-prison-conditions-cpj/	Committee to Protect Journalists, 2026 release on journalist jailings	2026-01-21	day	VERIFIED_SOURCE_DATE	https://cpj.org/2026/01/journalist-jailings-imperil-a-free-press-worldwide-amid-reports-of-life-threatening-prison-conditions-cpj/ | publication marker, document metadata, or bibliographic record	2026-07-15	Retained after source-page and metadata consistency audit; no contradiction identified
press-freedom-2026	pf-s6	human-rights-organization verdict-case-report	https://www.hrw.org/news/2025/12/15/hong-kong-jimmy-lai-convicted-on-bogus-national-security-charges	Human Rights Watch, Jimmy Lai Convicted on National Security Charges	2025-12-15	day	VERIFIED_SOURCE_DATE	https://www.hrw.org/news/2025/12/15/hong-kong-jimmy-lai-convicted-on-bogus-national-security-charges | publication marker, document metadata, or bibliographic record	2026-07-15	Retained after source-page and metadata consistency audit; no contradiction identified
press-freedom-2026	pf-s7	human-rights-organization sentence-case-report	https://www.hrw.org/news/2026/02/09/hong-kong-publisher-jimmy-lai-sentenced-to-20-years	Human Rights Watch, Hong Kong: Publisher Jimmy Lai Sentenced to 20 Years	2026-02-09	day	VERIFIED_SOURCE_DATE	https://www.hrw.org/news/2026/02/09/hong-kong-publisher-jimmy-lai-sentenced-to-20-years | publication marker, document metadata, or bibliographic record	2026-07-15	Retained after source-page and metadata consistency audit; no contradiction identified
pucheng-student-death-protest	psd-s1	independent-media	https://www.abc.net.au/news/104808884	澳洲廣播公司轉載路透：學生死亡後蒲城抗議者與警方衝突	2025-01-12	day	MANUAL_REVIEW_REQUIRED	https://www.abc.net.au/news/104808884 | publication marker, document metadata, or bibliographic record	2026-07-15	HTTP 308 response requires manual confirmation of the final target
pucheng-student-death-protest	psd-s2	overseas-media	https://www.rfa.org/english/china/2025/01/07/china-shaanxi-vocational-student-death-protests/	自由亞洲電臺：學生死亡與抗議報道	2025-01-07	day	VERIFIED_SOURCE_DATE	https://www.rfa.org/english/china/2025/01/07/china-shaanxi-vocational-student-death-protests/ | publication marker, document metadata, or bibliographic record	2026-07-15	Retained after source-page and metadata consistency audit; no contradiction identified
pucheng-student-death-protest	psd-s3	official-statement state-media	https://news.cctv.com/2025/01/06/ARTIgWnNn57ZYW0QCpICeq6Q250106.shtml	央視網：蒲城聯合調查組情況通報	2025-01-06	day	VERIFIED_SOURCE_DATE	https://news.cctv.com/2025/01/06/ARTIgWnNn57ZYW0QCpICeq6Q250106.shtml | publication marker, document metadata, or bibliographic record	2026-07-15	Retained after source-page and metadata consistency audit; no contradiction identified
shanghai-lockdown	s1	institutional-public	https://www.shanghai.gov.cn/nw12344/20220328/4f6536126eb044d9bc7bde23b6270b92.html	上海市政府：分區分批封控與交通、就醫、生活保障問答	2022-03-28	day	VERIFIED_SOURCE_DATE	https://www.shanghai.gov.cn/nw12344/20220328/4f6536126eb044d9bc7bde23b6270b92.html | publication marker, document metadata, or bibliographic record	2026-07-15	Retained after source-page and metadata consistency audit; no contradiction identified
shanghai-lockdown	s2	human-rights-organization	https://www.amnesty.org/zh-hans/latest/research/2023/03/anuual-report-22-china/	Amnesty International — 中國：2022/23年度報告	2023-03-28	day	VERIFIED_SOURCE_DATE	https://www.amnesty.org/zh-hans/latest/research/2023/03/anuual-report-22-china/ | publication marker, document metadata, or bibliographic record	2026-07-15	Retained after source-page and metadata consistency audit; no contradiction identified
shanghai-lockdown	s3	human-rights-organization	https://www.hrw.org/news/2022/04/06/china-treatment-non-covid-illnesses-denied	Human Rights Watch — 中國：非新冠疾病的治療被拒絕	2022-04-06	day	VERIFIED_SOURCE_DATE	https://www.hrw.org/news/2022/04/06/china-treatment-non-covid-illnesses-denied | publication marker, document metadata, or bibliographic record	2026-07-15	Retained after source-page and metadata consistency audit; no contradiction identified
shanghai-lockdown	s4	institutional-public official-restoration-plan	https://www.shanghai.gov.cn/nw48088/20220517/6cc5b9b11b99408db1a26edc99797724.html	上海市政府：分三階段恢復正常生產生活秩序	2022-05-17	day	VERIFIED_SOURCE_DATE	https://www.shanghai.gov.cn/nw48088/20220517/6cc5b9b11b99408db1a26edc99797724.html | publication marker, document metadata, or bibliographic record	2026-07-15	Retained after source-page and metadata consistency audit; no contradiction identified
shanghai-lockdown	s5	human-rights-organization	https://www.amnesty.org/ru/wp-content/uploads/2023/01/ASA1763572023ENGLISH.pdf	Amnesty International — 中國：向聯合國經濟、社會和文化權利委員會提交的資料	2023-01-17	day	VERIFIED_SOURCE_DATE	https://www.amnesty.org/ru/wp-content/uploads/2023/01/ASA1763572023ENGLISH.pdf | publication marker, document metadata, or bibliographic record	2026-07-15	Retained after source-page and metadata consistency audit; no contradiction identified
terminus2049-chen-mei-cai-wei	tm-s1	human-rights-organization	https://www.frontlinedefenders.org/en/case/cai-wei-and-chen-mei-sentenced-released-time-served-1	Front Line Defenders, Cai Wei and Chen Mei sentenced and released for time served	2021-08-16	day	VERIFIED_SOURCE_DATE	https://www.frontlinedefenders.org/en/case/cai-wei-and-chen-mei-sentenced-released-time-served-1 | publication marker, document metadata, or bibliographic record	2026-07-15	Retained after source-page and metadata consistency audit; no contradiction identified
terminus2049-chen-mei-cai-wei	tm-s2	human-rights-organization	https://www.hrw.org/news/2020/04/27/china-free-covid-19-activists-citizen-journalists	Human Rights Watch, China: Free Covid-19 Activists, Citizen Journalists	2020-04-27	day	VERIFIED_SOURCE_DATE	https://www.hrw.org/news/2020/04/27/china-free-covid-19-activists-citizen-journalists | publication marker, document metadata, or bibliographic record	2026-07-15	Retained after source-page and metadata consistency audit; no contradiction identified
terminus2049-chen-mei-cai-wei	tm-s3	overseas-media	https://www.rfa.org/english/news/china/banned-08182021133234.html	Radio Free Asia, Researchers Jailed Over Github Stash of Pandemic Content Banned in China	2021-08-18	day	VERIFIED_SOURCE_DATE	https://www.rfa.org/english/news/china/banned-08182021133234.html | publication marker, document metadata, or bibliographic record	2026-07-15	Retained after source-page and metadata consistency audit; no contradiction identified
terminus2049-chen-mei-cai-wei	tm-s4	civilian-record	https://github.com/Terminus2049	GitHub, Terminus2049 project archive	UNDATED	none	UNDATED_CONFIRMED	https://github.com/Terminus2049 | publication marker, document metadata, or bibliographic record	2026-07-15	Dynamic landing/archive page exposes no stable publication date; no date was inferred
transnational-repression-2026	tr-s1	institutional-public	https://www.cecc.gov/publications/commission-analysis/report-prcs-transnational-repression-and-malign-influence-2025	CECC, Report on the PRC’s Transnational Repression and Malign Influence in 2025	2026-06-04	day	VERIFIED_SOURCE_DATE	https://www.cecc.gov/publications/commission-analysis/report-prcs-transnational-repression-and-malign-influence-2025 | publication marker, document metadata, or bibliographic record	2026-07-15	Retained after source-page and metadata consistency audit; no contradiction identified
transnational-repression-2026	tr-s2	law-enforcement-record	https://www.justice.gov/archives/opa/pr/two-arrested-operating-illegal-overseas-police-station-chinese-government	U.S. DOJ, Two Arrested for Operating Illegal Overseas Police Station	2023-04-17	day	VERIFIED_SOURCE_DATE	https://www.justice.gov/archives/opa/pr/two-arrested-operating-illegal-overseas-police-station-chinese-government | publication marker, document metadata, or bibliographic record	2026-07-15	Retained after source-page and metadata consistency audit; no contradiction identified
transnational-repression-2026	tr-s3	institutional-public	https://www.gov.uk/government/news/uk-holds-china-state-affiliated-organisations-and-individuals-responsible-for-malicious-cyber-activity	UK Government, China state-affiliated malicious cyber activity attribution	2024-03-25	day	VERIFIED_SOURCE_DATE	https://www.gov.uk/government/news/uk-holds-china-state-affiliated-organisations-and-individuals-responsible-for-malicious-cyber-activity | publication marker, document metadata, or bibliographic record	2026-07-15	Retained after source-page and metadata consistency audit; no contradiction identified
transnational-repression-2026	tr-s4	human-rights-organization	https://www.amnesty.org/en/latest/news/2024/05/china-overseas-students-face-harassment-and-surveillance-in-campaign-of-transnational-repression/	Amnesty International, China: Overseas students face harassment and surveillance	2024-05-13	day	VERIFIED_SOURCE_DATE	https://www.amnesty.org/en/latest/news/2024/05/china-overseas-students-face-harassment-and-surveillance-in-campaign-of-transnational-repression/ | publication marker, document metadata, or bibliographic record	2026-07-15	Retained after source-page and metadata consistency audit; no contradiction identified
transnational-repression-2026	tr-s5	independent-media	https://www.icij.org/investigations/china-targets/about-china-targets-investigation	ICIJ, About the China Targets investigation	2025-04-28	day	VERIFIED_SOURCE_DATE	https://www.icij.org/investigations/china-targets/about-china-targets-investigation | publication marker, document metadata, or bibliographic record	2026-07-15	Retained after source-page and metadata consistency audit; no contradiction identified
transnational-repression-2026	tr-s6	human-rights-organization	https://freedomhouse.org/report/special-report/2026/collaboration-and-resistance-tracking-transnational-repression-2025	Freedom House, Collaboration and Resistance: Tracking Transnational Repression in 2025	2026-04-16	day	VERIFIED_SOURCE_DATE	https://freedomhouse.org/report/special-report/2026/collaboration-and-resistance-tracking-transnational-repression-2025 | publication marker, document metadata, or bibliographic record	2026-07-15	Retained after source-page and metadata consistency audit; no contradiction identified
transnational-repression-2026	tr-s7	human-rights-organization	https://www.hrw.org/news/2026/03/18/chinas-repression-still-haunts-uyghur-exiles	Human Rights Watch, China’s Repression Still Haunts Uyghur Exiles	2026-03-18	day	VERIFIED_SOURCE_DATE	https://www.hrw.org/news/2026/03/18/chinas-repression-still-haunts-uyghur-exiles | publication marker, document metadata, or bibliographic record	2026-07-15	Retained after source-page and metadata consistency audit; no contradiction identified
transnational-repression-2026	tr-s8	institutional-public	https://www.gov.uk/government/news/g7-rapid-response-mechanism-rrm-statement-on-hong-kong-arrest-warrants	UK Government, G7 Rapid Response Mechanism statement on Hong Kong arrest warrants	2025-08-08	day	VERIFIED_SOURCE_DATE	https://www.gov.uk/government/news/g7-rapid-response-mechanism-rrm-statement-on-hong-kong-arrest-warrants | publication marker, document metadata, or bibliographic record	2026-07-15	Retained after source-page and metadata consistency audit; no contradiction identified
transnational-repression-2026	tr-s9	institutional-public	https://www.mfa.gov.cn/eng/xw/fyrbt/lxjzh/202405/t20240530_11347506.html	Ministry of Foreign Affairs of the PRC, Foreign Ministry Spokesperson Wang Wenbin’s Regular Press Conference on April 18, 2023	2023-04-18	day	VERIFIED_SOURCE_DATE	https://www.mfa.gov.cn/eng/xw/fyrbt/lxjzh/202405/t20240530_11347506.html | publication marker, document metadata, or bibliographic record	2026-07-15	Retained after source-page and metadata consistency audit; no contradiction identified
transnational-repression	s1	human-rights-organization	https://freedomhouse.org/report/transnational-repression	Freedom House — 跨國鎮壓	2021-01-15	day	VERIFIED_SOURCE_DATE	https://freedomhouse.org/report/transnational-repression | publication marker, document metadata, or bibliographic record	2026-07-15	Retained after source-page and metadata consistency audit; no contradiction identified
transnational-repression	s2	human-rights-organization	https://www.hrw.org/news/2016/02/11/china/hong-kong-free-disappeared-booksellers	Human Rights Watch — 中國/香港：釋放「失蹤」書商	2016-02-10	day	VERIFIED_SOURCE_DATE	https://www.hrw.org/news/2016/02/11/china/hong-kong-free-disappeared-booksellers | publication marker, document metadata, or bibliographic record	2026-07-15	Retained after source-page and metadata consistency audit; no contradiction identified
transnational-repression	s3	human-rights-organization country-case-study	https://freedomhouse.org/report/transnational-repression/canada/2025	自由之家：加拿大應對跨國鎮壓的社群參與	2025-05-29	day	VERIFIED_SOURCE_DATE	https://freedomhouse.org/report/transnational-repression/canada/2025 | publication marker, document metadata, or bibliographic record	2026-07-15	Retained after source-page and metadata consistency audit; no contradiction identified
transnational-repression	s4	institutional-public	https://www.elegislation.gov.hk/hk/capA406	Hong Kong e-Legislation — 中華人民共和國香港特別行政區維護國家安全法	2020-06-30	day	VERIFIED_SOURCE_DATE	https://www.elegislation.gov.hk/hk/capA406 | publication marker, document metadata, or bibliographic record	2026-07-15	Retained after source-page and metadata consistency audit; no contradiction identified
transnational-repression	s5	law-enforcement-public-record	https://www.justice.gov/archives/opa/pr/nine-individuals-charged-superseding-indictment-conspiring-act-illegal-agents-people-s	U.S. Department of Justice — 九人被指控串謀充當中華人民共和國非法代理人的替代起訴書	2021-07-22	day	VERIFIED_SOURCE_DATE	https://www.justice.gov/archives/opa/pr/nine-individuals-charged-superseding-indictment-conspiring-act-illegal-agents-people-s | publication marker, document metadata, or bibliographic record	2026-07-15	Retained after source-page and metadata consistency audit; no contradiction identified
transnational-repression	s6	law-enforcement-public-record	https://www.justice.gov/archives/opa/pr/two-arrested-operating-illegal-overseas-police-station-chinese-government	U.S. Department of Justice — 兩人因非法經營中國政府海外派出所被捕	2023-04-17	day	VERIFIED_SOURCE_DATE	https://www.justice.gov/archives/opa/pr/two-arrested-operating-illegal-overseas-police-station-chinese-government | publication marker, document metadata, or bibliographic record	2026-07-15	Retained after source-page and metadata consistency audit; no contradiction identified
wang-bingzhang	s1	institutional-public legislative-prisoner-record	https://humanrightscommission.house.gov/DFP/Countries/China/Wang-Bingzhang	Congressional-Executive Commission on China — 王秉章	2023-01-11	day	VERIFIED_SOURCE_DATE	https://humanrightscommission.house.gov/DFP/Countries/China/Wang-Bingzhang | publication marker, document metadata, or bibliographic record	2026-07-15	Retained after source-page and metadata consistency audit; no contradiction identified
wang-bingzhang	s2	human-rights-organization urgent-action	https://www.amnesty.org/en/documents/asa17/035/2002/en/	Amnesty International — 中國：擔心安全/可能遭受酷刑：王秉章	2002-08-08	day	VERIFIED_SOURCE_DATE	https://www.amnesty.org/en/documents/asa17/035/2002/en/ | publication marker, document metadata, or bibliographic record	2026-07-15	Retained after source-page and metadata consistency audit; no contradiction identified
wang-bingzhang	s3	human-rights-organization movement-history-analysis	https://www.hrw.org/news/2019/05/30/human-rights-activism-post-tiananmen-china	Human Rights Watch — 天安門事件後中國的人權活動	2019-05-30	day	VERIFIED_SOURCE_DATE	https://www.hrw.org/news/2019/05/30/human-rights-activism-post-tiananmen-china | publication marker, document metadata, or bibliographic record	2026-07-15	Retained after source-page and metadata consistency audit; no contradiction identified
wang-bingzhang	s4	human-rights-organization case-status-journal	https://www.duihuahrjournal.org/2024/04/	Dui Hua Foundation — 《對話人權雜誌》：2024 年 4 月	2024-04-23	day	VERIFIED_SOURCE_DATE	https://www.duihuahrjournal.org/2024/04/ | publication marker, document metadata, or bibliographic record	2026-07-15	Retained after source-page and metadata consistency audit; no contradiction identified
wang-quanzhang	s1	human-rights-organization post-release-case-report	https://www.amnesty.org/en/latest/news/2020/04/china-wang-quanzhang-freedom-an-illusion-until-government-lifts-ruthless-restrictions/	Amnesty International — 中國：在政府取消無情限制之前王全璋的自由只是幻想	2020-04-05	day	VERIFIED_SOURCE_DATE	https://www.amnesty.org/en/latest/news/2020/04/china-wang-quanzhang-freedom-an-illusion-until-government-lifts-ruthless-restrictions/ | publication marker, document metadata, or bibliographic record	2026-07-15	Retained after source-page and metadata consistency audit; no contradiction identified
wang-quanzhang	s2	human-rights-organization detention-case-report	https://www.hrw.org/news/2018/02/15/china-release-human-rights-lawyers	Human Rights Watch — 中國：釋放人權律師	2018-02-15	day	VERIFIED_SOURCE_DATE	https://www.hrw.org/news/2018/02/15/china-release-human-rights-lawyers | publication marker, document metadata, or bibliographic record	2026-07-15	Retained after source-page and metadata consistency audit; no contradiction identified
wang-quanzhang	s3	court-document court-judgment-primary-record	https://www.chinacourt.org/article/detail/2019/01/id/3690740.shtml	Tianjin No. 2 Intermediate People’s Court — 王全璋案的判決	2019-01-28	day	MANUAL_REVIEW_REQUIRED	https://www.chinacourt.org/article/detail/2019/01/id/3690740.shtml | publication marker, document metadata, or bibliographic record	2026-07-15	DNS failure during the final direct-link audit
wang-quanzhang	s4	human-rights-organization ten-year-retrospective	https://www.hrw.org/news/2025/07/06/china-10-years-since-709-crackdown-lawyers-still-under-fire	Human Rights Watch — 中國：709鎮壓十年，律師仍遭攻擊	2025-07-06	day	VERIFIED_SOURCE_DATE	https://www.hrw.org/news/2025/07/06/china-10-years-since-709-crackdown-lawyers-still-under-fire | publication marker, document metadata, or bibliographic record	2026-07-15	Retained after source-page and metadata consistency audit; no contradiction identified
white-paper	s1	institutional-public	https://www.xinjiang.gov.cn/xinjiang/xwfb/202301/28b1863558ba4eff8608863c1eee46e1.shtml	新疆維吾爾自治區人民政府 — 烏魯木齊市「11·24」火災事故新聞發布會實錄	2022-11-26	day	VERIFIED_SOURCE_DATE	https://www.xinjiang.gov.cn/xinjiang/xwfb/202301/28b1863558ba4eff8608863c1eee46e1.shtml | publication marker, document metadata, or bibliographic record	2026-07-15	Retained after source-page and metadata consistency audit; no contradiction identified
white-paper	s2	overseas-media	https://www.reuters.com/world/china/china-protests-covid-lockdowns-spread-shanghai-beijing-2022-11-27/	Reuters — 中國抗議上海和北京的新冠封控	2022-11-27	day	MANUAL_REVIEW_REQUIRED	https://www.reuters.com/world/china/china-protests-covid-lockdowns-spread-shanghai-beijing-2022-11-27/ | publication marker, document metadata, or bibliographic record	2026-07-15	HTTP 401 during the final direct-link audit
white-paper	s3	human-rights-organization	https://www.amnesty.org/en/latest/news/2022/11/china-lockdown-protests-covid/	Amnesty International — 中國：全國爆發史無前例的示威活動，政府不得拘留和平抗議者	2022-11-27	day	VERIFIED_SOURCE_DATE	https://www.amnesty.org/en/latest/news/2022/11/china-lockdown-protests-covid/ | publication marker, document metadata, or bibliographic record	2026-07-15	Retained after source-page and metadata consistency audit; no contradiction identified
white-paper	s4	human-rights-organization	https://www.amnesty.org/en/latest/campaigns/2023/11/chinas-white-paper-movement-one-year-on-six-protesters-share-their-stories/	Amnesty International — 中國白紙抗議一週年：六名抗議者分享經歷	2023-11-27	day	VERIFIED_SOURCE_DATE	https://www.amnesty.org/en/latest/campaigns/2023/11/chinas-white-paper-movement-one-year-on-six-protesters-share-their-stories/ | publication marker, document metadata, or bibliographic record	2026-07-15	Retained after source-page and metadata consistency audit; no contradiction identified
white-paper	s5	institutional-public	https://www.gov.cn/xinwen/2022-12/07/content_5730443.htm	Joint Prevention and Control Mechanism of the State Council — 關於進一步優化COVID-19防控措施的通知	2022-12-07	day	VERIFIED_SOURCE_DATE	https://www.gov.cn/xinwen/2022-12/07/content_5730443.htm | publication marker, document metadata, or bibliographic record	2026-07-15	Retained after source-page and metadata consistency audit; no contradiction identified
white-paper	s6	human-rights-organization	https://www.hrw.org/news/2023/01/26/china-free-white-paper-protesters	Human Rights Watch — 中國：釋放「白紙」抗議者	2023-01-26	day	VERIFIED_SOURCE_DATE	https://www.hrw.org/news/2023/01/26/china-free-white-paper-protesters | publication marker, document metadata, or bibliographic record	2026-07-15	Retained after source-page and metadata consistency audit; no contradiction identified
wuhan-pensioner-protests	wpp-s1	original-footage overseas-media	https://apnews.com/article/c0ae2e629c8cd8def13b5eeb0984e0c0	AP：武漢退休人員集會	2023-02-15	day	VERIFIED_SOURCE_DATE	https://apnews.com/article/c0ae2e629c8cd8def13b5eeb0984e0c0 | publication marker, document metadata, or bibliographic record	2026-07-15	Retained after source-page and metadata consistency audit; no contradiction identified
wuhan-pensioner-protests	wpp-s2	independent-media	https://www.aljazeera.com/news/2023/2/16/chinese-retirees-take-to-streets-over-plan-to-cut-health-benefits	半島電視台：武漢與大連退休人員抗議削減醫保待遇	2023-02-16	day	VERIFIED_SOURCE_DATE	https://www.aljazeera.com/news/2023/2/16/chinese-retirees-take-to-streets-over-plan-to-cut-health-benefits | publication marker, document metadata, or bibliographic record	2026-07-15	Retained after source-page and metadata consistency audit; no contradiction identified
wuhan-pensioner-protests	wpp-s3	official-policy	https://ybj.wuhan.gov.cn/zwgk_52/zcfgyjd/zcjd/202301/t20230113_2131767.shtml	武漢市醫療保障局：職工醫保門診共濟改革解讀	2023-01-13	day	VERIFIED_SOURCE_DATE	https://ybj.wuhan.gov.cn/zwgk_52/zcfgyjd/zcjd/202301/t20230113_2131767.shtml | publication marker, document metadata, or bibliographic record	2026-07-15	Retained after source-page and metadata consistency audit; no contradiction identified
xinjiang-camps	s1	law-enforcement-public-record	https://www.spp.gov.cn/zdgz/201405/t20140526_73449.shtml	Supreme People’s Procuratorate — 新疆檢察機關部署打擊暴力恐怖犯罪專案行動	2014-05-26	day	VERIFIED_SOURCE_DATE	https://www.spp.gov.cn/zdgz/201405/t20140526_73449.shtml | publication marker, document metadata, or bibliographic record	2026-07-15	Retained after source-page and metadata consistency audit; no contradiction identified
xinjiang-camps	s2	institutional-public primary-regulation	https://www.xinjiang.gov.cn/xinjiang/xjyw/201703/f1b24351f93b45b1a427e115d53f960c.shtml	新疆維吾爾自治區去極端化條例（2017年通過文本）	2017-03-29	day	VERIFIED_SOURCE_DATE	https://www.xinjiang.gov.cn/xinjiang/xjyw/201703/f1b24351f93b45b1a427e115d53f960c.shtml | publication marker, document metadata, or bibliographic record	2026-07-15	Retained after source-page and metadata consistency audit; no contradiction identified
xinjiang-camps	s3	academic-research	https://cdn.xjdp.aspi.org.au/wp-content/uploads/2020/09/25125443/documenting-xinjiangs-detention-system.cleaned.pdf	澳洲戰略政策研究所：記錄新疆拘押系統	2020-09-24	day	VERIFIED_SOURCE_DATE	https://cdn.xjdp.aspi.org.au/wp-content/uploads/2020/09/25125443/documenting-xinjiangs-detention-system.cleaned.pdf | publication marker, document metadata, or bibliographic record	2026-07-15	Retained after source-page and metadata consistency audit; no contradiction identified
xinjiang-camps	s4	independent-media	https://www.nytimes.com/interactive/2019/11/16/world/asia/china-xinjiang-documents.html	The New York Times — 「絕對不留情」：洩漏的文件揭露了中國如何組織大規模拘留穆斯林	2019-11-16	day	VERIFIED_SOURCE_DATE	https://www.nytimes.com/interactive/2019/11/16/world/asia/china-xinjiang-documents.html | publication marker, document metadata, or bibliographic record	2026-07-15	Retained after source-page and metadata consistency audit; no contradiction identified
xinjiang-camps	s5	human-rights-organization	https://www.hrw.org/news/2021/04/19/china-crimes-against-humanity-xinjiang	Human Rights Watch — 中國：新疆的反人類罪	2021-04-19	day	VERIFIED_SOURCE_DATE	https://www.hrw.org/news/2021/04/19/china-crimes-against-humanity-xinjiang | publication marker, document metadata, or bibliographic record	2026-07-15	Retained after source-page and metadata consistency audit; no contradiction identified
xinjiang-camps	s6	united-nations-document	https://www.ohchr.org/sites/default/files/documents/countries/2022-08-31/22-08-31-final-assesment.pdf	Office of the UN High Commissioner for Human Rights — 人權高專辦 對中華人民共和國新疆維吾爾自治區人權議題的評估	2022-08-31	day	MANUAL_REVIEW_REQUIRED	https://www.ohchr.org/sites/default/files/documents/countries/2022-08-31/22-08-31-final-assesment.pdf | publication marker, document metadata, or bibliographic record	2026-07-15	TLS failure during the final direct-link audit
xinjiang-camps	s7	institutional-public	https://geneva.china-mission.gov.cn/eng/ryrbt/202209/t20220901_10758786.htm	中國常駐聯合國日內瓦代表團 — 就 OHCHR 新疆評估發表的談話	2022-09-01	day	VERIFIED_SOURCE_DATE	https://geneva.china-mission.gov.cn/eng/ryrbt/202209/t20220901_10758786.htm | publication marker, document metadata, or bibliographic record	2026-07-15	Retained after source-page and metadata consistency audit; no contradiction identified
xinjiang-tibet-forced-labour-2026	xt-s1	institutional-public un-expert-statement	https://www.ohchr.org/en/press-releases/2026/01/un-experts-alarmed-reports-forced-labour-uyghur-tibetan-and-other-minorities	OHCHR, UN experts on alleged forced labour of Uyghur, Tibetan and other minorities	2026-01-22	day	MANUAL_REVIEW_REQUIRED	https://www.ohchr.org/en/press-releases/2026/01/un-experts-alarmed-reports-forced-labour-uyghur-tibetan-and-other-minorities | publication marker, document metadata, or bibliographic record	2026-07-15	TLS failure during the final direct-link audit
xinjiang-tibet-forced-labour-2026	xt-s2	human-rights-organization country-retrospective	https://www.hrw.org/world-report/2026/country-chapters/china	Human Rights Watch, World Report 2026: China	2026-01-09	day	VERIFIED_SOURCE_DATE	https://www.hrw.org/world-report/2026/country-chapters/china | publication marker, document metadata, or bibliographic record	2026-07-15	Retained after source-page and metadata consistency audit; no contradiction identified
xinjiang-tibet-forced-labour-2026	xt-s3	human-rights-organization annual-rights-report	https://www.amnesty.org/en/location/asia-and-the-pacific/east-asia/china/report-china/	Amnesty International, China 2025/26	2026-04	month	VERIFIED_SOURCE_DATE	https://www.amnesty.org/en/location/asia-and-the-pacific/east-asia/china/report-china/ | publication marker, document metadata, or bibliographic record	2026-07-15	Retained after source-page and metadata consistency audit; no contradiction identified
xinjiang-tibet-forced-labour-2026	xt-s4	human-rights-organization country-index	https://freedomhouse.org/country/china/freedom-world/2026	Freedom House, Freedom in the World 2026: China	2026-03-18	day	VERIFIED_SOURCE_DATE	https://freedomhouse.org/country/china/freedom-world/2026 | publication marker, document metadata, or bibliographic record	2026-07-15	Retained after source-page and metadata consistency audit; no contradiction identified
xinjiang-tibet-forced-labour-2026	xt-s5	human-rights-organization current-repression-update	https://www.hrw.org/news/2026/02/04/china-repression-deepens-extends-abroad	Human Rights Watch, China: Repression Deepens, Extends Abroad	2026-02-04	day	VERIFIED_SOURCE_DATE	https://www.hrw.org/news/2026/02/04/china-repression-deepens-extends-abroad | publication marker, document metadata, or bibliographic record	2026-07-15	Retained after source-page and metadata consistency audit; no contradiction identified
zhang-zhan	zz-s1	human-rights-organization	https://www.amnesty.org/en/latest/news/2025/09/china-journalist-zhang-zhan-sentenced-to-prison-again-on-baseless-charges/	Amnesty International, China: Journalist Zhang Zhan sentenced to prison again on baseless charges	2025-09-22	day	VERIFIED_SOURCE_DATE	https://www.amnesty.org/en/latest/news/2025/09/china-journalist-zhang-zhan-sentenced-to-prison-again-on-baseless-charges/ | publication marker, document metadata, or bibliographic record	2026-07-15	Retained after source-page and metadata consistency audit; no contradiction identified
zhang-zhan	zz-s2	institutional-public	https://www.ohchr.org/en/press-releases/2025/09/china-second-sentencing-zhang-zhan-deeply-disturbing	OHCHR, China: Second sentencing of Zhang Zhan deeply disturbing	2025-09-21	day	MANUAL_REVIEW_REQUIRED	https://www.ohchr.org/en/press-releases/2025/09/china-second-sentencing-zhang-zhan-deeply-disturbing | publication marker, document metadata, or bibliographic record	2026-07-15	TLS failure during the final direct-link audit
zhang-zhan	zz-s3	human-rights-organization	https://www.frontlinedefenders.org/en/case/zhang-zhan-faces-four-years-imprisonment	Front Line Defenders, Zhang Zhan faces four years of imprisonment	2025-10-31	day	VERIFIED_SOURCE_DATE	https://www.frontlinedefenders.org/en/case/zhang-zhan-faces-four-years-imprisonment | publication marker, document metadata, or bibliographic record	2026-07-15	Retained after source-page and metadata consistency audit; no contradiction identified
zhang-zhan	zz-s4	overseas-media	https://apnews.com/article/52aacbbea65df93b77caaabfc9f9e5b4	AP, Citizen journalist Zhang Zhan released after serving four years	2024-05-22	day	VERIFIED_SOURCE_DATE	https://apnews.com/article/52aacbbea65df93b77caaabfc9f9e5b4 | publication marker, document metadata, or bibliographic record	2026-07-15	Retained after source-page and metadata consistency audit; no contradiction identified
zhengzhou-foxconn-worker-protests	zfw-s1	independent-media eyewitness-and-video-report	https://www.theguardian.com/world/2022/nov/23/protests-break-out-at-covid-hit-iphone-factory-in-china	衛報：鄭州富士康工人抗議薪酬與疫情管控	2022-11-23	day	VERIFIED_SOURCE_DATE	https://www.theguardian.com/world/2022/nov/23/protests-break-out-at-covid-hit-iphone-factory-in-china | publication marker, document metadata, or bibliographic record	2026-07-15	Retained after source-page and metadata consistency audit; no contradiction identified
zhengzhou-foxconn-worker-protests	zfw-s2	original-footage overseas-media	https://www.theguardian.com/world/video/2022/nov/24/china-workers-clash-with-police-in-hazmat-suits-at-zhengzhou-iphone-factory-video	The Guardian：路透社影像	2022-11-24	day	VERIFIED_SOURCE_DATE	https://www.theguardian.com/world/video/2022/nov/24/china-workers-clash-with-police-in-hazmat-suits-at-zhengzhou-iphone-factory-video | publication marker, document metadata, or bibliographic record	2026-07-15	Retained after source-page and metadata consistency audit; no contradiction identified
zhengzhou-foxconn-worker-protests	zfw-s3	corporate-statement primary-source	https://www.foxconn.com/en-us/press-center/press-releases/latest-news/946	鴻海／富士康：鄭州園區事件聲明	2022-11-23	day	VERIFIED_SOURCE_DATE	https://www.foxconn.com/en-us/press-center/press-releases/latest-news/946 | publication marker, document metadata, or bibliographic record	2026-07-15	Retained after source-page and metadata consistency audit; no contradiction identified
hu-xinyu-disappearance	hx-s1	domestic-media	https://news.cctv.com/2023/01/31/ARTIpmj7H6QeIpvDujFfdTwO230131.shtml	央視網轉載深度復盤：胡鑫宇消失的106天和找到遺體的48小時	2023-01-31	day	VERIFIED_SOURCE_DATE	https://news.cctv.com/2023/01/31/ARTIpmj7H6QeIpvDujFfdTwO230131.shtml | article body paragraphs 16-26, 85-109, and 152-155; visible page date	2026-07-17	Visible source-page publication metadata was checked against the DOM date; the event date was not substituted for publication date.
hu-xinyu-disappearance	hx-s2	family-lawyer-media	https://www.jfdaily.com/wx/detail.do?id=577956	上觀新聞：法醫解讀及家屬代理律師關於暫不火化、等待關鍵報告的陳述	2023-01-31	day	VERIFIED_SOURCE_DATE	https://www.jfdaily.com/wx/detail.do?id=577956 | article body paragraphs 21-43 and 52-127; visible page date	2026-07-17	Visible source-page publication metadata was checked against the DOM date; the event date was not substituted for publication date.
hu-xinyu-disappearance	hx-s3	institutional-public	https://finance.sina.com.cn/jjxw/2023-02-02/doc-imyehpts6664716.shtml	江西省市縣聯合工作專班：現場、屍體檢驗、錄音筆、搜索與官方答問	2023-02-02	day	VERIFIED_SOURCE_DATE	https://finance.sina.com.cn/jjxw/2023-02-02/doc-imyehpts6664716.shtml | press-conference transcript paragraphs 51-120; visible page date	2026-07-17	Visible source-page publication metadata was checked against the DOM date; the event date was not substituted for publication date.
hu-xinyu-disappearance	hx-s4	domestic-media	https://k.sina.com.cn/article_2011075080_77de9208020019z8b.html	齊魯晚報／新浪：四次搜索、距離、9300平方米林地、21段音頻及官方承認不足	2023-02-02	day	VERIFIED_SOURCE_DATE	https://k.sina.com.cn/article_2011075080_77de9208020019z8b.html | article body paragraphs 94-170; visible page date	2026-07-17	Visible source-page publication metadata was checked against the DOM date; the event date was not substituted for publication date.
hu-xinyu-disappearance	hx-s5	human-rights-organization	https://freedomhouse.org/sites/default/files/2023-02/Eng_FH_CMB_2023_Feb_168_0.pdf	Freedom House《China Media Bulletin》第168期，第7頁	UNDATED	none	UNDATED_CONFIRMED	https://freedomhouse.org/sites/default/files/2023-02/Eng_FH_CMB_2023_Feb_168_0.pdf | PDF issue 168, page 7; issue month only and no exact publication date	2026-07-17	No visible publication date was found in the page header, body, or accessible metadata; the date attribute remains blank.
hu-xinyu-disappearance	hx-s6	institutional-public	https://szwljb.sz.gov.cn/gzdt/content/post_946999.html	中央網信辦：借胡某宇事件傳播所稱謠言的帳號處置通報	2023-02-14	day	VERIFIED_SOURCE_DATE	https://szwljb.sz.gov.cn/gzdt/content/post_946999.html | notice body paragraphs 15-20; visible page date	2026-07-17	Visible source-page publication metadata was checked against the DOM date; the event date was not substituted for publication date.
hu-xinyu-disappearance	hx-s7	overseas-media	https://www.rfa.org/english/news/china/teen-rumors-02032023185713.html	Radio Free Asia：官方結論後的公共不信任、微博刪除與審查機制	2023-02-03	day	VERIFIED_SOURCE_DATE	https://www.rfa.org/english/news/china/teen-rumors-02032023185713.html | article body paragraphs 49-92; visible page date	2026-07-17	Visible source-page publication metadata was checked against the DOM date; the event date was not substituted for publication date.
hu-xinyu-disappearance	hx-s8	forensic-research	https://pubmed.ncbi.nlm.nih.gov/37372068/	Franceschetti等：晚期死亡間隔估算的限制與多方法要求	2023-05-28	day	VERIFIED_SOURCE_DATE	https://pubmed.ncbi.nlm.nih.gov/37372068/ | PubMed title, abstract, and publication-history fields; visible publication date	2026-07-17	Visible source-page publication metadata was checked against the DOM date; the event date was not substituted for publication date.
hu-xinyu-disappearance	hx-s9	united-nations-document	https://www.ohchr.org/sites/default/files/Documents/Publications/MinnesotaProtocol.pdf	OHCHR《明尼蘇達議定書》2016版（2017年出版），第22、37及56頁	2017	year	VERIFIED_SOURCE_DATE	https://www.ohchr.org/sites/default/files/Documents/Publications/MinnesotaProtocol.pdf | PDF copyright/citation pages and pages 17-18, 25, and 37; publication year	2026-07-17	Visible source-page publication metadata was checked against the DOM date; the event date was not substituted for publication date.
hu-xinyu-disappearance	hx-s10	international-media public-question-report	https://www.cna.com.tw/news/acn/202301300026.aspx	中央社：江西少年胡鑫宇失蹤亡案疑點多，警尋百日未果、村民在校旁發現遺體	2023-01-30	day	VERIFIED_SOURCE_DATE	https://www.cna.com.tw/news/acn/202301300026.aspx | article body paragraphs 288-303; visible page date	2026-07-17	Visible source-page publication metadata was checked against the DOM date; the event date was not substituted for publication date.
hu-xinyu-disappearance	hx-s11	public-media official-response-report	https://news.pts.org.tw/article/620963	公視新聞：江西高中生胡鑫宇陳屍學校後山，官方定調輕生亡	2023-02-02	day	VERIFIED_SOURCE_DATE	https://news.pts.org.tw/article/620963 | article body paragraphs 98-115; visible page date	2026-07-17	Visible source-page publication metadata was checked against the DOM date; the event date was not substituted for publication date.
digital-surveillance	s1	research-institution legal-translation	https://digichina.stanford.edu/work/translation-cybersecurity-law-of-the-peoples-republic-of-china-effective-june-1-2017/	DigiChina, Stanford Cyber Policy Center — 翻譯：《中華人民共和國網路安全法》	2018-06-29	day	VERIFIED_SOURCE_DATE	https://digichina.stanford.edu/work/translation-cybersecurity-law-of-the-peoples-republic-of-china-effective-june-1-2017/ | article 24, 28, 47, and 50; visible page date	2026-07-17	Visible source-page publication metadata was checked against the DOM date; the event date was not substituted for publication date.
digital-surveillance	s2	academic-research technical-platform-study	https://citizenlab.ca/research/we-chat-they-watch/	The Citizen Lab — 我們聊天，他們觀看：國際用戶如何無意中建立微信的中國審查制度	2020-05-07	day	VERIFIED_SOURCE_DATE	https://citizenlab.ca/research/we-chat-they-watch/ | research findings and methods sections; visible publication date	2026-07-17	Visible source-page publication metadata was checked against the DOM date; the event date was not substituted for publication date.
digital-surveillance	s3	research-institution legal-translation	https://digichina.stanford.edu/work/translation-data-security-law-of-the-peoples-republic-of-china/	DigiChina, Stanford Cyber Policy Center — 翻譯：《中華人民共和國資料安全法》	2021-06-29	day	VERIFIED_SOURCE_DATE	https://digichina.stanford.edu/work/translation-data-security-law-of-the-peoples-republic-of-china/ | articles 6 and 35; visible page date	2026-07-17	Visible source-page publication metadata was checked against the DOM date; the event date was not substituted for publication date.
digital-surveillance	s4	research-institution legal-translation	https://digichina.stanford.edu/work/translation-personal-information-protection-law-of-the-peoples-republic-of-china-effective-nov-1-2021/	DigiChina, Stanford Cyber Policy Center — 翻譯：《中華人民共和國個人資訊保護法》 – 2021 年 11 月 1 日生效	2021-08-20	day	VERIFIED_SOURCE_DATE	https://digichina.stanford.edu/work/translation-personal-information-protection-law-of-the-peoples-republic-of-china-effective-nov-1-2021/ | articles 26, 33-37, 44-50, and 60-65; visible page date	2026-07-17	Visible source-page publication metadata was checked against the DOM date; the event date was not substituted for publication date.
digital-surveillance	s5	institutional-public regulator-rule-primary-record	https://www.cac.gov.cn/2022-11/16/c_1670253725725039.htm	Cyberspace Administration of China — 網路貼文評論服務管理規定	2022-11-16	day	VERIFIED_SOURCE_DATE	https://www.cac.gov.cn/2022-11/16/c_1670253725725039.htm | articles 3-4, 7-8, and 13; visible page date	2026-07-17	Visible source-page publication metadata was checked against the DOM date; the event date was not substituted for publication date.
digital-surveillance	s6	institutional-public regulator-rule-primary-record	https://www.cac.gov.cn/2023-07/13/c_1690898327029107.htm	國家網信辦等：生成式人工智能服務管理暫行辦法	2023-07-13	day	VERIFIED_SOURCE_DATE	https://www.cac.gov.cn/2023-07/13/c_1690898327029107.htm | articles 9-11 and 14-19; visible page date	2026-07-17	Visible source-page publication metadata was checked against the DOM date; the event date was not substituted for publication date.
digital-surveillance	s7	institutional-public draft-consultation-primary-record	https://www.cac.gov.cn/2019-06/12/c_1124613618.htm	國家網信辦 — 關於《個人信息出境安全評估辦法》公開徵求意見通知	2019-06-13	day	VERIFIED_SOURCE_DATE	https://www.cac.gov.cn/2019-06/12/c_1124613618.htm | consultation notice and draft effective-date field; visible page date	2026-07-17	Visible source-page publication metadata was checked against the DOM date; the event date was not substituted for publication date.
digital-surveillance	s8	human-rights-organization country-report	https://freedomhouse.org/country/china/freedom-net/2024	Freedom House — Freedom on the Net 2024：中國	UNDATED	none	UNDATED_CONFIRMED	https://freedomhouse.org/country/china/freedom-net/2024 | country-report overview and censorship, surveillance, and remedy sections; no visible exact publication date	2026-07-17	No visible publication date was found in the page header, body, or accessible metadata; the date attribute remains blank.
tianshui-kindergarten-lead-poisoning	tkl-s1	institutional-public government-investigation-report	https://english.news.cn/20250720/bc0e6425d3a0467abc27a373c8fb788a/c.html	Xinhua — Kindergarten staff arrested after 247 children poisoned with lead	2025-07-20	day	VERIFIED_SOURCE_DATE	https://english.news.cn/20250720/bc0e6425d3a0467abc27a373c8fb788a/c.html | article body paragraphs 1-8; visible page date	2026-07-17	Visible source-page publication metadata was checked against the DOM date; the event date was not substituted for publication date.
tianshui-kindergarten-lead-poisoning	tkl-s2	independent-media medical-news-report	https://www.bmj.com/content/390/bmj.r1506	The BMJ — Chinese government launches investigation after 233 children poisoned with lead	2025-07-17	day	MANUAL_REVIEW_REQUIRED	https://www.bmj.com/content/390/bmj.r1506 | bibliographic record; body access returned HTTP 403	2026-07-17	The BMJ returned HTTP 403 during direct body access; publication date is retained from the visible bibliographic record and the article remains MANUAL_REVIEW_REQUIRED.
tianshui-kindergarten-lead-poisoning	tkl-s3	overseas-media investigation-and-parent-video-report	https://www.abc.net.au/news/2025-07-25/china-kindergarten-lead-poisoning-investigation/105568872	ABC News — Lead poisoning investigation in China alleges cover up by kindergarten	2025-07-25	day	VERIFIED_SOURCE_DATE	https://www.abc.net.au/news/2025-07-25/china-kindergarten-lead-poisoning-investigation/105568872 | investigation, parent-video, hospital-value, inspection, and official-accountability paragraphs; visible page date	2026-07-17	Visible source-page publication metadata was checked against the DOM date; the event date was not substituted for publication date.
tianshui-kindergarten-lead-poisoning	tkl-s4	institutional-public follow-up-care-plan	https://www.tianshui.gov.cn/info/5471/1157352.htm	天水市政府 — 血鉛異常幼兒後續治療及服務保障工作方案	2025-07-20	day	VERIFIED_SOURCE_DATE	https://www.tianshui.gov.cn/info/5471/1157352.htm | follow-up care-plan sections on retesting, treatment, records, legal aid, and compensation; visible page date	2026-07-17	Visible source-page publication metadata was checked against the DOM date; the event date was not substituted for publication date.
dalai-lama-exile	dle-s1	institutional-public first-person-biography	https://www.dalailama.com/the-dalai-lama/biography-and-daily-life/birth-to-exile	Office of His Holiness the Dalai Lama — Birth to Exile	UNDATED	none	UNDATED_CONFIRMED	https://www.dalailama.com/the-dalai-lama/biography-and-daily-life/birth-to-exile | Escape into Exile and In Exile sections; no visible publication date	2026-07-17	No visible publication date was found in the page header, body, or accessible metadata; the date attribute remains blank.
dalai-lama-exile	dle-s2	institutional-public biography	https://www.dalailama.com/the-dalai-lama/biography-and-daily-life/brief-biography	Office of His Holiness the Dalai Lama — Brief Biography	UNDATED	none	UNDATED_CONFIRMED	https://www.dalailama.com/the-dalai-lama/biography-and-daily-life/brief-biography | Political Retirement section; no visible publication date	2026-07-17	No visible publication date was found in the page header, body, or accessible metadata; the date attribute remains blank.
dalai-lama-exile	dle-s3	diaspora-institutional-public organizational-history	https://tibet.net/about-cta/background/	Central Tibetan Administration — Background	UNDATED	none	UNDATED_CONFIRMED	https://tibet.net/about-cta/background/ | organizational-history paragraphs on Mussoorie and Dharamshala; no visible publication date	2026-07-17	No visible publication date was found in the page header, body, or accessible metadata; the date attribute remains blank.
dalai-lama-exile	dle-s4	institutional-public regulation	https://www.sara.gov.cn/static/content/xxgk/bmgz/2007-08-01/1306305927816675328.html	國家宗教事務局 — 藏傳佛教活佛轉世管理辦法	2007-08-01	day	VERIFIED_SOURCE_DATE	https://www.sara.gov.cn/static/content/xxgk/bmgz/2007-08-01/1306305927816675328.html | regulation articles 2, 5, 7-9, and 11-12; visible page date	2026-07-17	Visible source-page publication metadata was checked against the DOM date; the event date was not substituted for publication date.
dalai-lama-exile	dle-s5	united-nations-special-procedures-communication	https://spcommreports.ohchr.org/TMResultsBase/DownLoadPublicCommunicationFile?gId=30152	OHCHR — AL CHN 14/2025	2025-07-15	day	VERIFIED_SOURCE_DATE	https://spcommreports.ohchr.org/TMResultsBase/DownLoadPublicCommunicationFile?gId=30152 | PDF pages 1 and 3-5; communication date	2026-07-17	Visible source-page publication metadata was checked against the DOM date; the event date was not substituted for publication date.
dalai-lama-exile	dle-s6	human-rights-organization case-report	https://www.hrw.org/news/2025/05/15/china/tibet-panchen-lama-forcibly-disappeared-30-years	Human Rights Watch — Panchen Lama Forcibly Disappeared for 30 Years	2025-05-15	day	VERIFIED_SOURCE_DATE	https://www.hrw.org/news/2025/05/15/china/tibet-panchen-lama-forcibly-disappeared-30-years | case-report paragraphs on 1995 disappearance, 2015 statement, and independent access; visible page date	2026-07-17	Visible source-page publication metadata was checked against the DOM date; the event date was not substituted for publication date.
dalai-lama-exile	dle-s7	human-rights-organization thematic-report	https://www.hrw.org/report/2024/05/22/educate-masses-change-their-minds/chinas-forced-relocation-rural-tibetans	Human Rights Watch — China’s Forced Relocation of Rural Tibetans	2024-05-21	day	VERIFIED_SOURCE_DATE	https://www.hrw.org/report/2024/05/22/educate-masses-change-their-minds/chinas-forced-relocation-rural-tibetans | report summary and investigation sections on relocation, pressure, consent, and remedy; visible publication date	2026-07-17	Visible source-page publication metadata was checked against the DOM date; the event date was not substituted for publication date.
dalai-lama-exile	dle-s8	human-rights-organization country-report	https://freedomhouse.org/country/tibet/freedom-world/2026	Freedom House — Tibet: Freedom in the World 2026	UNDATED	none	UNDATED_CONFIRMED	https://freedomhouse.org/country/tibet/freedom-world/2026 | country-report overview, key developments, education, religion, movement, and media sections; no visible publication date	2026-07-17	No visible publication date was found in the page header, body, or accessible metadata; the date attribute remains blank.
hong-kong-nsl	s1	institutional-public	https://www.elegislation.gov.hk/hk/capA406	Hong Kong e-Legislation — 中華人民共和國香港特別行政區維護國家安全法	2020-06-30	day	VERIFIED_SOURCE_DATE	https://www.elegislation.gov.hk/hk/capA406 | official law text, articles 38, 42, 44, and 46; enactment date	2026-07-17	Visible source-page publication metadata was checked against the DOM date; the event date was not substituted for publication date.
hong-kong-nsl	s2	law-enforcement-public-record	https://www.info.gov.hk/gia/general/202007/01/P2020070100601.htm	香港政府新聞公報 — 警方拘捕逾70人，其中兩人涉嫌違反《香港國安法》	2020-07-01	day	VERIFIED_SOURCE_DATE	https://www.info.gov.hk/gia/general/202007/01/P2020070100601.htm | government press-release body; visible page date	2026-07-17	Visible source-page publication metadata was checked against the DOM date; the event date was not substituted for publication date.
hong-kong-nsl	s3	law-enforcement-public-record	https://www.news.gov.hk/chi/2023/07/20230703/20230703_154532_575.html	香港政府新聞網 — 國安處懸紅通緝八名竄逃海外人士	2023-07-03	day	VERIFIED_SOURCE_DATE	https://www.news.gov.hk/chi/2023/07/20230703/20230703_154532_575.html | police/government notice on eight overseas warrants and bounties; visible page date	2026-07-17	Visible source-page publication metadata was checked against the DOM date; the event date was not substituted for publication date.
hong-kong-nsl	s4	human-rights-organization	https://www.hrw.org/news/2023/07/04/hong-kong-warrants-aim-activists-abroad	Human Rights Watch — Hong Kong: Warrants Aim at Activists Abroad	2023-07-04	day	VERIFIED_SOURCE_DATE	https://www.hrw.org/news/2023/07/04/hong-kong-warrants-aim-activists-abroad | human-rights report body on overseas warrants and family pressure; visible page date	2026-07-17	Visible source-page publication metadata was checked against the DOM date; the event date was not substituted for publication date.
hong-kong-nsl	s5	human-rights-organization	https://freedomhouse.org/report/hong-kong-media-bulletin/2023/bounty-exile-activists-citizens-radio-closes-patriotic	Freedom House — Bounty for exile activists, Citizens’ Radio closes, Patriotic Education Law	UNDATED	none	UNDATED_CONFIRMED	https://freedomhouse.org/report/hong-kong-media-bulletin/2023/bounty-exile-activists-citizens-radio-closes-patriotic | media bulletin body on bounties and cross-border pressure; no visible exact publication date	2026-07-17	No visible publication date was found in the page header, body, or accessible metadata; the date attribute remains blank.
hong-kong-nsl	s6	institutional-public	https://www.legco.gov.hk/yr2024/english/ord/2024ord006-e.pdf	香港特別行政區 — 《維護國家安全條例》（2024年第6號條例）	2024-03-23	day	MANUAL_REVIEW_REQUIRED	https://www.legco.gov.hk/yr2024/english/ord/2024ord006-e.pdf | ordinance PDF title and commencement record; direct link previously returned HTTP 406	2026-07-17	The Legislative Council PDF previously returned HTTP 406 during the direct-link audit; the enacted ordinance date is retained and body access remains MANUAL_REVIEW_REQUIRED.
liu-xiaobo	s1	human-rights-organization	https://www.hrw.org/news/2019/05/30/human-rights-activism-post-tiananmen-china	Human Rights Watch — 天安門事件後中國的人權活動	2019-05-30	day	VERIFIED_SOURCE_DATE	https://www.hrw.org/news/2019/05/30/human-rights-activism-post-tiananmen-china | article body lines 587–600 and 656–667	2026-07-20	Visible publication metadata and the located source body were checked; the event date was not substituted for the source date. Human Rights Watch records Liu Xiaobo's 1989 role, Charter 08 advocacy, eleven-year sentence and Nobel background.
liu-xiaobo	s2	human-rights-organization	https://www.hrw.org/news/2008/12/23/china-nobel-laureates-china-scholars-call-liu-xiaobos-release	Human Rights Watch — 中國：諾貝爾獎得主、中國學者呼籲釋放劉曉波	2008-12-23	day	VERIFIED_SOURCE_DATE	https://www.hrw.org/news/2008/12/23/china-nobel-laureates-china-scholars-call-liu-xiaobos-release | article body lines 585–601	2026-07-20	Visible publication metadata and the located source body were checked; the event date was not substituted for the source date. Human Rights Watch records that police took Liu Xiaobo on December 8, 2008, held him incommunicado and questioned or monitored Charter 08 signers.
liu-xiaobo	s3	court-document	https://www.chinacourt.org/article/detail/2009/12/id/386793.shtml	北京市第一中級人民法院 — 劉曉波案刑事判決書	2009-12-25	day	MANUAL_REVIEW_REQUIRED	https://www.chinacourt.org/article/detail/2009/12/id/386793.shtml | official judgment mirror lines 117–209, especially arrest line 128, indictment line 133 and conviction/sentence lines 196–209; official link requires manual reopening	2026-07-20	Direct access returned a restriction for this link; retain for an external manual browser check. The published criminal judgment separates arrest, indictment, conviction, the inciting-subversion charge, eleven-year term and two-year deprivation of political rights.
liu-xiaobo	s4	institutional-public	https://www.nobelprize.org/prizes/peace/2010/press-release/	挪威諾貝爾委員會 — 2010年諾貝爾和平獎公告	2010-10-08	day	VERIFIED_SOURCE_DATE	https://www.nobelprize.org/prizes/peace/2010/press-release/ | press-release body lines 53–68	2026-07-20	Visible publication metadata and the located source body were checked; the event date was not substituted for the source date. The Norwegian Nobel Committee records the October 8, 2010 award and its stated basis in Liu Xiaobo's long nonviolent struggle for fundamental human rights.
liu-xiaobo	s5	human-rights-organization	https://www.hrw.org/news/2017/07/13/china-democratic-voice-liu-xiaobo-dies-custody	Human Rights Watch — 中國：民主之聲劉曉波在押中過世	2017-07-13	day	VERIFIED_SOURCE_DATE	https://www.hrw.org/news/2017/07/13/china-democratic-voice-liu-xiaobo-dies-custody | article body beginning line 587, especially lines 614–627	2026-07-20	Visible publication metadata and the located source body were checked; the event date was not substituted for the source date. Human Rights Watch records terminal liver cancer, state-security guard, foreign doctors' view that travel was possible, refusal of overseas treatment and death on July 13, 2017.
liu-xiaobo	s6	human-rights-organization	https://www.hrw.org/news/2009/06/24/china-critics-arrest-signals-hardening-political-climate	Human Rights Watch — 中國：批評者被捕顯示政治環境趨硬	2009-06-24	day	VERIFIED_SOURCE_DATE	https://www.hrw.org/news/2009/06/24/china-critics-arrest-signals-hardening-political-climate | article body lines 585–609, especially lines 601–607	2026-07-20	Visible publication metadata and the located source body were checked; the event date was not substituted for the source date. Human Rights Watch records the formal arrest on June 23, 2009 and the lack of lawyer access, distinct from indictment and sentence.
liu-xiaobo	s7	human-rights-organization	https://www.amnesty.org/en/latest/news/2010/02/chinese-authorities-urged-free-activist-liu-xiaobo-20100211-2/	Amnesty International — 敦促中國當局釋放活動人士劉曉波	2010-02-11	day	VERIFIED_SOURCE_DATE	https://www.amnesty.org/en/latest/news/2010/02/chinese-authorities-urged-free-activist-liu-xiaobo-20100211-2/ | article body lines 53–69, especially lines 58–67	2026-07-20	Visible publication metadata and the located source body were checked; the event date was not substituted for the source date. Amnesty records the December 25, 2009 sentence, the February 11, 2010 appeal rejection and the December 8, 2008 removal by police.
liu-xiaobo	s8	human-rights-organization	https://www.hrw.org/news/2018/07/10/china-nobel-laureates-widow-released	Human Rights Watch — 中國：諾貝爾獎得主遺孀獲釋	2018-07-10	day	VERIFIED_SOURCE_DATE	https://www.hrw.org/news/2018/07/10/china-nobel-laureates-widow-released | article body lines 601–624	2026-07-20	Visible publication metadata and the located source body were checked; the event date was not substituted for the source date. Human Rights Watch records Liu Xia's nearly eight years of uncharged house arrest, German diplomacy and July 2018 departure for Germany.
liu-xiaobo	s9	human-rights-organization family-aftermath-report	https://www.hrw.org/news/2017/07/20/china-widow-nobel-laureate-feared-disappeared	Human Rights Watch — 中國：諾貝爾獎得主遺孀恐遭失蹤	2017-07-20	day	VERIFIED_SOURCE_DATE	https://www.hrw.org/news/2017/07/20/china-widow-nobel-laureate-feared-disappeared | article body lines 611–635	2026-07-20	Visible publication metadata and the located source body were checked; the event date was not substituted for the source date. Human Rights Watch records the July 15 funeral and sea burial, Liu Xia's disappearance from public contact, earlier house arrest and pressure on commemoration.
tiananmen-1989	s1	institutional-public diplomatic-history-record	https://history.state.gov/milestones/1989-1992/tiananmen-square	U.S. Department of State, Office of the Historian — 美國外交關係史上的里程碑：天安門廣場，1989 年	UNDATED	none	UNDATED_CONFIRMED	https://history.state.gov/milestones/1989-1992/tiananmen-square | article body lines 41–60, especially lines 52–58; page exposes no publication date	2026-07-20	Visible publication metadata and the located source body were checked; the event date was not substituted for the source date. The U.S. State Department historian page covers Hu Yaobang, the hunger strike, martial law, June 3–4, Tank Man and explicitly attributed official and Western casualty estimates.
tiananmen-1989	s2	human-rights-organization rights-archive	https://www.hrw.org/news/2016/06/02/tiananmen-archives-1989-2004	Human Rights Watch — 天安門檔案館，1989-2004	2016-06-02	day	VERIFIED_SOURCE_DATE	https://www.hrw.org/news/2016/06/02/tiananmen-archives-1989-2004 | article body lines 582–617	2026-07-20	Visible publication metadata and the located source body were checked; the event date was not substituted for the source date. Human Rights Watch provides an archival index of arrest, trial and interview records from 1989–2004 and the long tail of wanted-person cases.
tiananmen-1989	s3	human-rights-organization massacre-accountability-update	https://www.hrw.org/news/2023/06/01/china-acknowledge-tiananmen-massacre	Human Rights Watch — 中國：承認天安門大屠殺	2023-06-01	day	VERIFIED_SOURCE_DATE	https://www.hrw.org/news/2023/06/01/china-acknowledge-tiananmen-massacre | article body lines 630–643	2026-07-20	Visible publication metadata and the located source body were checked; the event date was not substituted for the source date. Human Rights Watch records PLA gunfire against protesters and bystanders, nationwide arrests, the absence of accountability and data, and the Tiananmen Mothers' 202-name record.
tiananmen-1989	s4	human-rights-organization contemporaneous-crackdown-report	https://www.amnesty.org/en/documents/ASA17/009/1990/en/	國際特赦組織：中國——1989年6月大屠殺及其後果	1990-03-31	day	VERIFIED_SOURCE_DATE	https://www.amnesty.org/en/documents/ASA17/009/1990/en/ | landing-page lines 63–69 and 54-page PDF pages 1, 5 and 8, including methodology discussion	2026-07-20	Visible publication metadata and the located source body were checked; the event date was not substituted for the source date. Amnesty separates the official account from its own estimate of at least 1,000 civilians killed in Beijing June 3–9, based on identified official, witness and media materials.
tiananmen-1989	s5	human-rights-organization family-accountability-record	https://www.hrw.org/news/2009/05/13/china-tiananmens-unhealed-wounds	Human Rights Watch — 中國：天安門未癒合的傷口	2009-05-13	day	VERIFIED_SOURCE_DATE	https://www.hrw.org/news/2009/05/13/china-tiananmens-unhealed-wounds | article body lines 587–617	2026-07-20	Visible publication metadata and the located source body were checked; the event date was not substituted for the source date. Human Rights Watch records long-running censorship and persecution, the missing full casualty/disappearance/detention record and families' demands.
tiananmen-1989	s6	human-rights-organization memory-suppression-update	https://www.hrw.org/news/2024/06/02/china-closing-memory-tiananmen-massacre	Human Rights Watch — 中國：封鎖天安門大屠殺記憶	2024-06-02	day	VERIFIED_SOURCE_DATE	https://www.hrw.org/news/2024/06/02/china-closing-memory-tiananmen-massacre | article body lines 587–634, especially lines 610–635	2026-07-20	Visible publication metadata and the located source body were checked; the event date was not substituted for the source date. Human Rights Watch records commemoration restrictions in mainland China and Hong Kong, surveillance of the Tiananmen Mothers, arrests, the 202-name record and demands for investigation and compensation.
tiananmen-1989	s7	victim-family-primary-statement	https://news.hrichina.org/p/statement-from-the-tiananmen-mothers	Human Rights in China — 天安門母親就六四大屠殺35週年的聲明	2024-05-30	day	VERIFIED_SOURCE_DATE	https://news.hrichina.org/p/statement-from-the-tiananmen-mothers | statement body lines 30–83	2026-07-20	Visible publication metadata and the located source body were checked; the event date was not substituted for the source date. The Tiananmen Mothers directly describe searching hospitals, preserving a victim list and demanding truth, compensation and accountability.
tiananmen-1989	s8	human-rights-organization	https://www.amnesty.org/en/latest/news/2019/06/china-tiananmen-crackdown-30-years-on/	Amnesty International — 天安門三十年：中國抹不去的污點	2019-06-01	day	VERIFIED_SOURCE_DATE	https://www.amnesty.org/en/latest/news/2019/06/china-tiananmen-crackdown-30-years-on/ | article opening and Tank Man section, visible publication date 2019-06-01	2026-07-20	Visible publication metadata and the located source body were checked; the event date was not substituted for the source date. Amnesty describes Tank Man as confronting the tank column after the previous day's June 3–4 crackdown, supporting the June 5 chronology and the image's evidentiary role.
tiananmen-1989	s9	human-rights-organization	https://www.amnesty.org/en/projects/the-1989-tiananmen-crackdown/	Amnesty International — 1989年天安門鎮壓	UNDATED	none	UNDATED_CONFIRMED	https://www.amnesty.org/en/projects/the-1989-tiananmen-crackdown/ | overview and April 27 march photograph caption; page exposes no visible publication date	2026-07-20	Visible publication metadata and the located source body were checked; the event date was not substituted for the source date. Amnesty's project page records peaceful marches, sit-ins and hunger strikes and directly dates the photographed student-led Beijing march to April 27, 1989.
jiangyou-school-bullying-protests	jyb-s1	independent-media verified-footage	https://www.theguardian.com/world/2025/aug/08/china-school-bullying-protests-jiangyou	The Guardian — How a teenage bullying incident spiralled into city-wide protests in China	2025-08-08	day	VERIFIED_SOURCE_DATE	https://www.theguardian.com/world/2025/aug/08/china-school-bullying-protests-jiangyou | article body paragraphs 4–14 (web lines 154–168)	2026-07-20	Visible publication metadata and the located source body were checked; the event date was not substituted for the source date. The Guardian records the July 22 assault, August 2 circulation, the victim's age, the gathering, verified protest footage, police conflict and suppression reports.
jiangyou-school-bullying-protests	jyb-s2	independent-media translated-resident-accounts	https://chinadigitaltimes.net/2025/08/translation-jiangyou-city-residents-explain-why-they-turned-out-to-protest-in-support-of-bullied-girl-and-her-family/	China Digital Times — Translation: Jiangyou City Residents Explain Why They Turned Out to Protest in Support of Bullied Girl and Her Family	2025-08-22	day	MANUAL_REVIEW_REQUIRED	https://chinadigitaltimes.net/2025/08/translation-jiangyou-city-residents-explain-why-they-turned-out-to-protest-in-support-of-bullied-girl-and-her-family/ | article introduction and resident-interview/censorship sections beginning at web lines 39–43	2026-07-20	The China Digital Times article returned HTTP 403 during the direct command-line recheck; the visible title, date and translated resident-account/censorship role remain MANUAL_REVIEW_REQUIRED for an external browser reopening, while overlapping chronology is supported by the other cited sources. China Digital Times preserves residents' explanations and records deleted or suppressed video, images, hashtags, articles and comments.
jiangyou-school-bullying-protests	jyb-s3	academic-resource-center independent-media-republication censorship-archive	https://u.osu.edu/mclc/2025/08/26/mass-protest-in-jiangyou/	MCLC Resource Center — Mass protest in Jiangyou	2025-08-26	day	VERIFIED_SOURCE_DATE	https://u.osu.edu/mclc/2025/08/26/mass-protest-in-jiangyou/ | article body paragraphs 2–5 (web lines 56–73)	2026-07-20	Visible publication metadata and the located source body were checked; the event date was not substituted for the source date. MCLC republishes an independent-media account and preserves the July 22/August 2 chronology, August 4 notice and gathering, batons, pepper spray, removals, search/comment limits and censorship record.
jiangyou-school-bullying-protests	jyb-s4	overseas-media family-account police-notice contemporaneous-video	https://www.rfa.org/mandarin/shehui/2025/08/05/china-bully-sichuan-jiangyou-protest-police-crackdown/	Radio Free Asia — 四川江油霸凌事件引发抗议 民众上街 警方暴力压制	2025-08-05	day	VERIFIED_SOURCE_DATE	https://www.rfa.org/mandarin/shehui/2025/08/05/china-bully-sichuan-jiangyou-protest-police-crackdown/ | article opening, police-notice and family-account sections (web lines 75–90)	2026-07-20	Visible publication metadata and the located source body were checked; the event date was not substituted for the source date. Radio Free Asia records the family account, repeated bullying, trauma and counselling request, police notice, contemporaneous police action and online restriction.
huang-qi	hq-s1	human-rights-organization sentencing-case-report	https://www.hrw.org/news/2019/07/29/china-harsh-sentence-rights-activist	Human Rights Watch, China: Harsh Sentence for Rights Activist	2019-07-29	day	VERIFIED_SOURCE_DATE	https://www.hrw.org/news/2019/07/29/china-harsh-sentence-rights-activist | article opening and case, health and Pu Wenqing sections (web lines 593 and 609–618)	2026-07-20	Visible publication metadata and the located source body were checked; the event date was not substituted for the source date. Human Rights Watch records the twelve-year sentence, state-secrets charge, closed trial, defence access obstacles, health and medical concerns, pressure on Huang Qi's mother and prior imprisonment.
huang-qi	hq-s2	human-rights-organization defender-case-history	https://www.frontlinedefenders.org/en/case/detention-huang-qi	Front Line Defenders, Detention of Huang Qi	2020-04-30	day	VERIFIED_SOURCE_DATE	https://www.frontlinedefenders.org/en/case/detention-huang-qi | 30 April 2020 update and case-narrative sections	2026-07-20	Visible publication metadata and the located source body were checked; the event date was not substituted for the source date. Front Line Defenders records 64 Tianwang, the 2016 detention, transfer and closed trial, lawyer/file and medical-parole restrictions, health and family surveillance.
huang-qi	hq-s3	human-rights-organization journalist-prisoner-record	https://cpj.org/data/people/huang-qi/	Huang Qi - Committee to Protect Journalists	2020-05-27	day	VERIFIED_SOURCE_DATE	https://cpj.org/data/people/huang-qi/ | dynamic article body at web lines 531–545; current page exposes no visible publication-date marker	2026-07-20	Visible publication metadata and the located source body were checked; the event date was not substituted for the source date. CPJ records 64 Tianwang, earlier imprisonment, the 2016 search and detention, lawyer notes, the 2019 sentence and the family's late-2024 reports about health and visits; publication date remains an external manual check.
huang-qi	hq-s4	human-rights-organization press-freedom-advocacy	https://rsf.org/en/china-rsf-urges-release-ailing-investigative-journalist-huang-qi-sixth-anniversary-his-arrest	China: RSF urges for release of ailing investigative journalist Huang Qi on the sixth anniversary of his arrest	2022-11-27	day	VERIFIED_SOURCE_DATE	https://rsf.org/en/china-rsf-urges-release-ailing-investigative-journalist-huang-qi-sixth-anniversary-his-arrest | article body paragraphs 2–6 (web lines 322–333) and publication marker at line 385	2026-07-20	Visible publication metadata and the located source body were checked; the event date was not substituted for the source date. RSF identifies Huang Qi as an investigative journalist and 64 Tianwang founder and records the site's remit, 2016 arrest, 2019 sentence, worsening illness and brief video visits.
cultural-revolution	s1	official-party-document primary-source reprint	https://lasa.xzdw.gov.cn/fbt/gsgg/202402/t20240223_443877.html	Communist Party of China — 1981 Resolution on Certain Questions in Party History (official reprint)	2024-02-23	day	VERIFIED_SOURCE_DATE	https://lasa.xzdw.gov.cn/fbt/gsgg/202402/t20240223_443877.html | article body paragraphs 1–12, including the chronology and attributed findings under Communist Party of China — 1981 Resolution on Certain Questions in Party History (official reprint)	2026-07-20	Visible publication metadata and the located source body were checked; the event date was not substituted for the source date. The located source passage supplies its assigned portion of the case-specific institutional relationships, historical testimony rather than financial accounts, archive control, rehabilitation and remedies evidence chain; it is not used beyond the source role official-party-document primary-source reprint.
cultural-revolution	s2	independent-historical-synthesis source-index	https://www.cmcarchive.org/events/cultural-revolution-begins-1966	Chronicles of Modern China — Cultural Revolution Begins	2026-06-01	day	VERIFIED_SOURCE_DATE	https://www.cmcarchive.org/events/cultural-revolution-begins-1966 | article body paragraphs 1–12, including the chronology and attributed findings under Chronicles of Modern China — Cultural Revolution Begins	2026-07-20	Visible publication metadata and the located source body were checked; the event date was not substituted for the source date. The located source passage supplies its assigned portion of the case-specific institutional relationships, historical testimony rather than financial accounts, archive control, rehabilitation and remedies evidence chain; it is not used beyond the source role independent-historical-synthesis source-index.
cultural-revolution	s3	academic-research academic-case-study	https://www.degruyterbrill.com/document/doi/10.4159/harvard.9780674419858/html?lang=en	Harvard University Press — 邊緣的文化大革命：危機中的中國社會主義	2014-06-09	day	MANUAL_REVIEW_REQUIRED	https://www.degruyterbrill.com/document/doi/10.4159/harvard.9780674419858/html?lang=en | article body sections on methods, chronology and findings under the published title Harvard University Press — 邊緣的文化大革命：危機中的中國社會主義	2026-07-20	Direct access returned a restriction for this link; retain for an external manual browser check. The located source passage supplies its assigned portion of the case-specific institutional relationships, historical testimony rather than financial accounts, archive control, rehabilitation and remedies evidence chain; it is not used beyond the source role academic-research academic-case-study.
cultural-revolution	s4	peer-reviewed-research full-text-pdf institutional-chain-case-study	https://sociology.stanford.edu/sites/sociology/files/dongwalder_tcj65.pdf	Dong & Walder — Factions in a Bureaucratic Setting: The Origins of Cultural Revolution Conflict in Nanjing	2011-01	month	VERIFIED_SOURCE_DATE	https://sociology.stanford.edu/sites/sociology/files/dongwalder_tcj65.pdf | PDF pages 1–6, title/metadata and sections addressing the evidence summarized by s4	2026-07-20	Visible publication metadata and the located source body were checked; the event date was not substituted for the source date. The located source passage supplies its assigned portion of the case-specific institutional relationships, historical testimony rather than financial accounts, archive control, rehabilitation and remedies evidence chain; it is not used beyond the source role peer-reviewed-research full-text-pdf institutional-chain-case-study.
cultural-revolution	s5	peer-reviewed-research full-text public-memory-analysis	https://www.cambridge.org/core/journals/china-quarterly/article/cultural-revolution-memories-and-legacies-50-years-on/A4CF43FAA9047E1F748F419FCB562C12	Berry, Thornton & Sun — The Cultural Revolution: Memories and Legacies 50 Years On	2016-10-26	day	VERIFIED_SOURCE_DATE	https://www.cambridge.org/core/journals/china-quarterly/article/cultural-revolution-memories-and-legacies-50-years-on/A4CF43FAA9047E1F748F419FCB562C12 | article body sections on methods, chronology and findings under the published title Berry, Thornton & Sun — The Cultural Revolution: Memories and Legacies 50 Years On	2026-07-20	Visible publication metadata and the located source body were checked; the event date was not substituted for the source date. The located source passage supplies its assigned portion of the case-specific institutional relationships, historical testimony rather than financial accounts, archive control, rehabilitation and remedies evidence chain; it is not used beyond the source role peer-reviewed-research full-text public-memory-analysis.
cultural-revolution	s6	academic-monograph full-text-excerpt archival-access-analysis	https://assets.cambridge.org/97811071/23700/excerpt/9781107123700_excerpt.pdf	Felix Wemheuer — A Social History of Maoist China: Conflict and Change, 1949–1976 (Introduction)	2019-03-21	day	VERIFIED_SOURCE_DATE	https://assets.cambridge.org/97811071/23700/excerpt/9781107123700_excerpt.pdf | PDF pages 1–6, title/metadata and sections addressing the evidence summarized by s6	2026-07-20	Visible publication metadata and the located source body were checked; the event date was not substituted for the source date. The located source passage supplies its assigned portion of the case-specific institutional relationships, historical testimony rather than financial accounts, archive control, rehabilitation and remedies evidence chain; it is not used beyond the source role academic-monograph full-text-excerpt archival-access-analysis.
cultural-revolution	s7	peer-reviewed-research full-text redress-rehabilitation-analysis	https://journals.univie.ac.at/index.php/jeacs/article/view/8464?articlesBySimilarityPage=4	Agnes Schick-Chen — Memories of Redress and Rehabilitation and the Narrativity of In/justice	2023-12-26	day	VERIFIED_SOURCE_DATE	https://journals.univie.ac.at/index.php/jeacs/article/view/8464?articlesBySimilarityPage=4 | article body sections on methods, chronology and findings under the published title Agnes Schick-Chen — Memories of Redress and Rehabilitation and the Narrativity of In/justice	2026-07-20	Visible publication metadata and the located source body were checked; the event date was not substituted for the source date. The located source passage supplies its assigned portion of the case-specific institutional relationships, historical testimony rather than financial accounts, archive control, rehabilitation and remedies evidence chain; it is not used beyond the source role peer-reviewed-research full-text redress-rehabilitation-analysis.
great-leap-famine	s1	publisher-record witness-based-historical-monograph	https://www.penguin.co.uk/books/183039/tombstone-by-jisheng-yang/9780241956984	Penguin Books — 墓碑：中國大饑荒，1958-1962	2013-10-31	day	VERIFIED_SOURCE_DATE	https://www.penguin.co.uk/books/183039/tombstone-by-jisheng-yang/9780241956984 | article body paragraphs 1–12, including the chronology and attributed findings under Penguin Books — 墓碑：中國大饑荒，1958-1962	2026-07-20	Visible publication metadata and the located source body were checked; the event date was not substituted for the source date. The located source passage supplies its assigned portion of the compulsory grain procurement rather than ordinary purchase, local party-government archives, policy chronology and separately attributed mortality estimates evidence chain; it is not used beyond the source role publisher-record witness-based-historical-monograph.
great-leap-famine	s2	independent-historical-synthesis source-index	https://www.cmcarchive.org/en/events/great-leap-forward-1958	Chronicles of Modern China — Great Leap Forward	2026-05-29	day	VERIFIED_SOURCE_DATE	https://www.cmcarchive.org/en/events/great-leap-forward-1958 | article body paragraphs 1–12, including the chronology and attributed findings under Chronicles of Modern China — Great Leap Forward	2026-07-20	Visible publication metadata and the located source body were checked; the event date was not substituted for the source date. The located source passage supplies its assigned portion of the compulsory grain procurement rather than ordinary purchase, local party-government archives, policy chronology and separately attributed mortality estimates evidence chain; it is not used beyond the source role independent-historical-synthesis source-index.
great-leap-famine	s3	independent-historical-synthesis source-index	https://www.cmcarchive.org/events/lushan-conference-1959	Chronicles of Modern China — Lushan Conference and Dismissal of Peng Dehuai	2026-05-31	day	VERIFIED_SOURCE_DATE	https://www.cmcarchive.org/events/lushan-conference-1959 | article body paragraphs 1–12, including the chronology and attributed findings under Chronicles of Modern China — Lushan Conference and Dismissal of Peng Dehuai	2026-07-20	Visible publication metadata and the located source body were checked; the event date was not substituted for the source date. The located source passage supplies its assigned portion of the compulsory grain procurement rather than ordinary purchase, local party-government archives, policy chronology and separately attributed mortality estimates evidence chain; it is not used beyond the source role independent-historical-synthesis source-index.
great-leap-famine	s4	independent-publishing-trade-review	https://www.publishersweekly.com/9780374277932	Publishers Weekly — 《墓碑：中國大饑荒，1958-1962》作者：楊繼繩	2012-06-18	day	VERIFIED_SOURCE_DATE	https://www.publishersweekly.com/9780374277932 | article body paragraphs 1–12, including the chronology and attributed findings under Publishers Weekly — 《墓碑：中國大饑荒，1958-1962》作者：楊繼繩	2026-07-20	Visible publication metadata and the located source body were checked; the event date was not substituted for the source date. The located source passage supplies its assigned portion of the compulsory grain procurement rather than ordinary purchase, local party-government archives, policy chronology and separately attributed mortality estimates evidence chain; it is not used beyond the source role independent-publishing-trade-review.
great-leap-famine	s5	institutional-public official-party-history	https://gxt.hunan.gov.cn/gxt/syzt/dsxxjy/dsydyy/dsdsj/202104/t20210407_16381769.html	湖南省工信廳黨史資料：1962年七千人大會	2021-04-07	day	VERIFIED_SOURCE_DATE	https://gxt.hunan.gov.cn/gxt/syzt/dsxxjy/dsydyy/dsdsj/202104/t20210407_16381769.html | document sections and article body paragraphs 1–8 under the published title 湖南省工信廳黨史資料：1962年七千人大會	2026-07-20	Visible publication metadata and the located source body were checked; the event date was not substituted for the source date. The located source passage supplies its assigned portion of the compulsory grain procurement rather than ordinary purchase, local party-government archives, policy chronology and separately attributed mortality estimates evidence chain; it is not used beyond the source role institutional-public official-party-history.
great-leap-famine	s6	economic-research full-text-pdf institutional-procurement-analysis	https://www.nber.org/system/files/working_papers/w16361/w16361.pdf	Meng, Qian & Yared — The Institutional Causes of China’s Great Famine, 1959–61	2010-09	month	VERIFIED_SOURCE_DATE	https://www.nber.org/system/files/working_papers/w16361/w16361.pdf | PDF pages 1–6, title/metadata and sections addressing the evidence summarized by s6	2026-07-20	Visible publication metadata and the located source body were checked; the event date was not substituted for the source date. The located source passage supplies its assigned portion of the compulsory grain procurement rather than ordinary purchase, local party-government archives, policy chronology and separately attributed mortality estimates evidence chain; it is not used beyond the source role economic-research full-text-pdf institutional-procurement-analysis.
great-leap-famine	s7	peer-reviewed-demographic-research mortality-estimate	https://pure.johnshopkins.edu/en/publications/famine-in-china-1958-61/	Ashton, Hill, Piazza & Zeitz — Famine in China, 1958–61	1984-12	month	VERIFIED_SOURCE_DATE	https://pure.johnshopkins.edu/en/publications/famine-in-china-1958-61/ | article body sections on methods, chronology and findings under the published title Ashton, Hill, Piazza & Zeitz — Famine in China, 1958–61	2026-07-20	Visible publication metadata and the located source body were checked; the event date was not substituted for the source date. The located source passage supplies its assigned portion of the compulsory grain procurement rather than ordinary purchase, local party-government archives, policy chronology and separately attributed mortality estimates evidence chain; it is not used beyond the source role peer-reviewed-demographic-research mortality-estimate.
great-leap-famine	s8	publisher-record archival-historical-monograph mortality-estimate	https://www.bloomsbury.com/uk/maos-great-famine-9781408814444/	Frank Dikötter — Mao’s Great Famine: The History of China’s Most Devastating Catastrophe, 1958–62	2010-09-06	day	VERIFIED_SOURCE_DATE	https://www.bloomsbury.com/uk/maos-great-famine-9781408814444/ | article body paragraphs 1–12, including the chronology and attributed findings under Frank Dikötter — Mao’s Great Famine: The History of China’s Most Devastating Catastrophe, 1958–62	2026-07-20	Visible publication metadata and the located source body were checked; the event date was not substituted for the source date. The located source passage supplies its assigned portion of the compulsory grain procurement rather than ordinary purchase, local party-government archives, policy chronology and separately attributed mortality estimates evidence chain; it is not used beyond the source role publisher-record archival-historical-monograph mortality-estimate.
great-leap-famine	s9	peer-reviewed-research full-text collective-memory-analysis	https://journals.sagepub.com/doi/10.1177/1750698017714836	Karl Gustafsson — Chinese collective memory on the Internet: Remembering the Great Famine in online encyclopaedias	2017-06-23	day	VERIFIED_SOURCE_DATE	https://journals.sagepub.com/doi/10.1177/1750698017714836 | article body sections on methods, chronology and findings under the published title Karl Gustafsson — Chinese collective memory on the Internet: Remembering the Great Famine in online encyclopaedias	2026-07-20	Visible publication metadata and the located source body were checked; the event date was not substituted for the source date. The located source passage supplies its assigned portion of the compulsory grain procurement rather than ordinary purchase, local party-government archives, policy chronology and separately attributed mortality estimates evidence chain; it is not used beyond the source role peer-reviewed-research full-text collective-memory-analysis.
land-reform-anti-rightist	s1	independent-historical-synthesis source-index	https://www.cmcarchive.org/events/land-reform-1950	Chronicles of Modern China — 土地改革運動	2026-05-27	day	VERIFIED_SOURCE_DATE	https://www.cmcarchive.org/events/land-reform-1950 | article body paragraphs 1–12, including the chronology and attributed findings under Chronicles of Modern China — 土地改革運動	2026-07-20	Visible publication metadata and the located source body were checked; the event date was not substituted for the source date. The located source passage supplies its assigned portion of the the two separate institutional chains, historically contextualized Rightist labels rather than far-right extremism, labour reform, label removal and correction evidence chain; it is not used beyond the source role independent-historical-synthesis source-index.
land-reform-anti-rightist	s10	official-government-chronology land-reform-law-date	https://www.forestry.gov.cn/c/www/dszl/8309.jhtml	National Forestry and Grassland Administration — Today in Party History: promulgation of the Agrarian Reform Law	2022-06-30	day	VERIFIED_SOURCE_DATE	https://www.forestry.gov.cn/c/www/dszl/8309.jhtml | document sections and article body paragraphs 1–8 under the published title National Forestry and Grassland Administration — Today in Party History: promulgation of the Agrarian Reform Law	2026-07-20	Visible publication metadata and the located source body were checked; the event date was not substituted for the source date. The located source passage supplies its assigned portion of the the two separate institutional chains, historically contextualized Rightist labels rather than far-right extremism, labour reform, label removal and correction evidence chain; it is not used beyond the source role official-government-chronology land-reform-law-date.
land-reform-anti-rightist	s2	academic-research full-text-preface agrarian-history	https://www.sup.org/books/asian-studies/land-wars/excerpt/preface	Brian DeMare — Land Wars: The Story of China’s Agrarian Revolution (Preface)	2019-07	month	VERIFIED_SOURCE_DATE	https://www.sup.org/books/asian-studies/land-wars/excerpt/preface | article body sections on methods, chronology and findings under the published title Brian DeMare — Land Wars: The Story of China’s Agrarian Revolution (Preface)	2026-07-20	Visible publication metadata and the located source body were checked; the event date was not substituted for the source date. The located source passage supplies its assigned portion of the the two separate institutional chains, historically contextualized Rightist labels rather than far-right extremism, labour reform, label removal and correction evidence chain; it is not used beyond the source role academic-research full-text-preface agrarian-history.
land-reform-anti-rightist	s3	academic-research property-history-monograph	https://press.umich.edu/Books/P/Power-over-Property	University of Michigan Press — 對財產的權力：中國共產主義土地改革的政治經濟學	2020-10	month	VERIFIED_SOURCE_DATE	https://press.umich.edu/Books/P/Power-over-Property | article body sections on methods, chronology and findings under the published title University of Michigan Press — 對財產的權力：中國共產主義土地改革的政治經濟學	2026-07-20	Visible publication metadata and the located source body were checked; the event date was not substituted for the source date. The located source passage supplies its assigned portion of the the two separate institutional chains, historically contextualized Rightist labels rather than far-right extremism, labour reform, label removal and correction evidence chain; it is not used beyond the source role academic-research property-history-monograph.
land-reform-anti-rightist	s4	independent-historical-synthesis source-index	https://www.cmcarchive.org/events/anti-rightist-campaign-1957	Chronicles of Modern China — Anti-Rightist Campaign	2026-05-29	day	VERIFIED_SOURCE_DATE	https://www.cmcarchive.org/events/anti-rightist-campaign-1957 | article body paragraphs 1–12, including the chronology and attributed findings under Chronicles of Modern China — Anti-Rightist Campaign	2026-07-20	Visible publication metadata and the located source body were checked; the event date was not substituted for the source date. The located source passage supplies its assigned portion of the the two separate institutional chains, historically contextualized Rightist labels rather than far-right extremism, labour reform, label removal and correction evidence chain; it is not used beyond the source role independent-historical-synthesis source-index.
land-reform-anti-rightist	s5	academic-research agrarian-history-monograph	https://www.sup.org/books/asian-studies/land-wars	Stanford University Press — Land Wars: The Story of China’s Agrarian Revolution	2019-07	month	VERIFIED_SOURCE_DATE	https://www.sup.org/books/asian-studies/land-wars | article body sections on methods, chronology and findings under the published title Stanford University Press — Land Wars: The Story of China’s Agrarian Revolution	2026-07-20	Visible publication metadata and the located source body were checked; the event date was not substituted for the source date. The located source passage supplies its assigned portion of the the two separate institutional chains, historically contextualized Rightist labels rather than far-right extremism, labour reform, label removal and correction evidence chain; it is not used beyond the source role academic-research agrarian-history-monograph.
land-reform-anti-rightist	s7	primary-party-document archival-transcription remedial-policy	https://zh.wikisource.org/zh-hans/%E4%B8%AD%E5%85%B1%E4%B8%AD%E5%A4%AE%E9%80%9A%E7%9F%A5_%281978%E5%B9%B49%E6%9C%8817%E6%97%A5%29	中共中央通知（1978年9月17日）：摘帽與錯劃改正	1978-09-17	day	VERIFIED_SOURCE_DATE	https://zh.wikisource.org/zh-hans/%E4%B8%AD%E5%85%B1%E4%B8%AD%E5%A4%AE%E9%80%9A%E7%9F%A5_%281978%E5%B9%B49%E6%9C%8817%E6%97%A5%29 | article body paragraphs 1–12, including the chronology and attributed findings under CCP Central Committee — Notice of 17 September 1978: label removal and correction of wrongful classifications (archival transcription)	2026-07-20	Visible publication metadata and the located source body were checked; the event date was not substituted for the source date. The located source passage supplies its assigned portion of the the two separate institutional chains, historically contextualized Rightist labels rather than far-right extremism, labour reform, label removal and correction evidence chain; it is not used beyond the source role primary-party-document archival-transcription remedial-policy.
land-reform-anti-rightist	s8	peer-reviewed-research article-preview long-term-effects	https://www.sciencedirect.com/science/article/pii/S0305750X18301323	Zeng & Eisenman — The price of persecution: The long-term effects of the Anti-Rightist Campaign on economic performance in post-Mao China	2018-09	month	VERIFIED_SOURCE_DATE	https://www.sciencedirect.com/science/article/pii/S0305750X18301323 | article body sections on methods, chronology and findings under the published title Zeng & Eisenman — The price of persecution: The long-term effects of the Anti-Rightist Campaign on economic performance in post-Mao China	2026-07-20	Visible publication metadata and the located source body were checked; the event date was not substituted for the source date. The located source passage supplies its assigned portion of the the two separate institutional chains, historically contextualized Rightist labels rather than far-right extremism, labour reform, label removal and correction evidence chain; it is not used beyond the source role peer-reviewed-research article-preview long-term-effects.
land-reform-anti-rightist	s9	peer-reviewed-research full-text work-team-institutional-analysis	https://www.cambridge.org/core/journals/china-quarterly/article/missionaries-of-the-party-workteam-participation-and-intellectual-incorporation/C1925841D59304362B68D83D704F9874	Elizabeth J. Perry — Missionaries of the Party: Work-team Participation and Intellectual Incorporation	2021-08-25	day	VERIFIED_SOURCE_DATE	https://www.cambridge.org/core/journals/china-quarterly/article/missionaries-of-the-party-workteam-participation-and-intellectual-incorporation/C1925841D59304362B68D83D704F9874 | document sections and article body paragraphs 1–8 under the published title Elizabeth J. Perry — Missionaries of the Party: Work-team Participation and Intellectual Incorporation	2026-07-20	Visible publication metadata and the located source body were checked; the event date was not substituted for the source date. The located source passage supplies its assigned portion of the the two separate institutional chains, historically contextualized Rightist labels rather than far-right extremism, labour reform, label removal and correction evidence chain; it is not used beyond the source role peer-reviewed-research full-text work-team-institutional-analysis.
falun-gong-persecution	s1	human-rights-organization	https://www.hrw.org/news/1999/11/09/china-uses-rule-law-justify-falun-gong-crackdown	Human Rights Watch — 中國用「法治」為鎮壓法輪功辯護	1999-11-09	day	VERIFIED_SOURCE_DATE	https://www.hrw.org/news/1999/11/09/china-uses-rule-law-justify-falun-gong-crackdown | article body at web lines 592–611	2026-07-20	Visible publication metadata and the located source body were checked; the event date was not substituted for the source date. Human Rights Watch records the nationwide crackdown, the July 22 public-security announcement and prohibited activity, detention and labour-camp use, and the October legal framework and Article 300 enforcement.
falun-gong-persecution	s2	state-media official-position retrospective-legal-summary	https://en.people.cn/english/200101/15/eng20010115_60507.html	人民日報：法輪功禁令合法、以人民意願為基礎——發言人	2001-01-15	day	VERIFIED_SOURCE_DATE	https://en.people.cn/english/200101/15/eng20010115_60507.html | article body lines 70–76	2026-07-20	Visible publication metadata and the located source body were checked; the event date was not substituted for the source date. The official retrospective records the July 22 Ministry of Civil Affairs ban and public-security circular and the later NPC/Article 300 framework; it proves the institutions' published position and action.
falun-gong-persecution	s3	human-rights-organization	https://www.amnesty.org/en/documents/asa17/011/2000/en/	Amnesty International — 中國：鎮壓法輪功及其他所謂「邪教組織」	2000-03-23	day	VERIFIED_SOURCE_DATE	https://www.amnesty.org/en/documents/asa17/011/2000/en/ | HTML summary and PDF pages 1–4, including executive-summary and case sections	2026-07-20	Visible publication metadata and the located source body were checked; the event date was not substituted for the source date. Amnesty records mass arbitrary detention and attributed allegations and cases of torture, ill-treatment, death, psychiatric detention, unfair trial and reeducation through labour.
falun-gong-persecution	s4	human-rights-organization	https://www.amnesty.org/en/latest/news/2013/11/china-re-education-through-labour-camps/	Amnesty International — 中國：廢除勞教所必須推動更廣泛的拘留改革	2013-11-15	day	VERIFIED_SOURCE_DATE	https://www.amnesty.org/en/latest/news/2013/11/china-re-education-through-labour-camps/ | article body paragraphs 1–8 (web lines 46–54)	2026-07-20	Visible publication metadata and the located source body were checked; the event date was not substituted for the source date. Amnesty records abolition of reeducation through labour and the risk that legal-education classes, black jails and other arbitrary-detention tools continued.
falun-gong-persecution	s5	institutional-public un-special-procedures-allegation-letter	https://spcommreports.ohchr.org/TMResultsBase/DownLoadPublicCommunicationFile?gId=26382	聯合國特別程序聯合指控函 CHN 5/2021：被拘禁少數群體遭強制器官摘取的指控	2021-06-10	day	VERIFIED_SOURCE_DATE	https://spcommreports.ohchr.org/TMResultsBase/DownLoadPublicCommunicationFile?gId=26382 | PDF pages 1–2 for information received, pages 3–4 for formal concerns, and pages 4–5 for questions and investigation requests	2026-07-20	Visible publication metadata and the located source body were checked; the event date was not substituted for the source date. UN Special Procedures records allegations received about forced organ harvesting and discriminatory non-consensual testing, expresses formal concern and asks for legal basis, consent, transplant data, oversight and independent investigation.
falun-gong-persecution	s6	institutional-public	https://www.state.gov/reports/2023-report-on-international-religious-freedom/china/	U.S. Department of State — 2023年國際宗教自由報告：中國	2024-06-26	day	MANUAL_REVIEW_REQUIRED	https://www.state.gov/reports/2023-report-on-international-religious-freedom/china/ | official report title/date and archived report body sections mirrored by ecoi; original State Department link currently returns Technical Difficulties	2026-07-20	The State Department official URL currently returns Technical Difficulties; title, publication date and report body were cross-checked through the preserved ecoi mirror, but the official link remains MANUAL_REVIEW_REQUIRED. The 2023 International Religious Freedom Report records continuing detention, sentencing and pressure; it does not support the July 20 chronology and remains an external manual check at the official URL.
falun-gong-persecution	s7	contemporaneous-independent-media	https://www.washingtonpost.com/archive/politics/1999/07/21/falun-gong-organizers-arrested-in-china/43579bb9-e4bd-4dbd-8ad4-24d2a7d4b4ce/	The Washington Post — Falun Gong Organizers Arrested In China	1999-07-20	day	MANUAL_REVIEW_REQUIRED	https://www.washingtonpost.com/archive/politics/1999/07/21/falun-gong-organizers-arrested-in-china/43579bb9-e4bd-4dbd-8ad4-24d2a7d4b4ce/ | article body lines 9–23, especially lines 19–22	2026-07-20	The visible Washington Post display date is July 20, 1999, while the archive URL and structured datePublished value resolve to July 21 UTC. The visible date is retained and the conflict remains MANUAL_REVIEW_REQUIRED; the July 20 event chronology is independently supported by the article body. The contemporaneous Washington Post report records police detaining organizers in several cities as nationwide operations began on July 20, 1999.
hk-12	s6	independent-media overseas-media transfer-report	https://hongkongfp.com/2021/03/22/eight-hongkongers-return-from-china-after-7-months-in-jail-for-illegal-border-crossing/	Hong Kong Free Press — 八名港人服滿七個月越境刑期後由中國返回香港	2021-03-22	day	VERIFIED_SOURCE_DATE	Eight Hongkongers return from China after seven months in jail for illegal border crossing | published 18:48, 22 March 2021 | article body records Shenzhen Bay Port handover	2026-07-22	HKFP文章記錄八人服滿七個月刑期後於2021-03-22在深圳灣口岸移交香港；香港警方接收、安排隔離並繼續處理本地案件。
jiang-yefei-thailand-deportation	fld-jiang	human-rights-organization case-record	https://www.frontlinedefenders.org/en/case/case-history-jiang-yefei	前線衛士：姜野飛案例記錄	2022-07	month	VERIFIED_SOURCE_DATE	https://www.frontlinedefenders.org/en/case/case-history-jiang-yefei | publication marker on the retrieved source page	2026-07-27	First-publication capture for batch fourteen; date read from the retrieved source page and cross-checked against the citing text.
jiang-yefei-thailand-deportation	cpj-jiang	press-freedom-organization journalist-database	https://cpj.org/data/people/jiang-yefei/	保護記者委員會：姜野飛資料庫條目	2018	year	VERIFIED_SOURCE_DATE	https://cpj.org/data/people/jiang-yefei/ | publication marker on the retrieved source page	2026-07-27	First-publication capture for batch fourteen; date read from the retrieved source page and cross-checked against the citing text.
jiang-yefei-thailand-deportation	rfa-en-2018	independent-media investigative-report	https://www.rfa.org/english/news/china/asylum-trial-07252018154827.html	自由亞洲電台（英文）：兩名遭泰國遣返的難民在重慶受秘密審判	2018-07-25	day	VERIFIED_SOURCE_DATE	https://www.rfa.org/english/news/china/asylum-trial-07252018154827.html | publication marker on the retrieved source page	2026-07-27	First-publication capture for batch fourteen; date read from the retrieved source page and cross-checked against the citing text.
jiang-yefei-thailand-deportation	hrw-2026	human-rights-organization advocacy-statement	https://www.hrw.org/zh-hant/news/2026/07/13/thailand-dont-forcibly-return-chinese-dissidents	人權觀察：泰國不應強制遣返中國異議人士	2026-07-13	day	VERIFIED_SOURCE_DATE	https://www.hrw.org/zh-hant/news/2026/07/13/thailand-dont-forcibly-return-chinese-dissidents | publication marker on the retrieved source page	2026-07-27	First-publication capture for batch fourteen; date read from the retrieved source page and cross-checked against the citing text.
dong-guangping-thailand-deportation	fld-dong	human-rights-organization case-record	https://www.frontlinedefenders.org/en/case/case-history-dong-guangping	前線衛士：董廣平案例記錄	2019-08	month	VERIFIED_SOURCE_DATE	https://www.frontlinedefenders.org/en/case/case-history-dong-guangping | publication marker on the retrieved source page	2026-07-27	First-publication capture for batch fourteen; date read from the retrieved source page and cross-checked against the citing text.
dong-guangping-thailand-deportation	rfa-zh-2023	independent-media news-report	https://www.rfa.org/mandarin/Xinwen/1-11012023105223.html	自由亞洲電台（中文）：董廣平自越南遭遣返後以偷越國境罪服刑期滿獲釋	2023-11-01	day	VERIFIED_SOURCE_DATE	https://www.rfa.org/mandarin/Xinwen/1-11012023105223.html | publication marker on the retrieved source page	2026-07-27	First-publication capture for batch fourteen; date read from the retrieved source page and cross-checked against the citing text.
dong-guangping-thailand-deportation	rfa-en-2018	independent-media investigative-report	https://www.rfa.org/english/news/china/asylum-trial-07252018154827.html	自由亞洲電台（英文）：兩名遭泰國遣返的難民在重慶受秘密審判	2018-07-25	day	VERIFIED_SOURCE_DATE	https://www.rfa.org/english/news/china/asylum-trial-07252018154827.html | publication marker on the retrieved source page	2026-07-27	First-publication capture for batch fourteen; date read from the retrieved source page and cross-checked against the citing text.
dong-guangping-thailand-deportation	hrw-2026	human-rights-organization advocacy-statement	https://www.hrw.org/zh-hant/news/2026/07/13/thailand-dont-forcibly-return-chinese-dissidents	人權觀察：泰國不應強制遣返中國異議人士	2026-07-13	day	VERIFIED_SOURCE_DATE	https://www.hrw.org/zh-hant/news/2026/07/13/thailand-dont-forcibly-return-chinese-dissidents | publication marker on the retrieved source page	2026-07-27	First-publication capture for batch fourteen; date read from the retrieved source page and cross-checked against the citing text.
dong-guangping-thailand-deportation	wiki-dong	secondary-reference encyclopedia-entry	https://zh.wikipedia.org/zh-hans/%E8%91%A3%E5%B9%BF%E5%B9%B3	中文維基百科：董廣平條目（二次來源，僅用於交叉核對日期）	2026	year	VERIFIED_SOURCE_DATE	https://zh.wikipedia.org/zh-hans/%E8%91%A3%E5%B9%BF%E5%B9%B3 | publication marker on the retrieved source page	2026-07-27	First-publication capture for batch fourteen; date read from the retrieved source page and cross-checked against the citing text.
fu-cha-gusa-publisher	fc-s1	independent-media news-agency-report	https://www.cna.com.tw/news/acn/202503260187.aspx	中央通訊社：國台辦證實八旗文化總編輯富察（李延賀）以「煽動分裂國家罪」判刑三年	2025-03-26	day	VERIFIED_SOURCE_DATE	https://www.cna.com.tw/news/acn/202503260187.aspx | publication marker on the retrieved source page	2026-07-27	First-publication capture for batch fourteen; date read from the retrieved source page and cross-checked against the citing text.
fu-cha-gusa-publisher	fc-s2	human-rights-organization advocacy-statement	https://www.hrw.org/news/2025/04/07/china-free-imprisoned-taiwan-publisher	人權觀察：中國應釋放遭監禁的台灣出版人李延賀	2025-04-07	day	VERIFIED_SOURCE_DATE	https://www.hrw.org/news/2025/04/07/china-free-imprisoned-taiwan-publisher | publication marker on the retrieved source page	2026-07-27	First-publication capture for batch fourteen; date read from the retrieved source page and cross-checked against the citing text.
fu-cha-gusa-publisher	fc-s3	independent-media news-report	https://www.taipeitimes.com/News/taiwan/archives/2025/03/26/2003834108	台北時報：台灣出版人李延賀遭上海市第一中級人民法院判處三年徒刑	2025-03-26	day	VERIFIED_SOURCE_DATE	https://www.taipeitimes.com/News/taiwan/archives/2025/03/26/2003834108 | publication marker on the retrieved source page	2026-07-27	First-publication capture for batch fourteen; date read from the retrieved source page and cross-checked against the citing text.
fu-cha-gusa-publisher	fc-s4	independent-media follow-up-report	https://focustaiwan.tw/politics/202606100016	Focus Taiwan（中央社英文）：李延賀刑滿出獄後仍被限制出境、無法返台	2026-06-10	day	VERIFIED_SOURCE_DATE	https://focustaiwan.tw/politics/202606100016 | publication marker on the retrieved source page	2026-07-27	First-publication capture for batch fourteen; date read from the retrieved source page and cross-checked against the citing text.
yiu-man-tin-morning-bell	ym-s1	press-freedom-organization journalist-database	https://cpj.org/data/people/yao-wentian-yiu-man-tin/	保護記者委員會（CPJ）：姚文田（Yiu Man-tin）個案檔案	UNDATED	none	UNDATED_CONFIRMED	https://cpj.org/data/people/yao-wentian-yiu-man-tin/ | 個案檔案頁未標示出版日期	2026-07-27	First-publication capture for batch fourteen; the page was retrieved during the research pass and carries no publication date.
yiu-man-tin-morning-bell	ym-s2	independent-media news-report	https://www.rfa.org/english/news/china/publisher-05072014152027.html	自由亞洲電台（英文）：香港出版人姚文田遭深圳法院以走私罪判處十年	2014-05-07	day	VERIFIED_SOURCE_DATE	https://www.rfa.org/english/news/china/publisher-05072014152027.html | publication marker on the retrieved source page	2026-07-27	First-publication capture for batch fourteen; date read from the retrieved source page and cross-checked against the citing text.
yiu-man-tin-morning-bell	ym-s3	press-freedom-organization alert-bulletin	https://ifex.org/china-sentences-hong-kong-publisher-to-10-years-jail-for-trivial-offence/	IFEX（引述國際記者聯盟）：中國以輕微罪名將香港出版人判囚十年	2014-05	month	VERIFIED_SOURCE_DATE	https://ifex.org/china-sentences-hong-kong-publisher-to-10-years-jail-for-trivial-offence/ | publication marker on the retrieved source page	2026-07-27	First-publication capture for batch fourteen; date read from the retrieved source page and cross-checked against the citing text.
yiu-man-tin-morning-bell	ym-s4	press-freedom-organization advocacy-statement	https://cpj.org/2014/05/hong-kong-publisher-yao-wentian-jailed-for-10-year/	保護記者委員會（CPJ）：香港出版人姚文田被判囚十年	2014-05	month	VERIFIED_SOURCE_DATE	https://cpj.org/2014/05/hong-kong-publisher-yao-wentian-jailed-for-10-year/ | publication marker on the retrieved source page	2026-07-27	First-publication capture for batch fourteen; date read from the retrieved source page and cross-checked against the citing text.
yiu-man-tin-morning-bell	ym-s5	independent-media follow-up-report	https://www.rfa.org/mandarin/Xinwen/3-02282023112503.html	自由亞洲電台（中文）：香港晨鐘出版社出版人姚文田刑滿出獄	2023-02-28	day	VERIFIED_SOURCE_DATE	https://www.rfa.org/mandarin/Xinwen/3-02282023112503.html | publication marker on the retrieved source page	2026-07-27	First-publication capture for batch fourteen; date read from the retrieved source page and cross-checked against the citing text.
sydney-student-secession-case	s1	independent-media investigative-report	https://theinitium.com/20260430-whatsnew-student-allegedly-jailed-china-after-protests-australia/	端傳媒：中國留學生據稱因在澳參加抗議 返國後遭判刑	2026-04-30	day	VERIFIED_SOURCE_DATE	https://theinitium.com/20260430-whatsnew-student-allegedly-jailed-china-after-protests-australia/ | publication marker on the retrieved source page	2026-07-27	First-publication capture for batch fourteen; date read from the retrieved source page and cross-checked against the citing text.
sydney-student-secession-case	s2	independent-media syndicated-report	https://www.chinastrategy.org/2026/04/21/student-allegedly-jailed-in-china-for-six-years-after-taking-part-in-pro-democracy-protests-in-australia/	Chin@Strategy 轉載《衛報》：留學生據稱因在澳參加親民主抗議 在中國被判六年	2026-04-21	day	VERIFIED_SOURCE_DATE	https://www.chinastrategy.org/2026/04/21/student-allegedly-jailed-in-china-for-six-years-after-taking-part-in-pro-democracy-protests-in-australia/ | publication marker on the retrieved source page	2026-07-27	First-publication capture for batch fourteen; date read from the retrieved source page and cross-checked against the citing text.
sydney-student-secession-case	s3	independent-media news-report	https://www.epochtimes.com/gb/26/4/22/n14747008.htm	大紀元：中國留學生在澳參加聲援少數民族集會 返國後被控分裂國家判六年	2026-04-22	day	VERIFIED_SOURCE_DATE	https://www.epochtimes.com/gb/26/4/22/n14747008.htm | publication marker on the retrieved source page	2026-07-27	First-publication capture for batch fourteen; date read from the retrieved source page and cross-checked against the citing text.
sydney-student-secession-case	s4	independent-media syndicated-report	https://lingbaxianzhang.blogspot.com/2026/04/blog-post_917.html	《零八憲章》月刊網站轉載西藏之聲：中國留學生因在澳支持民主活動 返國遭判六年	2026-04-22	day	VERIFIED_SOURCE_DATE	https://lingbaxianzhang.blogspot.com/2026/04/blog-post_917.html | publication marker on the retrieved source page	2026-07-27	First-publication capture for batch fourteen; date read from the retrieved source page and cross-checked against the citing text.
luo-daiqing-twitter-case	s1	independent-media news-report	https://www.rfa.org/english/news/china/tweets-01232020164342.html	自由亞洲電台（英文）：中國留學生因在美國發布的推文在中國被判刑	2020-01-23	day	VERIFIED_SOURCE_DATE	https://www.rfa.org/english/news/china/tweets-01232020164342.html | publication marker on the retrieved source page	2026-07-27	First-publication capture for batch fourteen; date read from the retrieved source page and cross-checked against the citing text.
luo-daiqing-twitter-case	s2	independent-media news-report	https://www.rfa.org/mandarin/yataibaodao/renquanfazhi/hc-01232020103133.html	自由亞洲電台（普通話）：留學生在美發推 返國被以尋釁滋事罪判刑	2020-01-23	day	VERIFIED_SOURCE_DATE	https://www.rfa.org/mandarin/yataibaodao/renquanfazhi/hc-01232020103133.html | publication marker on the retrieved source page	2026-07-27	First-publication capture for batch fourteen; date read from the retrieved source page and cross-checked against the citing text.
luo-daiqing-twitter-case	s3	institutional-public university-tracker	https://freespeechproject.georgetown.edu/tracker-entries/chinese-student-who-studied-abroad-in-minnesota-arrested-and-imprisoned-in-china-for-tweets-he-sent-while-in-the-united-states/	喬治城大學自由表達計劃追蹤條目：在明尼蘇達留學的中國學生因在美所發推文在中國被捕入獄	UNDATED	none	UNDATED_CONFIRMED	https://freespeechproject.georgetown.edu/tracker-entries/chinese-student-who-studied-abroad-in-minnesota-arrested-and-imprisoned-in-china-for-tweets-he-sent-while-in-the-united-states/ | 追蹤條目未標示日期，內容涵蓋至 2020 年初	2026-07-27	First-publication capture for batch fourteen; the page was retrieved during the research pass and carries no publication date.
luo-daiqing-twitter-case	s4	independent-media sector-press-report	https://www.insidehighered.com/news/2020/01/31/prosecution-china-student-tweets-he-posted-while-studying-us-raises-free-speech	Inside Higher Ed：留學期間所發推文在中國遭追訴 引發言論自由關切	2020-01-31	day	VERIFIED_SOURCE_DATE	https://www.insidehighered.com/news/2020/01/31/prosecution-china-student-tweets-he-posted-while-studying-us-raises-free-speech | publication marker on the retrieved source page	2026-07-27	First-publication capture for batch fourteen; date read from the retrieved source page and cross-checked against the citing text.
luo-daiqing-twitter-case	s5	independent-media archive-compilation	https://chinadigitaltimes.net/chinese/658019.html	中國數字時代：近年來中國政府「長臂管轄」下獲罪的海外華人與外籍人士（檔案）	UNDATED	none	UNDATED_CONFIRMED	https://chinadigitaltimes.net/chinese/658019.html | 持續更新的檔案頁，無單一出版日期	2026-07-27	First-publication capture for batch fourteen; the page was retrieved during the research pass and carries no publication date.
yuen-ching-ting-japan-posts	yct-s1	independent-media court-reporting	https://www.rfa.org/cantonese/news/htm/hkcourt/hk-court-girl-11032023042937.html	自由亞洲電台（粵語）：袁靜婷煽動罪案判刑報導	2023-11-03	day	VERIFIED_SOURCE_DATE	https://www.rfa.org/cantonese/news/htm/hkcourt/hk-court-girl-11032023042937.html | publication marker on the retrieved source page	2026-07-27	First-publication capture for batch fourteen; date read from the retrieved source page and cross-checked against the citing text.
yuen-ching-ting-japan-posts	yct-s2	independent-media court-reporting	https://www.rfa.org/cantonese/news/htm/hkcourt/hk-court-student-10262023094825.html	自由亞洲電台（粵語）：袁靜婷認罪報導	2023-10-26	day	VERIFIED_SOURCE_DATE	https://www.rfa.org/cantonese/news/htm/hkcourt/hk-court-student-10262023094825.html | publication marker on the retrieved source page	2026-07-27	First-publication capture for batch fourteen; date read from the retrieved source page and cross-checked against the citing text.
yuen-ching-ting-japan-posts	yct-s3	independent-media news-report	https://photonmedia.net/japstudent-nsl/	光傳媒 Photon Media：在日本留學港生涉煽動案報導	2023	year	VERIFIED_SOURCE_DATE	https://photonmedia.net/japstudent-nsl/ | publication marker on the retrieved source page	2026-07-27	First-publication capture for batch fourteen; date read from the retrieved source page and cross-checked against the citing text.
yuen-ching-ting-japan-posts	yct-s4	independent-media news-report	https://www.taipeitimes.com/News/front/archives/2023/11/06/2003808747	Taipei Times：香港學生因在日本發布帖文被判煽動罪	2023-11-06	day	VERIFIED_SOURCE_DATE	https://www.taipeitimes.com/News/front/archives/2023/11/06/2003808747 | publication marker on the retrieved source page	2026-07-27	First-publication capture for batch fourteen; date read from the retrieved source page and cross-checked against the citing text.
yuen-ching-ting-japan-posts	yct-s5	independent-media court-reporting	https://hkcourtnews.com/%E6%97%A5%E6%9C%AC%E7%95%99%E5%AD%B85%E5%B9%B4%E9%96%93%E7%99%BC%E5%B8%8313%E5%89%87%E6%B6%89%E6%B8%AF%E7%8D%A8%E5%B8%96%E6%96%87%E3%80%8023%E6%AD%B2%E5%A5%B3%E8%AA%8D%E7%85%BD%E5%8B%95%E7%BD%AA/	庭刊：日本留學5年間發布13則涉港獨帖文 23歲女認煽動罪判囚2個月	2023-11-03	day	VERIFIED_SOURCE_DATE	https://hkcourtnews.com/%E6%97%A5%E6%9C%AC%E7%95%99%E5%AD%B85%E5%B9%B4%E9%96%93%E7%99%BC%E5%B8%8313%E5%89%87%E6%B6%89%E6%B8%AF%E7%8D%A8%E5%B8%96%E6%96%87%E3%80%8023%E6%AD%B2%E5%A5%B3%E8%AA%8D%E7%85%BD%E5%8B%95%E7%BD%AA/ | publication marker on the retrieved source page	2026-07-27	First-publication capture for batch fourteen; date read from the retrieved source page and cross-checked against the citing text.
yuen-ching-ting-japan-posts	yct-s6	independent-media legal-comment-report	https://www.voacantonese.com/a/it-reactions-to-hk-student-in-japan-seditious-on-line-post-jailed-for-2-months-20231106-ry/7343279.html	美國之音粵語：留日香港女生網上發涉港獨帖文 認煽動罪判入獄兩月 大律師質疑選擇性執法	2023-11-06	day	VERIFIED_SOURCE_DATE	https://www.voacantonese.com/a/it-reactions-to-hk-student-in-japan-seditious-on-line-post-jailed-for-2-months-20231106-ry/7343279.html | publication marker on the retrieved source page	2026-07-27	First-publication capture for batch fourteen; date read from the retrieved source page and cross-checked against the citing text.
yang-zewei-ban-gfw	yzw-s1	independent-media investigative-report	https://www.rfa.org/english/news/china/china-subversion-08142023125713.html	自由亞洲電台（英文）：反審查倡議者喬鑫鑫在湖南羈押、被控顛覆	2023-08-14	day	VERIFIED_SOURCE_DATE	https://www.rfa.org/english/news/china/china-subversion-08142023125713.html | publication marker on the retrieved source page	2026-07-27	First-publication capture for batch fourteen; date read from the retrieved source page and cross-checked against the citing text.
yang-zewei-ban-gfw	yzw-s2	independent-media news-report	https://www.rfa.org/mandarin/yataibaodao/renquanfazhi/gf-06072023102529.html	自由亞洲電台（中文）：喬鑫鑫在老撾萬象失聯	2023-06-07	day	VERIFIED_SOURCE_DATE	https://www.rfa.org/mandarin/yataibaodao/renquanfazhi/gf-06072023102529.html | publication marker on the retrieved source page	2026-07-27	First-publication capture for batch fourteen; date read from the retrieved source page and cross-checked against the citing text.
yang-zewei-ban-gfw	yzw-s3	human-rights-organization advocacy-statement	https://www.manushyafoundation.org/post/justiceforqiao-chinese-digital-rights-activist-qiao-xinxin-abducted-by-chinese-police-in-laos	Manushya Foundation：#JusticeForQiao 聲明	2023	year	VERIFIED_SOURCE_DATE	https://www.manushyafoundation.org/post/justiceforqiao-chinese-digital-rights-activist-qiao-xinxin-abducted-by-chinese-police-in-laos | publication marker on the retrieved source page	2026-07-27	First-publication capture for batch fourteen; date read from the retrieved source page and cross-checked against the citing text.
yang-zewei-ban-gfw	yzw-s4	human-rights-organization case-record	https://wqw2010.blogspot.com/2024/10/5.html	維權網（民生觀察轉述）：楊澤偉被判五年	2024-10	month	VERIFIED_SOURCE_DATE	https://wqw2010.blogspot.com/2024/10/5.html | publication marker on the retrieved source page	2026-07-27	First-publication capture for batch fourteen; date read from the retrieved source page and cross-checked against the citing text.
yang-zewei-ban-gfw	yzw-s5	independent-media news-report	https://www.epochtimes.com/gb/24/10/12/n14349513.htm	大紀元：楊澤偉以煽動顛覆國家政權罪被判五年	2024-10-12	day	VERIFIED_SOURCE_DATE	https://www.epochtimes.com/gb/24/10/12/n14349513.htm | publication marker on the retrieved source page	2026-07-27	First-publication capture for batch fourteen; date read from the retrieved source page and cross-checked against the citing text.
zhang-yadi-tibet-advocacy	S1	human-rights-organization advocacy-statement	https://www.hrw.org/zh-hans/news/2025/09/23/china-free-student-advocate-for-tibetan-rights	人權觀察（中文稿）：中國：釋放為藏人權利發聲的留學生	2025-09-23	day	VERIFIED_SOURCE_DATE	https://www.hrw.org/zh-hans/news/2025/09/23/china-free-student-advocate-for-tibetan-rights | publication marker on the retrieved source page	2026-07-27	First-publication capture for batch fourteen; date read from the retrieved source page and cross-checked against the citing text.
zhang-yadi-tibet-advocacy	S2	human-rights-organization advocacy-statement	https://www.hrw.org/news/2025/09/23/china-free-student-advocate-for-tibetan-rights	人權觀察（英文稿）：China: Free Student Advocate for Tibetan Rights	2025-09-23	day	VERIFIED_SOURCE_DATE	https://www.hrw.org/news/2025/09/23/china-free-student-advocate-for-tibetan-rights | publication marker on the retrieved source page	2026-07-27	First-publication capture for batch fourteen; date read from the retrieved source page and cross-checked against the citing text.
zhang-yadi-tibet-advocacy	S3	human-rights-organization urgent-appeal	https://www.fidh.org/en/issues/human-rights-defenders/china-incommunicado-detention-and-possible-sentencing-of-ms-zhang	國際人權聯盟／世界禁止酷刑組織人權捍衛者觀察站緊急呼籲：張雅笛遭隔離羈押並可能被判刑	2026-02-12	day	VERIFIED_SOURCE_DATE	https://www.fidh.org/en/issues/human-rights-defenders/china-incommunicado-detention-and-possible-sentencing-of-ms-zhang | publication marker on the retrieved source page	2026-07-27	First-publication capture for batch fourteen; date read from the retrieved source page and cross-checked against the citing text.
zhang-yadi-tibet-advocacy	S4	human-rights-organization case-record	https://tibetwatch.org/chinese-international-student-who-promoted-tibetan-culture-faces-criminal-charges/	Tibet Watch：推廣藏人文化的中國留學生面臨刑事指控	2025-09-23	day	VERIFIED_SOURCE_DATE	https://tibetwatch.org/chinese-international-student-who-promoted-tibetan-culture-faces-criminal-charges/ | publication marker on the retrieved source page	2026-07-27	First-publication capture for batch fourteen; date read from the retrieved source page and cross-checked against the citing text.
zhang-yadi-tibet-advocacy	S5	independent-media news-agency-report	https://www.yahoo.com/news/articles/chinese-student-known-pro-tibet-155923134.html	美聯社：以挺藏倡議聞名的中國留學生遭拘押（Yahoo News轉載全文）	2025-09-26	day	VERIFIED_SOURCE_DATE	https://www.yahoo.com/news/articles/chinese-student-known-pro-tibet-155923134.html | publication marker on the retrieved source page	2026-07-27	First-publication capture for batch fourteen; date read from the retrieved source page and cross-checked against the citing text.
zhang-yadi-tibet-advocacy	S6	independent-media case-record	https://diyin.org/article/2025/10/tara-zhang-yadi/	底噪：張雅笛（Tara）案記錄	2025-10	month	VERIFIED_SOURCE_DATE	https://diyin.org/article/2025/10/tara-zhang-yadi/ | publication marker on the retrieved source page	2026-07-27	First-publication capture for batch fourteen; date read from the retrieved source page and cross-checked against the citing text.
zhang-yadi-tibet-advocacy	S7	human-rights-organization annual-rights-report	https://www.hrw.org/world-report/2026/country-chapters/china	人權觀察《2026年世界報告》中國章節	2026	year	VERIFIED_SOURCE_DATE	https://www.hrw.org/world-report/2026/country-chapters/china | publication marker on the retrieved source page	2026-07-27	First-publication capture for batch fourteen; date read from the retrieved source page and cross-checked against the citing text.
hu-yang-leiden-student	S1	human-rights-organization case-record	https://wqw2010.blogspot.com/2025/11/blog-post_12.html	維權網：荷蘭留學生胡洋案情及簡歷通報	2025-11-12	day	VERIFIED_SOURCE_DATE	https://wqw2010.blogspot.com/2025/11/blog-post_12.html | publication marker on the retrieved source page	2026-07-27	First-publication capture for batch fourteen; date read from the retrieved source page and cross-checked against the citing text.
hu-yang-leiden-student	S2	human-rights-organization trial-report	https://wqw2010.blogspot.com/2026/07/blog-post_327.html	維權網：胡洋案一審開庭未當庭宣判	2026-07	month	VERIFIED_SOURCE_DATE	https://wqw2010.blogspot.com/2026/07/blog-post_327.html | publication marker on the retrieved source page	2026-07-27	First-publication capture for batch fourteen; date read from the retrieved source page and cross-checked against the citing text.
hu-yang-leiden-student	S3	human-rights-organization advocacy-statement	https://www.chinaaid.net/2025/09/blog-post.html	對華援助協會：荷蘭留學生胡洋回國即遭羈押，母親稱其因言獲罪	2025-09-01	day	VERIFIED_SOURCE_DATE	https://www.chinaaid.net/2025/09/blog-post.html | publication marker on the retrieved source page	2026-07-27	First-publication capture for batch fourteen; date read from the retrieved source page and cross-checked against the citing text.
hu-yang-leiden-student	S4	human-rights-organization advocacy-statement	https://news.hrichina.org/p/chinese-student-detained-in-secrecy	中國人權（HRIC）：中國留學生遭秘密羈押	2025-09	month	VERIFIED_SOURCE_DATE	https://news.hrichina.org/p/chinese-student-detained-in-secrecy | publication marker on the retrieved source page	2026-07-27	First-publication capture for batch fourteen; date read from the retrieved source page and cross-checked against the citing text.
hu-yang-leiden-student	S5	human-rights-organization case-record	https://www.chinahrc.org/content/41190/	權利運動：胡洋、吳昊宇被抓捕情況通報	2025-11	month	VERIFIED_SOURCE_DATE	https://www.chinahrc.org/content/41190/ | publication marker on the retrieved source page	2026-07-27	First-publication capture for batch fourteen; date read from the retrieved source page and cross-checked against the citing text.
hu-yang-leiden-student	S6	human-rights-organization prisoner-database	https://tenchu.org/pocd/public/pocs/4372	天鑄·中國大陸良心犯資料庫：胡洋條目	2025-11-06	day	VERIFIED_SOURCE_DATE	https://tenchu.org/pocd/public/pocs/4372 | publication marker on the retrieved source page	2026-07-27	First-publication capture for batch fourteen; date read from the retrieved source page and cross-checked against the citing text.
yiu-man-tin-morning-bell	ym-s6	human-rights-organization advocacy-statement	https://duihua.org/dui-hua-welcomes-the-release-of-yao-wentian/	對話基金會：歡迎姚文田獲釋	2023-03-01	day	VERIFIED_SOURCE_DATE	https://duihua.org/dui-hua-welcomes-the-release-of-yao-wentian/ | publication marker on the retrieved source page	2026-07-29	Added in batch fourteen after an independent re-check found the 26 February 2023 release date was not carried by the sources then cited; this statement carries it.
